2025-09-21 14:55:41 | INFO     | __main__:main:41 - Starting Trading Bot System
2025-09-21 14:55:41 | INFO     | src.bot_manager:run:201 - Starting Bot Manager
2025-09-21 14:55:41 | INFO     | src.bot_manager:load_bot_configs:32 - Loaded 11 bot configurations
2025-09-21 14:55:42 | INFO     | src.database:_connect:31 - Connected to PostgreSQL database
2025-09-21 14:55:42 | ERROR    | src.bot:initialize:81 - Failed to initialize bot BTC Scalper: 'DatabaseManager' object has no attribute 'create_tables'
2025-09-21 14:55:42 | ERROR    | src.database:update_bot_status:110 - Error updating bot status: invalid input syntax for type uuid: "btc_scalper_binance"
LINE 1: ...ated_at = '2025-09-21T07:55:42.680113' WHERE id = 'btc_scalp...
                                                             ^

2025-09-21 14:55:42 | ERROR    | src.bot_manager:start_bot:101 - Failed to start bot btc_scalper_binance: invalid input syntax for type uuid: "btc_scalper_binance"
LINE 1: ...ated_at = '2025-09-21T07:55:42.680113' WHERE id = 'btc_scalp...
                                                             ^

2025-09-21 14:55:43 | INFO     | src.database:_connect:31 - Connected to PostgreSQL database
2025-09-21 14:55:43 | ERROR    | src.bot:initialize:81 - Failed to initialize bot ETH Grid Bot: 'DatabaseManager' object has no attribute 'create_tables'
2025-09-21 14:55:43 | ERROR    | src.database:update_bot_status:110 - Error updating bot status: invalid input syntax for type uuid: "eth_grid_binance"
LINE 1: ...ated_at = '2025-09-21T07:55:43.044057' WHERE id = 'eth_grid_...
                                                             ^

2025-09-21 14:55:43 | ERROR    | src.bot_manager:start_bot:101 - Failed to start bot eth_grid_binance: invalid input syntax for type uuid: "eth_grid_binance"
LINE 1: ...ated_at = '2025-09-21T07:55:43.044057' WHERE id = 'eth_grid_...
                                                             ^

2025-09-21 14:55:43 | INFO     | src.database:_connect:31 - Connected to PostgreSQL database
2025-09-21 14:55:43 | ERROR    | src.bot:initialize:81 - Failed to initialize bot ADA DCA Bot: 'DatabaseManager' object has no attribute 'create_tables'
2025-09-21 14:55:43 | ERROR    | src.database:update_bot_status:110 - Error updating bot status: invalid input syntax for type uuid: "ada_dca_binance"
LINE 1: ...ated_at = '2025-09-21T07:55:43.377002' WHERE id = 'ada_dca_b...
                                                             ^

2025-09-21 14:55:43 | ERROR    | src.bot_manager:start_bot:101 - Failed to start bot ada_dca_binance: invalid input syntax for type uuid: "ada_dca_binance"
LINE 1: ...ated_at = '2025-09-21T07:55:43.377002' WHERE id = 'ada_dca_b...
                                                             ^

2025-09-21 14:55:43 | INFO     | src.database:_connect:31 - Connected to PostgreSQL database
2025-09-21 14:55:43 | ERROR    | src.bot:initialize:81 - Failed to initialize bot BTC Long Term: 'DatabaseManager' object has no attribute 'create_tables'
2025-09-21 14:55:43 | ERROR    | src.database:update_bot_status:110 - Error updating bot status: invalid input syntax for type uuid: "btc_long_coinbase"
LINE 1: ...ated_at = '2025-09-21T07:55:43.704619' WHERE id = 'btc_long_...
                                                             ^

2025-09-21 14:55:43 | ERROR    | src.bot_manager:start_bot:101 - Failed to start bot btc_long_coinbase: invalid input syntax for type uuid: "btc_long_coinbase"
LINE 1: ...ated_at = '2025-09-21T07:55:43.704619' WHERE id = 'btc_long_...
                                                             ^

2025-09-21 14:55:44 | INFO     | src.database:_connect:31 - Connected to PostgreSQL database
2025-09-21 14:55:44 | ERROR    | src.bot:initialize:81 - Failed to initialize bot ETH Swing: 'DatabaseManager' object has no attribute 'create_tables'
2025-09-21 14:55:44 | ERROR    | src.database:update_bot_status:110 - Error updating bot status: invalid input syntax for type uuid: "eth_swing_coinbase"
LINE 1: ...ated_at = '2025-09-21T07:55:44.017039' WHERE id = 'eth_swing...
                                                             ^

2025-09-21 14:55:44 | ERROR    | src.bot_manager:start_bot:101 - Failed to start bot eth_swing_coinbase: invalid input syntax for type uuid: "eth_swing_coinbase"
LINE 1: ...ated_at = '2025-09-21T07:55:44.017039' WHERE id = 'eth_swing...
                                                             ^

2025-09-21 14:55:44 | INFO     | src.database:_connect:31 - Connected to PostgreSQL database
2025-09-21 14:55:44 | ERROR    | src.bot:initialize:81 - Failed to initialize bot PTT Momentum: 'DatabaseManager' object has no attribute 'create_tables'
2025-09-21 14:55:44 | ERROR    | src.database:update_bot_status:110 - Error updating bot status: invalid input syntax for type uuid: "ptt_momentum_innovestx"
LINE 1: ...ated_at = '2025-09-21T07:55:44.338787' WHERE id = 'ptt_momen...
                                                             ^

2025-09-21 14:55:44 | ERROR    | src.bot_manager:start_bot:101 - Failed to start bot ptt_momentum_innovestx: invalid input syntax for type uuid: "ptt_momentum_innovestx"
LINE 1: ...ated_at = '2025-09-21T07:55:44.338787' WHERE id = 'ptt_momen...
                                                             ^

2025-09-21 14:55:44 | INFO     | src.database:_connect:31 - Connected to PostgreSQL database
2025-09-21 14:55:44 | ERROR    | src.bot:initialize:81 - Failed to initialize bot CPALL Grid Bot: 'DatabaseManager' object has no attribute 'create_tables'
2025-09-21 14:55:44 | ERROR    | src.database:update_bot_status:110 - Error updating bot status: invalid input syntax for type uuid: "cpall_grid_innovestx"
LINE 1: ...ated_at = '2025-09-21T07:55:44.648214' WHERE id = 'cpall_gri...
                                                             ^

2025-09-21 14:55:44 | ERROR    | src.bot_manager:start_bot:101 - Failed to start bot cpall_grid_innovestx: invalid input syntax for type uuid: "cpall_grid_innovestx"
LINE 1: ...ated_at = '2025-09-21T07:55:44.648214' WHERE id = 'cpall_gri...
                                                             ^

2025-09-21 14:55:44 | INFO     | src.database:_connect:31 - Connected to PostgreSQL database
2025-09-21 14:55:44 | ERROR    | src.bot:initialize:81 - Failed to initialize bot KBANK Swing: 'DatabaseManager' object has no attribute 'create_tables'
2025-09-21 14:55:45 | ERROR    | src.database:update_bot_status:110 - Error updating bot status: invalid input syntax for type uuid: "kbank_swing_innovestx"
LINE 1: ...ated_at = '2025-09-21T07:55:44.954007' WHERE id = 'kbank_swi...
                                                             ^

2025-09-21 14:55:45 | ERROR    | src.bot_manager:start_bot:101 - Failed to start bot kbank_swing_innovestx: invalid input syntax for type uuid: "kbank_swing_innovestx"
LINE 1: ...ated_at = '2025-09-21T07:55:44.954007' WHERE id = 'kbank_swi...
                                                             ^

2025-09-21 14:55:45 | INFO     | src.database:_connect:31 - Connected to PostgreSQL database
2025-09-21 14:55:45 | ERROR    | src.bot:initialize:81 - Failed to initialize bot Thai Multi-Sector Bot: 'DatabaseManager' object has no attribute 'create_tables'
2025-09-21 14:55:45 | ERROR    | src.database:update_bot_status:110 - Error updating bot status: invalid input syntax for type uuid: "thai_multi_sector_innovestx"
LINE 1: ...ated_at = '2025-09-21T07:55:45.275325' WHERE id = 'thai_mult...
                                                             ^

2025-09-21 14:55:45 | ERROR    | src.bot_manager:start_bot:101 - Failed to start bot thai_multi_sector_innovestx: invalid input syntax for type uuid: "thai_multi_sector_innovestx"
LINE 1: ...ated_at = '2025-09-21T07:55:45.275325' WHERE id = 'thai_mult...
                                                             ^

2025-09-21 14:55:45 | INFO     | src.database:_connect:31 - Connected to PostgreSQL database
2025-09-21 14:55:45 | ERROR    | src.bot:initialize:81 - Failed to initialize bot BTC Grid Binance TH: 'DatabaseManager' object has no attribute 'create_tables'
2025-09-21 14:55:45 | ERROR    | src.database:update_bot_status:110 - Error updating bot status: invalid input syntax for type uuid: "btc_grid_binance_th"
LINE 1: ...ated_at = '2025-09-21T07:55:45.603827' WHERE id = 'btc_grid_...
                                                             ^

2025-09-21 14:55:45 | ERROR    | src.bot_manager:start_bot:101 - Failed to start bot btc_grid_binance_th: invalid input syntax for type uuid: "btc_grid_binance_th"
LINE 1: ...ated_at = '2025-09-21T07:55:45.603827' WHERE id = 'btc_grid_...
                                                             ^

2025-09-21 14:55:45 | INFO     | src.database:_connect:31 - Connected to PostgreSQL database
2025-09-21 14:55:45 | ERROR    | src.bot:initialize:81 - Failed to initialize bot ETH Momentum Binance TH: 'DatabaseManager' object has no attribute 'create_tables'
2025-09-21 14:55:46 | ERROR    | src.database:update_bot_status:110 - Error updating bot status: invalid input syntax for type uuid: "eth_momentum_binance_th"
LINE 1: ...ated_at = '2025-09-21T07:55:45.930892' WHERE id = 'eth_momen...
                                                             ^

2025-09-21 14:55:46 | ERROR    | src.bot_manager:start_bot:101 - Failed to start bot eth_momentum_binance_th: invalid input syntax for type uuid: "eth_momentum_binance_th"
LINE 1: ...ated_at = '2025-09-21T07:55:45.930892' WHERE id = 'eth_momen...
                                                             ^

2025-09-21 14:55:46 | INFO     | src.bot_manager:start_all_bots:143 - Started 0 trading bots
2025-09-21 14:55:52 | INFO     | src.bot_manager:stop_all_bots:157 - Stopped all trading bots
2025-09-21 14:55:52 | INFO     | src.bot_manager:run:221 - Bot Manager stopped
2025-09-21 15:16:50 | INFO     | __main__:main:41 - Starting Trading Bot System
2025-09-21 15:16:50 | INFO     | src.bot_manager:run:201 - Starting Bot Manager
2025-09-21 15:16:50 | INFO     | src.bot_manager:load_bot_configs:32 - Loaded 11 bot configurations
2025-09-21 15:16:50 | INFO     | src.database:_connect:31 - Connected to PostgreSQL database
2025-09-21 15:16:50 | INFO     | src.database:create_tables:113 - Database tables created successfully
2025-09-21 15:16:50 | DEBUG    | src.database:register_platform:287 - Platform binance already exists
2025-09-21 15:16:50 | INFO     | src.database:register_bot:354 - Bot btc_scalper_binance registered with ID d670f5bd-d334-4228-bf10-930decd14a31
2025-09-21 15:16:52 | INFO     | src.exchanges.binance_exchange:connect:30 - Connected to Binance (sandbox)
2025-09-21 15:16:52 | INFO     | src.database:update_bot_status:189 - Bot d670f5bd-d334-4228-bf10-930decd14a31 status updated to running
2025-09-21 15:16:52 | ERROR    | src.bot:initialize:82 - Failed to initialize bot BTC Scalper: object NoneType can't be used in 'await' expression
2025-09-21 15:16:52 | INFO     | src.database:update_bot_status:189 - Bot d670f5bd-d334-4228-bf10-930decd14a31 status updated to error
2025-09-21 15:16:52 | ERROR    | src.bot_manager:start_bot:101 - Failed to start bot btc_scalper_binance: object NoneType can't be used in 'await' expression
2025-09-21 15:16:52 | INFO     | src.database:_connect:31 - Connected to PostgreSQL database
2025-09-21 15:16:53 | INFO     | src.database:create_tables:113 - Database tables created successfully
2025-09-21 15:16:53 | DEBUG    | src.database:register_platform:287 - Platform binance already exists
2025-09-21 15:16:53 | INFO     | src.database:register_bot:354 - Bot eth_grid_binance registered with ID 4de519c6-7379-44d9-8df2-9f4c941d1d3b
2025-09-21 15:16:54 | INFO     | src.exchanges.binance_exchange:connect:30 - Connected to Binance (sandbox)
2025-09-21 15:16:54 | INFO     | src.database:update_bot_status:189 - Bot 4de519c6-7379-44d9-8df2-9f4c941d1d3b status updated to running
2025-09-21 15:16:54 | ERROR    | src.bot:initialize:82 - Failed to initialize bot ETH Grid Bot: object NoneType can't be used in 'await' expression
2025-09-21 15:16:54 | INFO     | src.database:update_bot_status:189 - Bot 4de519c6-7379-44d9-8df2-9f4c941d1d3b status updated to error
2025-09-21 15:16:54 | ERROR    | src.bot_manager:start_bot:101 - Failed to start bot eth_grid_binance: object NoneType can't be used in 'await' expression
2025-09-21 15:16:54 | INFO     | src.database:_connect:31 - Connected to PostgreSQL database
2025-09-21 15:16:54 | INFO     | src.database:create_tables:113 - Database tables created successfully
2025-09-21 15:16:54 | DEBUG    | src.database:register_platform:287 - Platform binance already exists
2025-09-21 15:16:54 | INFO     | src.database:register_bot:354 - Bot ada_dca_binance registered with ID 3050619d-c54b-49ba-a4f4-e328aba8a227
2025-09-21 15:16:55 | INFO     | src.exchanges.binance_exchange:connect:30 - Connected to Binance (sandbox)
2025-09-21 15:16:55 | INFO     | src.database:update_bot_status:189 - Bot 3050619d-c54b-49ba-a4f4-e328aba8a227 status updated to running
2025-09-21 15:16:55 | ERROR    | src.bot:initialize:82 - Failed to initialize bot ADA DCA Bot: object NoneType can't be used in 'await' expression
2025-09-21 15:16:55 | INFO     | src.database:update_bot_status:189 - Bot 3050619d-c54b-49ba-a4f4-e328aba8a227 status updated to error
2025-09-21 15:16:55 | ERROR    | src.bot_manager:start_bot:101 - Failed to start bot ada_dca_binance: object NoneType can't be used in 'await' expression
2025-09-21 15:16:56 | INFO     | src.database:_connect:31 - Connected to PostgreSQL database
2025-09-21 15:16:56 | INFO     | src.database:create_tables:113 - Database tables created successfully
2025-09-21 15:16:56 | INFO     | src.database:register_platform:302 - Platform coinbase registered successfully
2025-09-21 15:16:56 | INFO     | src.database:register_bot:354 - Bot btc_long_coinbase registered with ID b627a9ae-22a7-45f8-b5b9-45a9c219f298
2025-09-21 15:16:56 | ERROR    | src.bot:initialize:82 - Failed to initialize bot BTC Long Term: Unsupported platform: coinbase
2025-09-21 15:16:56 | INFO     | src.database:update_bot_status:189 - Bot b627a9ae-22a7-45f8-b5b9-45a9c219f298 status updated to error
2025-09-21 15:16:56 | ERROR    | src.bot_manager:start_bot:101 - Failed to start bot btc_long_coinbase: object NoneType can't be used in 'await' expression
2025-09-21 15:16:57 | INFO     | src.database:_connect:31 - Connected to PostgreSQL database
2025-09-21 15:16:57 | INFO     | src.database:create_tables:113 - Database tables created successfully
2025-09-21 15:16:57 | DEBUG    | src.database:register_platform:287 - Platform coinbase already exists
2025-09-21 15:16:57 | INFO     | src.database:register_bot:354 - Bot eth_swing_coinbase registered with ID 09f08fe4-5358-4708-b06f-311e13cad54f
2025-09-21 15:16:57 | ERROR    | src.bot:initialize:82 - Failed to initialize bot ETH Swing: Unsupported platform: coinbase
2025-09-21 15:16:57 | INFO     | src.database:update_bot_status:189 - Bot 09f08fe4-5358-4708-b06f-311e13cad54f status updated to error
2025-09-21 15:16:57 | ERROR    | src.bot_manager:start_bot:101 - Failed to start bot eth_swing_coinbase: object NoneType can't be used in 'await' expression
2025-09-21 15:16:57 | INFO     | src.database:_connect:31 - Connected to PostgreSQL database
2025-09-21 15:16:57 | INFO     | src.database:create_tables:113 - Database tables created successfully
2025-09-21 15:16:58 | INFO     | src.database:register_platform:302 - Platform innovestx registered successfully
2025-09-21 15:16:58 | INFO     | src.database:register_bot:354 - Bot ptt_momentum_innovestx registered with ID 5524a407-1c50-44a0-ad0f-bcc186b31da6
2025-09-21 15:16:58 | ERROR    | src.exchanges.innovestx_exchange:_make_request:127 - InnovestX request failed: 'NoneType' object has no attribute 'encode'
2025-09-21 15:16:58 | ERROR    | src.exchanges.innovestx_exchange:connect:56 - Failed to authenticate with InnovestX
2025-09-21 15:16:58 | ERROR    | src.bot:initialize:69 - Failed to connect to exchange for bot PTT Momentum
2025-09-21 15:16:58 | ERROR    | src.bot_manager:start_bot:88 - Failed to initialize bot ptt_momentum_innovestx
2025-09-21 15:16:58 | INFO     | src.database:_connect:31 - Connected to PostgreSQL database
2025-09-21 15:16:58 | INFO     | src.database:create_tables:113 - Database tables created successfully
2025-09-21 15:16:58 | DEBUG    | src.database:register_platform:287 - Platform innovestx already exists
2025-09-21 15:16:58 | INFO     | src.database:register_bot:354 - Bot cpall_grid_innovestx registered with ID 37d23a1a-63df-45fe-a7c7-73c54882d682
2025-09-21 15:16:58 | ERROR    | src.exchanges.innovestx_exchange:_make_request:127 - InnovestX request failed: 'NoneType' object has no attribute 'encode'
2025-09-21 15:16:58 | ERROR    | src.exchanges.innovestx_exchange:connect:56 - Failed to authenticate with InnovestX
2025-09-21 15:16:58 | ERROR    | src.bot:initialize:69 - Failed to connect to exchange for bot CPALL Grid Bot
2025-09-21 15:16:58 | ERROR    | src.bot_manager:start_bot:88 - Failed to initialize bot cpall_grid_innovestx
2025-09-21 15:16:58 | INFO     | src.database:_connect:31 - Connected to PostgreSQL database
2025-09-21 15:16:59 | INFO     | src.database:create_tables:113 - Database tables created successfully
2025-09-21 15:16:59 | DEBUG    | src.database:register_platform:287 - Platform innovestx already exists
2025-09-21 15:16:59 | INFO     | src.database:register_bot:354 - Bot kbank_swing_innovestx registered with ID 8e8e1ba8-fa40-442a-baf1-dcee905b04f6
2025-09-21 15:16:59 | ERROR    | src.exchanges.innovestx_exchange:_make_request:127 - InnovestX request failed: 'NoneType' object has no attribute 'encode'
2025-09-21 15:16:59 | ERROR    | src.exchanges.innovestx_exchange:connect:56 - Failed to authenticate with InnovestX
2025-09-21 15:16:59 | ERROR    | src.bot:initialize:69 - Failed to connect to exchange for bot KBANK Swing
2025-09-21 15:16:59 | ERROR    | src.bot_manager:start_bot:88 - Failed to initialize bot kbank_swing_innovestx
2025-09-21 15:16:59 | INFO     | src.database:_connect:31 - Connected to PostgreSQL database
2025-09-21 15:16:59 | INFO     | src.database:create_tables:113 - Database tables created successfully
2025-09-21 15:16:59 | DEBUG    | src.database:register_platform:287 - Platform innovestx already exists
2025-09-21 15:16:59 | INFO     | src.database:register_bot:354 - Bot thai_multi_sector_innovestx registered with ID fe82324c-0e15-4d9a-893e-45a99ead6e10
2025-09-21 15:16:59 | ERROR    | src.exchanges.innovestx_exchange:_make_request:127 - InnovestX request failed: 'NoneType' object has no attribute 'encode'
2025-09-21 15:16:59 | ERROR    | src.exchanges.innovestx_exchange:connect:56 - Failed to authenticate with InnovestX
2025-09-21 15:16:59 | ERROR    | src.bot:initialize:69 - Failed to connect to exchange for bot Thai Multi-Sector Bot
2025-09-21 15:16:59 | ERROR    | src.bot_manager:start_bot:88 - Failed to initialize bot thai_multi_sector_innovestx
2025-09-21 15:17:00 | INFO     | src.database:_connect:31 - Connected to PostgreSQL database
2025-09-21 15:17:00 | INFO     | src.database:create_tables:113 - Database tables created successfully
2025-09-21 15:17:00 | INFO     | src.database:register_platform:302 - Platform binance_th registered successfully
2025-09-21 15:17:00 | INFO     | src.database:register_bot:354 - Bot btc_grid_binance_th registered with ID 3bd54ecf-276a-4de4-bdc5-891fc5ba8ee0
2025-09-21 15:17:01 | INFO     | src.exchanges.binance_th_exchange:connect:36 - Connected to Binance TH (test mode)
2025-09-21 15:17:01 | INFO     | src.database:update_bot_status:189 - Bot 3bd54ecf-276a-4de4-bdc5-891fc5ba8ee0 status updated to running
2025-09-21 15:17:01 | ERROR    | src.bot:initialize:82 - Failed to initialize bot BTC Grid Binance TH: object NoneType can't be used in 'await' expression
2025-09-21 15:17:01 | INFO     | src.database:update_bot_status:189 - Bot 3bd54ecf-276a-4de4-bdc5-891fc5ba8ee0 status updated to error
2025-09-21 15:17:01 | ERROR    | src.bot_manager:start_bot:101 - Failed to start bot btc_grid_binance_th: object NoneType can't be used in 'await' expression
2025-09-21 15:17:01 | INFO     | src.database:_connect:31 - Connected to PostgreSQL database
2025-09-21 15:17:01 | INFO     | src.database:create_tables:113 - Database tables created successfully
2025-09-21 15:17:01 | DEBUG    | src.database:register_platform:287 - Platform binance_th already exists
2025-09-21 15:17:01 | INFO     | src.database:register_bot:354 - Bot eth_momentum_binance_th registered with ID 53834af7-09d6-4312-b695-b1858adc10f5
2025-09-21 15:17:02 | INFO     | src.exchanges.binance_th_exchange:connect:36 - Connected to Binance TH (test mode)
2025-09-21 15:17:02 | INFO     | src.database:update_bot_status:189 - Bot 53834af7-09d6-4312-b695-b1858adc10f5 status updated to running
2025-09-21 15:17:02 | ERROR    | src.bot:initialize:82 - Failed to initialize bot ETH Momentum Binance TH: object NoneType can't be used in 'await' expression
2025-09-21 15:17:02 | INFO     | src.database:update_bot_status:189 - Bot 53834af7-09d6-4312-b695-b1858adc10f5 status updated to error
2025-09-21 15:17:02 | ERROR    | src.bot_manager:start_bot:101 - Failed to start bot eth_momentum_binance_th: object NoneType can't be used in 'await' expression
2025-09-21 15:17:02 | INFO     | src.bot_manager:start_all_bots:143 - Started 0 trading bots
2025-09-21 19:23:07 | INFO     | __main__:main:41 - Starting Trading Bot System
2025-09-21 19:23:07 | INFO     | src.bot_manager:run:201 - Starting Bot Manager
2025-09-21 19:23:07 | INFO     | src.bot_manager:load_bot_configs:32 - Loaded 11 bot configurations
2025-09-21 19:23:07 | INFO     | src.database:_connect:31 - Connected to PostgreSQL database
2025-09-21 19:23:08 | INFO     | src.database:create_tables:113 - Database tables created successfully
2025-09-21 19:23:08 | DEBUG    | src.database:register_platform:289 - Platform binance already exists
2025-09-21 19:23:08 | DEBUG    | src.database:register_bot:328 - Bot btc_scalper_binance already exists with ID d670f5bd-d334-4228-bf10-930decd14a31
2025-09-21 19:23:11 | INFO     | src.exchanges.binance_exchange:connect:33 - Connected to Binance (sandbox)
2025-09-21 19:23:11 | INFO     | src.database:update_bot_status:189 - Bot d670f5bd-d334-4228-bf10-930decd14a31 status updated to running
2025-09-21 19:23:11 | ERROR    | src.bot:initialize:82 - Failed to initialize bot BTC Scalper: object NoneType can't be used in 'await' expression
2025-09-21 19:23:11 | INFO     | src.database:update_bot_status:189 - Bot d670f5bd-d334-4228-bf10-930decd14a31 status updated to error
2025-09-21 19:23:11 | ERROR    | src.bot_manager:start_bot:101 - Failed to start bot btc_scalper_binance: object NoneType can't be used in 'await' expression
2025-09-21 19:23:12 | INFO     | src.database:_connect:31 - Connected to PostgreSQL database
2025-09-21 19:23:12 | INFO     | src.database:create_tables:113 - Database tables created successfully
2025-09-21 19:23:12 | DEBUG    | src.database:register_platform:289 - Platform binance already exists
2025-09-21 19:23:12 | DEBUG    | src.database:register_bot:328 - Bot eth_grid_binance already exists with ID 4de519c6-7379-44d9-8df2-9f4c941d1d3b
2025-09-21 19:23:14 | INFO     | src.exchanges.binance_exchange:connect:33 - Connected to Binance (sandbox)
2025-09-21 19:23:14 | INFO     | src.database:update_bot_status:189 - Bot 4de519c6-7379-44d9-8df2-9f4c941d1d3b status updated to running
2025-09-21 19:23:14 | ERROR    | src.bot:initialize:82 - Failed to initialize bot ETH Grid Bot: object NoneType can't be used in 'await' expression
2025-09-21 19:23:15 | INFO     | src.database:update_bot_status:189 - Bot 4de519c6-7379-44d9-8df2-9f4c941d1d3b status updated to error
2025-09-21 19:23:15 | ERROR    | src.bot_manager:start_bot:101 - Failed to start bot eth_grid_binance: object NoneType can't be used in 'await' expression
2025-09-21 19:23:15 | INFO     | src.database:_connect:31 - Connected to PostgreSQL database
2025-09-21 19:23:15 | INFO     | src.database:create_tables:113 - Database tables created successfully
2025-09-21 19:23:15 | DEBUG    | src.database:register_platform:289 - Platform binance already exists
2025-09-21 19:23:15 | DEBUG    | src.database:register_bot:328 - Bot ada_dca_binance already exists with ID 3050619d-c54b-49ba-a4f4-e328aba8a227
2025-09-21 19:23:17 | INFO     | src.exchanges.binance_exchange:connect:33 - Connected to Binance (sandbox)
2025-09-21 19:23:18 | INFO     | src.database:update_bot_status:189 - Bot 3050619d-c54b-49ba-a4f4-e328aba8a227 status updated to running
2025-09-21 19:23:18 | ERROR    | src.bot:initialize:82 - Failed to initialize bot ADA DCA Bot: object NoneType can't be used in 'await' expression
2025-09-21 19:23:18 | INFO     | src.database:update_bot_status:189 - Bot 3050619d-c54b-49ba-a4f4-e328aba8a227 status updated to error
2025-09-21 19:23:18 | ERROR    | src.bot_manager:start_bot:101 - Failed to start bot ada_dca_binance: object NoneType can't be used in 'await' expression
2025-09-21 19:23:18 | INFO     | src.database:_connect:31 - Connected to PostgreSQL database
2025-09-21 19:23:18 | INFO     | src.database:create_tables:113 - Database tables created successfully
2025-09-21 19:23:18 | DEBUG    | src.database:register_platform:289 - Platform coinbase already exists
2025-09-21 19:23:18 | DEBUG    | src.database:register_bot:328 - Bot btc_long_coinbase already exists with ID b627a9ae-22a7-45f8-b5b9-45a9c219f298
2025-09-21 19:23:18 | ERROR    | src.bot:initialize:82 - Failed to initialize bot BTC Long Term: Unsupported platform: coinbase
2025-09-21 19:23:18 | INFO     | src.database:update_bot_status:189 - Bot b627a9ae-22a7-45f8-b5b9-45a9c219f298 status updated to error
2025-09-21 19:23:18 | ERROR    | src.bot_manager:start_bot:101 - Failed to start bot btc_long_coinbase: object NoneType can't be used in 'await' expression
2025-09-21 19:23:18 | INFO     | src.database:_connect:31 - Connected to PostgreSQL database
2025-09-21 19:23:19 | INFO     | src.database:create_tables:113 - Database tables created successfully
2025-09-21 19:23:19 | DEBUG    | src.database:register_platform:289 - Platform coinbase already exists
2025-09-21 19:23:19 | DEBUG    | src.database:register_bot:328 - Bot eth_swing_coinbase already exists with ID 09f08fe4-5358-4708-b06f-311e13cad54f
2025-09-21 19:23:19 | ERROR    | src.bot:initialize:82 - Failed to initialize bot ETH Swing: Unsupported platform: coinbase
2025-09-21 19:23:19 | INFO     | src.database:update_bot_status:189 - Bot 09f08fe4-5358-4708-b06f-311e13cad54f status updated to error
2025-09-21 19:23:19 | ERROR    | src.bot_manager:start_bot:101 - Failed to start bot eth_swing_coinbase: object NoneType can't be used in 'await' expression
2025-09-21 19:23:19 | INFO     | src.database:_connect:31 - Connected to PostgreSQL database
2025-09-21 19:23:19 | INFO     | src.database:create_tables:113 - Database tables created successfully
2025-09-21 19:23:19 | DEBUG    | src.database:register_platform:289 - Platform innovestx already exists
2025-09-21 19:23:19 | DEBUG    | src.database:register_bot:328 - Bot ptt_momentum_innovestx already exists with ID 5524a407-1c50-44a0-ad0f-bcc186b31da6
2025-09-21 19:23:19 | ERROR    | src.exchanges.innovestx_exchange:_make_request:127 - InnovestX request failed: 'NoneType' object has no attribute 'encode'
2025-09-21 19:23:19 | ERROR    | src.exchanges.innovestx_exchange:connect:56 - Failed to authenticate with InnovestX
2025-09-21 19:23:19 | ERROR    | src.bot:initialize:69 - Failed to connect to exchange for bot PTT Momentum
2025-09-21 19:23:19 | ERROR    | src.bot_manager:start_bot:88 - Failed to initialize bot ptt_momentum_innovestx
2025-09-21 19:23:19 | INFO     | src.database:_connect:31 - Connected to PostgreSQL database
2025-09-21 19:23:20 | INFO     | src.database:create_tables:113 - Database tables created successfully
2025-09-21 19:23:20 | DEBUG    | src.database:register_platform:289 - Platform innovestx already exists
2025-09-21 19:23:20 | DEBUG    | src.database:register_bot:328 - Bot cpall_grid_innovestx already exists with ID 37d23a1a-63df-45fe-a7c7-73c54882d682
2025-09-21 19:23:20 | ERROR    | src.exchanges.innovestx_exchange:_make_request:127 - InnovestX request failed: 'NoneType' object has no attribute 'encode'
2025-09-21 19:23:20 | ERROR    | src.exchanges.innovestx_exchange:connect:56 - Failed to authenticate with InnovestX
2025-09-21 19:23:20 | ERROR    | src.bot:initialize:69 - Failed to connect to exchange for bot CPALL Grid Bot
2025-09-21 19:23:20 | ERROR    | src.bot_manager:start_bot:88 - Failed to initialize bot cpall_grid_innovestx
2025-09-21 19:23:20 | INFO     | src.database:_connect:31 - Connected to PostgreSQL database
2025-09-21 19:23:20 | INFO     | src.database:create_tables:113 - Database tables created successfully
2025-09-21 19:23:20 | DEBUG    | src.database:register_platform:289 - Platform innovestx already exists
2025-09-21 19:23:20 | DEBUG    | src.database:register_bot:328 - Bot kbank_swing_innovestx already exists with ID 8e8e1ba8-fa40-442a-baf1-dcee905b04f6
2025-09-21 19:23:20 | ERROR    | src.exchanges.innovestx_exchange:_make_request:127 - InnovestX request failed: 'NoneType' object has no attribute 'encode'
2025-09-21 19:23:20 | ERROR    | src.exchanges.innovestx_exchange:connect:56 - Failed to authenticate with InnovestX
2025-09-21 19:23:20 | ERROR    | src.bot:initialize:69 - Failed to connect to exchange for bot KBANK Swing
2025-09-21 19:23:20 | ERROR    | src.bot_manager:start_bot:88 - Failed to initialize bot kbank_swing_innovestx
2025-09-21 19:23:21 | INFO     | src.database:_connect:31 - Connected to PostgreSQL database
2025-09-21 19:23:21 | INFO     | src.database:create_tables:113 - Database tables created successfully
2025-09-21 19:23:21 | DEBUG    | src.database:register_platform:289 - Platform innovestx already exists
2025-09-21 19:23:21 | DEBUG    | src.database:register_bot:328 - Bot thai_multi_sector_innovestx already exists with ID fe82324c-0e15-4d9a-893e-45a99ead6e10
2025-09-21 19:23:21 | ERROR    | src.exchanges.innovestx_exchange:_make_request:127 - InnovestX request failed: 'NoneType' object has no attribute 'encode'
2025-09-21 19:23:21 | ERROR    | src.exchanges.innovestx_exchange:connect:56 - Failed to authenticate with InnovestX
2025-09-21 19:23:21 | ERROR    | src.bot:initialize:69 - Failed to connect to exchange for bot Thai Multi-Sector Bot
2025-09-21 19:23:21 | ERROR    | src.bot_manager:start_bot:88 - Failed to initialize bot thai_multi_sector_innovestx
2025-09-21 19:23:21 | INFO     | src.database:_connect:31 - Connected to PostgreSQL database
2025-09-21 19:23:21 | INFO     | src.database:create_tables:113 - Database tables created successfully
2025-09-21 19:23:21 | DEBUG    | src.database:register_platform:289 - Platform binance_th already exists
2025-09-21 19:23:21 | DEBUG    | src.database:register_bot:328 - Bot btc_grid_binance_th already exists with ID 3bd54ecf-276a-4de4-bdc5-891fc5ba8ee0
2025-09-21 19:23:23 | INFO     | src.exchanges.binance_th_exchange:connect:36 - Connected to Binance TH (test mode)
2025-09-21 19:23:23 | INFO     | src.database:update_bot_status:189 - Bot 3bd54ecf-276a-4de4-bdc5-891fc5ba8ee0 status updated to running
2025-09-21 19:23:23 | ERROR    | src.bot:initialize:82 - Failed to initialize bot BTC Grid Binance TH: object NoneType can't be used in 'await' expression
2025-09-21 19:23:23 | INFO     | src.database:update_bot_status:189 - Bot 3bd54ecf-276a-4de4-bdc5-891fc5ba8ee0 status updated to error
2025-09-21 19:23:23 | ERROR    | src.bot_manager:start_bot:101 - Failed to start bot btc_grid_binance_th: object NoneType can't be used in 'await' expression
2025-09-21 19:23:23 | INFO     | src.database:_connect:31 - Connected to PostgreSQL database
2025-09-21 19:23:24 | INFO     | src.database:create_tables:113 - Database tables created successfully
2025-09-21 19:23:24 | DEBUG    | src.database:register_platform:289 - Platform binance_th already exists
2025-09-21 19:23:24 | DEBUG    | src.database:register_bot:328 - Bot eth_momentum_binance_th already exists with ID 53834af7-09d6-4312-b695-b1858adc10f5
2025-09-21 19:23:25 | INFO     | src.exchanges.binance_th_exchange:connect:36 - Connected to Binance TH (test mode)
2025-09-21 19:23:25 | INFO     | src.database:update_bot_status:189 - Bot 53834af7-09d6-4312-b695-b1858adc10f5 status updated to running
2025-09-21 19:23:25 | ERROR    | src.bot:initialize:82 - Failed to initialize bot ETH Momentum Binance TH: object NoneType can't be used in 'await' expression
2025-09-21 19:23:25 | INFO     | src.database:update_bot_status:189 - Bot 53834af7-09d6-4312-b695-b1858adc10f5 status updated to error
2025-09-21 19:23:25 | ERROR    | src.bot_manager:start_bot:101 - Failed to start bot eth_momentum_binance_th: object NoneType can't be used in 'await' expression
2025-09-21 19:23:25 | INFO     | src.bot_manager:start_all_bots:143 - Started 0 trading bots
2025-09-21 19:25:51 | INFO     | __main__:main:41 - Starting Trading Bot System
2025-09-21 19:25:51 | INFO     | src.bot_manager:run:201 - Starting Bot Manager
2025-09-21 19:25:51 | INFO     | src.bot_manager:load_bot_configs:32 - Loaded 11 bot configurations
2025-09-21 19:25:52 | INFO     | src.database:_connect:31 - Connected to PostgreSQL database
2025-09-21 19:25:52 | INFO     | src.database:create_tables:113 - Database tables created successfully
2025-09-21 19:25:52 | DEBUG    | src.database:register_platform:289 - Platform binance already exists
2025-09-21 19:25:52 | DEBUG    | src.database:register_bot:328 - Bot btc_scalper_binance already exists with ID d670f5bd-d334-4228-bf10-930decd14a31
2025-09-21 19:25:54 | INFO     | src.exchanges.binance_exchange:connect:33 - Connected to Binance (sandbox)
2025-09-21 19:25:54 | INFO     | src.bot:_create_strategy:176 - Created GridTradingStrategy for bot BTC Scalper
2025-09-21 19:25:54 | INFO     | src.database:update_bot_status:189 - Bot d670f5bd-d334-4228-bf10-930decd14a31 status updated to running
2025-09-21 19:25:54 | ERROR    | src.bot:initialize:82 - Failed to initialize bot BTC Scalper: object NoneType can't be used in 'await' expression
2025-09-21 19:25:54 | INFO     | src.database:update_bot_status:189 - Bot d670f5bd-d334-4228-bf10-930decd14a31 status updated to error
2025-09-21 19:25:54 | ERROR    | src.bot_manager:start_bot:101 - Failed to start bot btc_scalper_binance: object NoneType can't be used in 'await' expression
2025-09-21 19:25:55 | INFO     | src.database:_connect:31 - Connected to PostgreSQL database
2025-09-21 19:25:55 | INFO     | src.database:create_tables:113 - Database tables created successfully
2025-09-21 19:25:55 | DEBUG    | src.database:register_platform:289 - Platform binance already exists
2025-09-21 19:25:55 | DEBUG    | src.database:register_bot:328 - Bot eth_grid_binance already exists with ID 4de519c6-7379-44d9-8df2-9f4c941d1d3b
2025-09-21 19:25:57 | INFO     | src.exchanges.binance_exchange:connect:33 - Connected to Binance (sandbox)
2025-09-21 19:25:57 | INFO     | src.bot:_create_strategy:176 - Created GridTradingStrategy for bot ETH Grid Bot
2025-09-21 19:25:57 | INFO     | src.database:update_bot_status:189 - Bot 4de519c6-7379-44d9-8df2-9f4c941d1d3b status updated to running
2025-09-21 19:25:57 | ERROR    | src.bot:initialize:82 - Failed to initialize bot ETH Grid Bot: object NoneType can't be used in 'await' expression
2025-09-21 19:25:57 | INFO     | src.database:update_bot_status:189 - Bot 4de519c6-7379-44d9-8df2-9f4c941d1d3b status updated to error
2025-09-21 19:25:57 | ERROR    | src.bot_manager:start_bot:101 - Failed to start bot eth_grid_binance: object NoneType can't be used in 'await' expression
2025-09-21 19:25:57 | INFO     | src.database:_connect:31 - Connected to PostgreSQL database
2025-09-21 19:25:57 | INFO     | src.database:create_tables:113 - Database tables created successfully
2025-09-21 19:25:57 | DEBUG    | src.database:register_platform:289 - Platform binance already exists
2025-09-21 19:25:58 | DEBUG    | src.database:register_bot:328 - Bot ada_dca_binance already exists with ID 3050619d-c54b-49ba-a4f4-e328aba8a227
2025-09-21 19:25:59 | INFO     | src.exchanges.binance_exchange:connect:33 - Connected to Binance (sandbox)
2025-09-21 19:25:59 | INFO     | src.bot:_create_strategy:180 - Created MomentumStrategy for bot ADA DCA Bot
2025-09-21 19:26:00 | INFO     | src.database:update_bot_status:189 - Bot 3050619d-c54b-49ba-a4f4-e328aba8a227 status updated to running
2025-09-21 19:26:00 | ERROR    | src.bot:initialize:82 - Failed to initialize bot ADA DCA Bot: object NoneType can't be used in 'await' expression
2025-09-21 19:26:00 | INFO     | src.database:update_bot_status:189 - Bot 3050619d-c54b-49ba-a4f4-e328aba8a227 status updated to error
2025-09-21 19:26:00 | ERROR    | src.bot_manager:start_bot:101 - Failed to start bot ada_dca_binance: object NoneType can't be used in 'await' expression
2025-09-21 19:26:00 | INFO     | src.database:_connect:31 - Connected to PostgreSQL database
2025-09-21 19:26:00 | INFO     | src.database:create_tables:113 - Database tables created successfully
2025-09-21 19:26:00 | DEBUG    | src.database:register_platform:289 - Platform coinbase already exists
2025-09-21 19:26:00 | DEBUG    | src.database:register_bot:328 - Bot btc_long_coinbase already exists with ID b627a9ae-22a7-45f8-b5b9-45a9c219f298
2025-09-21 19:26:00 | ERROR    | src.bot:initialize:82 - Failed to initialize bot BTC Long Term: Unsupported platform: coinbase
2025-09-21 19:26:00 | INFO     | src.database:update_bot_status:189 - Bot b627a9ae-22a7-45f8-b5b9-45a9c219f298 status updated to error
2025-09-21 19:26:00 | ERROR    | src.bot_manager:start_bot:101 - Failed to start bot btc_long_coinbase: object NoneType can't be used in 'await' expression
2025-09-21 19:26:00 | INFO     | src.database:_connect:31 - Connected to PostgreSQL database
2025-09-21 19:26:01 | INFO     | src.database:create_tables:113 - Database tables created successfully
2025-09-21 19:26:01 | DEBUG    | src.database:register_platform:289 - Platform coinbase already exists
2025-09-21 19:26:01 | DEBUG    | src.database:register_bot:328 - Bot eth_swing_coinbase already exists with ID 09f08fe4-5358-4708-b06f-311e13cad54f
2025-09-21 19:26:01 | ERROR    | src.bot:initialize:82 - Failed to initialize bot ETH Swing: Unsupported platform: coinbase
2025-09-21 19:26:01 | INFO     | src.database:update_bot_status:189 - Bot 09f08fe4-5358-4708-b06f-311e13cad54f status updated to error
2025-09-21 19:26:01 | ERROR    | src.bot_manager:start_bot:101 - Failed to start bot eth_swing_coinbase: object NoneType can't be used in 'await' expression
2025-09-21 19:26:01 | INFO     | src.database:_connect:31 - Connected to PostgreSQL database
2025-09-21 19:26:01 | INFO     | src.database:create_tables:113 - Database tables created successfully
2025-09-21 19:26:01 | DEBUG    | src.database:register_platform:289 - Platform innovestx already exists
2025-09-21 19:26:01 | DEBUG    | src.database:register_bot:328 - Bot ptt_momentum_innovestx already exists with ID 5524a407-1c50-44a0-ad0f-bcc186b31da6
2025-09-21 19:26:01 | ERROR    | src.exchanges.innovestx_exchange:_make_request:127 - InnovestX request failed: 'NoneType' object has no attribute 'encode'
2025-09-21 19:26:01 | ERROR    | src.exchanges.innovestx_exchange:connect:56 - Failed to authenticate with InnovestX
2025-09-21 19:26:01 | ERROR    | src.bot:initialize:69 - Failed to connect to exchange for bot PTT Momentum
2025-09-21 19:26:01 | ERROR    | src.bot_manager:start_bot:88 - Failed to initialize bot ptt_momentum_innovestx
2025-09-21 19:26:01 | INFO     | src.database:_connect:31 - Connected to PostgreSQL database
2025-09-21 19:26:02 | INFO     | src.database:create_tables:113 - Database tables created successfully
2025-09-21 19:26:02 | DEBUG    | src.database:register_platform:289 - Platform innovestx already exists
2025-09-21 19:26:02 | DEBUG    | src.database:register_bot:328 - Bot cpall_grid_innovestx already exists with ID 37d23a1a-63df-45fe-a7c7-73c54882d682
2025-09-21 19:26:02 | ERROR    | src.exchanges.innovestx_exchange:_make_request:127 - InnovestX request failed: 'NoneType' object has no attribute 'encode'
2025-09-21 19:26:02 | ERROR    | src.exchanges.innovestx_exchange:connect:56 - Failed to authenticate with InnovestX
2025-09-21 19:26:02 | ERROR    | src.bot:initialize:69 - Failed to connect to exchange for bot CPALL Grid Bot
2025-09-21 19:26:02 | ERROR    | src.bot_manager:start_bot:88 - Failed to initialize bot cpall_grid_innovestx
2025-09-21 19:26:02 | INFO     | src.database:_connect:31 - Connected to PostgreSQL database
2025-09-21 19:26:02 | INFO     | src.database:create_tables:113 - Database tables created successfully
2025-09-21 19:26:02 | DEBUG    | src.database:register_platform:289 - Platform innovestx already exists
2025-09-21 19:26:02 | DEBUG    | src.database:register_bot:328 - Bot kbank_swing_innovestx already exists with ID 8e8e1ba8-fa40-442a-baf1-dcee905b04f6
2025-09-21 19:26:02 | ERROR    | src.exchanges.innovestx_exchange:_make_request:127 - InnovestX request failed: 'NoneType' object has no attribute 'encode'
2025-09-21 19:26:02 | ERROR    | src.exchanges.innovestx_exchange:connect:56 - Failed to authenticate with InnovestX
2025-09-21 19:26:02 | ERROR    | src.bot:initialize:69 - Failed to connect to exchange for bot KBANK Swing
2025-09-21 19:26:02 | ERROR    | src.bot_manager:start_bot:88 - Failed to initialize bot kbank_swing_innovestx
2025-09-21 19:26:02 | INFO     | src.database:_connect:31 - Connected to PostgreSQL database
2025-09-21 19:26:03 | INFO     | src.database:create_tables:113 - Database tables created successfully
2025-09-21 19:26:03 | DEBUG    | src.database:register_platform:289 - Platform innovestx already exists
2025-09-21 19:26:03 | DEBUG    | src.database:register_bot:328 - Bot thai_multi_sector_innovestx already exists with ID fe82324c-0e15-4d9a-893e-45a99ead6e10
2025-09-21 19:26:03 | ERROR    | src.exchanges.innovestx_exchange:_make_request:127 - InnovestX request failed: 'NoneType' object has no attribute 'encode'
2025-09-21 19:26:03 | ERROR    | src.exchanges.innovestx_exchange:connect:56 - Failed to authenticate with InnovestX
2025-09-21 19:26:03 | ERROR    | src.bot:initialize:69 - Failed to connect to exchange for bot Thai Multi-Sector Bot
2025-09-21 19:26:03 | ERROR    | src.bot_manager:start_bot:88 - Failed to initialize bot thai_multi_sector_innovestx
2025-09-21 19:26:03 | INFO     | src.database:_connect:31 - Connected to PostgreSQL database
2025-09-21 19:26:03 | INFO     | src.database:create_tables:113 - Database tables created successfully
2025-09-21 19:26:03 | DEBUG    | src.database:register_platform:289 - Platform binance_th already exists
2025-09-21 19:26:03 | DEBUG    | src.database:register_bot:328 - Bot btc_grid_binance_th already exists with ID 3bd54ecf-276a-4de4-bdc5-891fc5ba8ee0
2025-09-21 19:26:04 | INFO     | src.exchanges.binance_th_exchange:connect:36 - Connected to Binance TH (test mode)
2025-09-21 19:26:04 | INFO     | src.bot:_create_strategy:176 - Created GridTradingStrategy for bot BTC Grid Binance TH
2025-09-21 19:26:04 | INFO     | src.database:update_bot_status:189 - Bot 3bd54ecf-276a-4de4-bdc5-891fc5ba8ee0 status updated to running
2025-09-21 19:26:04 | ERROR    | src.bot:initialize:82 - Failed to initialize bot BTC Grid Binance TH: object NoneType can't be used in 'await' expression
2025-09-21 19:26:05 | INFO     | src.database:update_bot_status:189 - Bot 3bd54ecf-276a-4de4-bdc5-891fc5ba8ee0 status updated to error
2025-09-21 19:26:05 | ERROR    | src.bot_manager:start_bot:101 - Failed to start bot btc_grid_binance_th: object NoneType can't be used in 'await' expression
2025-09-21 19:26:05 | INFO     | src.database:_connect:31 - Connected to PostgreSQL database
2025-09-21 19:26:05 | INFO     | src.database:create_tables:113 - Database tables created successfully
2025-09-21 19:26:05 | DEBUG    | src.database:register_platform:289 - Platform binance_th already exists
2025-09-21 19:26:05 | DEBUG    | src.database:register_bot:328 - Bot eth_momentum_binance_th already exists with ID 53834af7-09d6-4312-b695-b1858adc10f5
2025-09-21 19:26:06 | INFO     | src.exchanges.binance_th_exchange:connect:36 - Connected to Binance TH (test mode)
2025-09-21 19:26:06 | INFO     | src.bot:_create_strategy:180 - Created MomentumStrategy for bot ETH Momentum Binance TH
2025-09-21 19:26:06 | INFO     | src.database:update_bot_status:189 - Bot 53834af7-09d6-4312-b695-b1858adc10f5 status updated to running
2025-09-21 19:26:06 | ERROR    | src.bot:initialize:82 - Failed to initialize bot ETH Momentum Binance TH: object NoneType can't be used in 'await' expression
2025-09-21 19:26:06 | INFO     | src.database:update_bot_status:189 - Bot 53834af7-09d6-4312-b695-b1858adc10f5 status updated to error
2025-09-21 19:26:06 | ERROR    | src.bot_manager:start_bot:101 - Failed to start bot eth_momentum_binance_th: object NoneType can't be used in 'await' expression
2025-09-21 19:26:06 | INFO     | src.bot_manager:start_all_bots:143 - Started 0 trading bots
2025-09-21 19:28:16 | INFO     | src.bot_manager:stop_all_bots:157 - Stopped all trading bots
2025-09-21 19:28:16 | INFO     | src.bot_manager:run:221 - Bot Manager stopped
2025-09-21 19:28:16 | INFO     | __main__:main:41 - Starting Trading Bot System
2025-09-21 19:28:16 | INFO     | src.bot_manager:run:201 - Starting Bot Manager
2025-09-21 19:28:16 | INFO     | src.bot_manager:load_bot_configs:32 - Loaded 11 bot configurations
2025-09-21 19:28:17 | INFO     | src.database:_connect:31 - Connected to PostgreSQL database
2025-09-21 19:28:17 | INFO     | src.database:create_tables:113 - Database tables created successfully
2025-09-21 19:28:17 | DEBUG    | src.database:register_platform:289 - Platform binance already exists
2025-09-21 19:28:17 | DEBUG    | src.database:register_bot:328 - Bot btc_scalper_binance already exists with ID d670f5bd-d334-4228-bf10-930decd14a31
2025-09-21 19:28:20 | INFO     | src.exchanges.binance_exchange:connect:33 - Connected to Binance (sandbox)
2025-09-21 19:28:20 | INFO     | src.bot:_create_strategy:176 - Created GridTradingStrategy for bot BTC Scalper
2025-09-21 19:28:20 | INFO     | src.database:update_bot_status:189 - Bot d670f5bd-d334-4228-bf10-930decd14a31 status updated to running
2025-09-21 19:28:20 | ERROR    | src.bot:initialize:82 - Failed to initialize bot BTC Scalper: object NoneType can't be used in 'await' expression
2025-09-21 19:28:20 | INFO     | src.database:update_bot_status:189 - Bot d670f5bd-d334-4228-bf10-930decd14a31 status updated to error
2025-09-21 19:28:20 | ERROR    | src.bot_manager:start_bot:101 - Failed to start bot btc_scalper_binance: object NoneType can't be used in 'await' expression
2025-09-21 19:28:20 | INFO     | src.database:_connect:31 - Connected to PostgreSQL database
2025-09-21 19:28:21 | INFO     | src.database:create_tables:113 - Database tables created successfully
2025-09-21 19:28:21 | DEBUG    | src.database:register_platform:289 - Platform binance already exists
2025-09-21 19:28:21 | DEBUG    | src.database:register_bot:328 - Bot eth_grid_binance already exists with ID 4de519c6-7379-44d9-8df2-9f4c941d1d3b
2025-09-21 19:28:23 | INFO     | src.exchanges.binance_exchange:connect:33 - Connected to Binance (sandbox)
2025-09-21 19:28:23 | INFO     | src.bot:_create_strategy:176 - Created GridTradingStrategy for bot ETH Grid Bot
2025-09-21 19:28:23 | INFO     | src.database:update_bot_status:189 - Bot 4de519c6-7379-44d9-8df2-9f4c941d1d3b status updated to running
2025-09-21 19:28:23 | ERROR    | src.bot:initialize:82 - Failed to initialize bot ETH Grid Bot: object NoneType can't be used in 'await' expression
2025-09-21 19:28:23 | INFO     | src.database:update_bot_status:189 - Bot 4de519c6-7379-44d9-8df2-9f4c941d1d3b status updated to error
2025-09-21 19:28:23 | ERROR    | src.bot_manager:start_bot:101 - Failed to start bot eth_grid_binance: object NoneType can't be used in 'await' expression
2025-09-21 19:28:24 | INFO     | src.database:_connect:31 - Connected to PostgreSQL database
2025-09-21 19:28:24 | INFO     | src.database:create_tables:113 - Database tables created successfully
2025-09-21 19:28:24 | DEBUG    | src.database:register_platform:289 - Platform binance already exists
2025-09-21 19:28:24 | DEBUG    | src.database:register_bot:328 - Bot ada_dca_binance already exists with ID 3050619d-c54b-49ba-a4f4-e328aba8a227
2025-09-21 19:28:26 | INFO     | src.exchanges.binance_exchange:connect:33 - Connected to Binance (sandbox)
2025-09-21 19:28:26 | INFO     | src.bot:_create_strategy:180 - Created MomentumStrategy for bot ADA DCA Bot
2025-09-21 19:28:26 | INFO     | src.database:update_bot_status:189 - Bot 3050619d-c54b-49ba-a4f4-e328aba8a227 status updated to running
2025-09-21 19:28:26 | ERROR    | src.bot:initialize:82 - Failed to initialize bot ADA DCA Bot: object NoneType can't be used in 'await' expression
2025-09-21 19:28:26 | INFO     | src.database:update_bot_status:189 - Bot 3050619d-c54b-49ba-a4f4-e328aba8a227 status updated to error
2025-09-21 19:28:26 | ERROR    | src.bot_manager:start_bot:101 - Failed to start bot ada_dca_binance: object NoneType can't be used in 'await' expression
2025-09-21 19:28:26 | INFO     | src.database:_connect:31 - Connected to PostgreSQL database
2025-09-21 19:28:26 | INFO     | src.database:create_tables:113 - Database tables created successfully
2025-09-21 19:28:26 | DEBUG    | src.database:register_platform:289 - Platform coinbase already exists
2025-09-21 19:28:26 | DEBUG    | src.database:register_bot:328 - Bot btc_long_coinbase already exists with ID b627a9ae-22a7-45f8-b5b9-45a9c219f298
2025-09-21 19:28:26 | ERROR    | src.bot:initialize:82 - Failed to initialize bot BTC Long Term: Unsupported platform: coinbase
2025-09-21 19:28:27 | INFO     | src.database:update_bot_status:189 - Bot b627a9ae-22a7-45f8-b5b9-45a9c219f298 status updated to error
2025-09-21 19:28:27 | ERROR    | src.bot_manager:start_bot:101 - Failed to start bot btc_long_coinbase: object NoneType can't be used in 'await' expression
2025-09-21 19:28:27 | INFO     | src.database:_connect:31 - Connected to PostgreSQL database
2025-09-21 19:28:27 | INFO     | src.database:create_tables:113 - Database tables created successfully
2025-09-21 19:28:27 | DEBUG    | src.database:register_platform:289 - Platform coinbase already exists
2025-09-21 19:28:27 | DEBUG    | src.database:register_bot:328 - Bot eth_swing_coinbase already exists with ID 09f08fe4-5358-4708-b06f-311e13cad54f
2025-09-21 19:28:27 | ERROR    | src.bot:initialize:82 - Failed to initialize bot ETH Swing: Unsupported platform: coinbase
2025-09-21 19:28:27 | INFO     | src.database:update_bot_status:189 - Bot 09f08fe4-5358-4708-b06f-311e13cad54f status updated to error
2025-09-21 19:28:27 | ERROR    | src.bot_manager:start_bot:101 - Failed to start bot eth_swing_coinbase: object NoneType can't be used in 'await' expression
2025-09-21 19:28:27 | INFO     | src.database:_connect:31 - Connected to PostgreSQL database
2025-09-21 19:28:27 | INFO     | src.database:create_tables:113 - Database tables created successfully
2025-09-21 19:28:28 | DEBUG    | src.database:register_platform:289 - Platform innovestx already exists
2025-09-21 19:28:28 | DEBUG    | src.database:register_bot:328 - Bot ptt_momentum_innovestx already exists with ID 5524a407-1c50-44a0-ad0f-bcc186b31da6
2025-09-21 19:28:28 | ERROR    | src.exchanges.innovestx_exchange:_make_request:127 - InnovestX request failed: 'NoneType' object has no attribute 'encode'
2025-09-21 19:28:28 | ERROR    | src.exchanges.innovestx_exchange:connect:56 - Failed to authenticate with InnovestX
2025-09-21 19:28:28 | ERROR    | src.bot:initialize:69 - Failed to connect to exchange for bot PTT Momentum
2025-09-21 19:28:28 | ERROR    | src.bot_manager:start_bot:88 - Failed to initialize bot ptt_momentum_innovestx
2025-09-21 19:28:28 | INFO     | src.database:_connect:31 - Connected to PostgreSQL database
2025-09-21 19:28:28 | INFO     | src.database:create_tables:113 - Database tables created successfully
2025-09-21 19:28:28 | DEBUG    | src.database:register_platform:289 - Platform innovestx already exists
2025-09-21 19:28:28 | DEBUG    | src.database:register_bot:328 - Bot cpall_grid_innovestx already exists with ID 37d23a1a-63df-45fe-a7c7-73c54882d682
2025-09-21 19:28:28 | ERROR    | src.exchanges.innovestx_exchange:_make_request:127 - InnovestX request failed: 'NoneType' object has no attribute 'encode'
2025-09-21 19:28:28 | ERROR    | src.exchanges.innovestx_exchange:connect:56 - Failed to authenticate with InnovestX
2025-09-21 19:28:28 | ERROR    | src.bot:initialize:69 - Failed to connect to exchange for bot CPALL Grid Bot
2025-09-21 19:28:28 | ERROR    | src.bot_manager:start_bot:88 - Failed to initialize bot cpall_grid_innovestx
2025-09-21 19:28:28 | INFO     | src.database:_connect:31 - Connected to PostgreSQL database
2025-09-21 19:28:28 | INFO     | src.database:create_tables:113 - Database tables created successfully
2025-09-21 19:28:29 | DEBUG    | src.database:register_platform:289 - Platform innovestx already exists
2025-09-21 19:28:29 | DEBUG    | src.database:register_bot:328 - Bot kbank_swing_innovestx already exists with ID 8e8e1ba8-fa40-442a-baf1-dcee905b04f6
2025-09-21 19:28:29 | ERROR    | src.exchanges.innovestx_exchange:_make_request:127 - InnovestX request failed: 'NoneType' object has no attribute 'encode'
2025-09-21 19:28:29 | ERROR    | src.exchanges.innovestx_exchange:connect:56 - Failed to authenticate with InnovestX
2025-09-21 19:28:29 | ERROR    | src.bot:initialize:69 - Failed to connect to exchange for bot KBANK Swing
2025-09-21 19:28:29 | ERROR    | src.bot_manager:start_bot:88 - Failed to initialize bot kbank_swing_innovestx
2025-09-21 19:28:29 | INFO     | src.database:_connect:31 - Connected to PostgreSQL database
2025-09-21 19:28:29 | INFO     | src.database:create_tables:113 - Database tables created successfully
2025-09-21 19:28:29 | DEBUG    | src.database:register_platform:289 - Platform innovestx already exists
2025-09-21 19:28:29 | DEBUG    | src.database:register_bot:328 - Bot thai_multi_sector_innovestx already exists with ID fe82324c-0e15-4d9a-893e-45a99ead6e10
2025-09-21 19:28:29 | ERROR    | src.exchanges.innovestx_exchange:_make_request:127 - InnovestX request failed: 'NoneType' object has no attribute 'encode'
2025-09-21 19:28:29 | ERROR    | src.exchanges.innovestx_exchange:connect:56 - Failed to authenticate with InnovestX
2025-09-21 19:28:29 | ERROR    | src.bot:initialize:69 - Failed to connect to exchange for bot Thai Multi-Sector Bot
2025-09-21 19:28:29 | ERROR    | src.bot_manager:start_bot:88 - Failed to initialize bot thai_multi_sector_innovestx
2025-09-21 19:28:29 | INFO     | src.database:_connect:31 - Connected to PostgreSQL database
2025-09-21 19:28:29 | INFO     | src.database:create_tables:113 - Database tables created successfully
2025-09-21 19:28:30 | DEBUG    | src.database:register_platform:289 - Platform binance_th already exists
2025-09-21 19:28:30 | DEBUG    | src.database:register_bot:328 - Bot btc_grid_binance_th already exists with ID 3bd54ecf-276a-4de4-bdc5-891fc5ba8ee0
2025-09-21 19:28:31 | INFO     | src.exchanges.binance_th_exchange:connect:36 - Connected to Binance TH (test mode)
2025-09-21 19:28:31 | INFO     | src.bot:_create_strategy:176 - Created GridTradingStrategy for bot BTC Grid Binance TH
2025-09-21 19:28:31 | INFO     | src.database:update_bot_status:189 - Bot 3bd54ecf-276a-4de4-bdc5-891fc5ba8ee0 status updated to running
2025-09-21 19:28:31 | ERROR    | src.bot:initialize:82 - Failed to initialize bot BTC Grid Binance TH: object NoneType can't be used in 'await' expression
2025-09-21 19:28:31 | INFO     | src.database:update_bot_status:189 - Bot 3bd54ecf-276a-4de4-bdc5-891fc5ba8ee0 status updated to error
2025-09-21 19:28:31 | ERROR    | src.bot_manager:start_bot:101 - Failed to start bot btc_grid_binance_th: object NoneType can't be used in 'await' expression
2025-09-21 19:28:31 | INFO     | src.database:_connect:31 - Connected to PostgreSQL database
2025-09-21 19:28:31 | INFO     | src.database:create_tables:113 - Database tables created successfully
2025-09-21 19:28:32 | DEBUG    | src.database:register_platform:289 - Platform binance_th already exists
2025-09-21 19:28:32 | DEBUG    | src.database:register_bot:328 - Bot eth_momentum_binance_th already exists with ID 53834af7-09d6-4312-b695-b1858adc10f5
2025-09-21 19:28:33 | INFO     | src.exchanges.binance_th_exchange:connect:36 - Connected to Binance TH (test mode)
2025-09-21 19:28:33 | INFO     | src.bot:_create_strategy:180 - Created MomentumStrategy for bot ETH Momentum Binance TH
2025-09-21 19:28:33 | INFO     | src.database:update_bot_status:189 - Bot 53834af7-09d6-4312-b695-b1858adc10f5 status updated to running
2025-09-21 19:28:33 | ERROR    | src.bot:initialize:82 - Failed to initialize bot ETH Momentum Binance TH: object NoneType can't be used in 'await' expression
2025-09-21 19:28:33 | INFO     | src.database:update_bot_status:189 - Bot 53834af7-09d6-4312-b695-b1858adc10f5 status updated to error
2025-09-21 19:28:33 | ERROR    | src.bot_manager:start_bot:101 - Failed to start bot eth_momentum_binance_th: object NoneType can't be used in 'await' expression
2025-09-21 19:28:33 | INFO     | src.bot_manager:start_all_bots:143 - Started 0 trading bots
2025-09-21 19:29:12 | INFO     | __main__:main:41 - Starting Trading Bot System
2025-09-21 19:29:12 | INFO     | src.bot_manager:run:201 - Starting Bot Manager
2025-09-21 19:29:12 | INFO     | src.bot_manager:load_bot_configs:32 - Loaded 11 bot configurations
2025-09-21 19:29:13 | INFO     | src.database:_connect:31 - Connected to PostgreSQL database
2025-09-21 19:29:13 | INFO     | src.bot:initialize:57 - Starting initialization for bot BTC Scalper
2025-09-21 19:29:13 | INFO     | src.bot:initialize:60 - Creating tables for bot BTC Scalper
2025-09-21 19:29:13 | INFO     | src.database:create_tables:113 - Database tables created successfully
2025-09-21 19:29:13 | INFO     | src.bot:initialize:62 - Tables created for bot BTC Scalper
2025-09-21 19:29:13 | INFO     | src.bot:initialize:65 - Registering platform for bot BTC Scalper
2025-09-21 19:29:13 | DEBUG    | src.database:register_platform:289 - Platform binance already exists
2025-09-21 19:29:13 | INFO     | src.bot:initialize:67 - Platform registered for bot BTC Scalper
2025-09-21 19:29:13 | INFO     | src.bot:initialize:70 - Registering bot BTC Scalper
2025-09-21 19:29:13 | DEBUG    | src.database:register_bot:328 - Bot btc_scalper_binance already exists with ID d670f5bd-d334-4228-bf10-930decd14a31
2025-09-21 19:29:13 | INFO     | src.bot:initialize:72 - Bot BTC Scalper registered with ID d670f5bd-d334-4228-bf10-930decd14a31
2025-09-21 19:29:13 | INFO     | src.bot:initialize:75 - Creating exchange for bot BTC Scalper
2025-09-21 19:29:13 | INFO     | src.bot:initialize:77 - Exchange created for bot BTC Scalper
2025-09-21 19:29:13 | INFO     | src.bot:initialize:79 - Connecting to exchange for bot BTC Scalper
2025-09-21 19:29:15 | INFO     | src.exchanges.binance_exchange:connect:33 - Connected to Binance (sandbox)
2025-09-21 19:29:15 | INFO     | src.bot:initialize:83 - Exchange connected for bot BTC Scalper
2025-09-21 19:29:15 | INFO     | src.bot:initialize:86 - Creating strategy for bot BTC Scalper
2025-09-21 19:29:15 | INFO     | src.bot:_create_strategy:197 - Created GridTradingStrategy for bot BTC Scalper
2025-09-21 19:29:15 | INFO     | src.bot:initialize:88 - Strategy created for bot BTC Scalper
2025-09-21 19:29:15 | INFO     | src.bot:initialize:91 - Updating bot status to running for bot BTC Scalper
2025-09-21 19:29:15 | INFO     | src.database:update_bot_status:189 - Bot d670f5bd-d334-4228-bf10-930decd14a31 status updated to running
2025-09-21 19:29:15 | ERROR    | src.bot:initialize:99 - Failed to initialize bot BTC Scalper: object NoneType can't be used in 'await' expression
2025-09-21 19:29:15 | ERROR    | src.bot:initialize:100 - Exception type: <class 'TypeError'>
2025-09-21 19:29:15 | ERROR    | src.bot:initialize:102 - Traceback: Traceback (most recent call last):
  File "/home/bookchaowalit/book/book_projects/personal-project/trading_bot_v2/trading-bots/src/bot.py", line 92, in initialize
    await self.db.update_bot_status(self.bot_id, "running")
TypeError: object NoneType can't be used in 'await' expression

2025-09-21 19:29:16 | INFO     | src.database:update_bot_status:189 - Bot d670f5bd-d334-4228-bf10-930decd14a31 status updated to error
2025-09-21 19:29:16 | ERROR    | src.bot_manager:start_bot:101 - Failed to start bot btc_scalper_binance: object NoneType can't be used in 'await' expression
2025-09-21 19:29:16 | INFO     | src.database:_connect:31 - Connected to PostgreSQL database
2025-09-21 19:29:16 | INFO     | src.bot:initialize:57 - Starting initialization for bot ETH Grid Bot
2025-09-21 19:29:16 | INFO     | src.bot:initialize:60 - Creating tables for bot ETH Grid Bot
2025-09-21 19:29:16 | INFO     | src.database:create_tables:113 - Database tables created successfully
2025-09-21 19:29:16 | INFO     | src.bot:initialize:62 - Tables created for bot ETH Grid Bot
2025-09-21 19:29:16 | INFO     | src.bot:initialize:65 - Registering platform for bot ETH Grid Bot
2025-09-21 19:29:16 | DEBUG    | src.database:register_platform:289 - Platform binance already exists
2025-09-21 19:29:16 | INFO     | src.bot:initialize:67 - Platform registered for bot ETH Grid Bot
2025-09-21 19:29:16 | INFO     | src.bot:initialize:70 - Registering bot ETH Grid Bot
2025-09-21 19:29:16 | DEBUG    | src.database:register_bot:328 - Bot eth_grid_binance already exists with ID 4de519c6-7379-44d9-8df2-9f4c941d1d3b
2025-09-21 19:29:16 | INFO     | src.bot:initialize:72 - Bot ETH Grid Bot registered with ID 4de519c6-7379-44d9-8df2-9f4c941d1d3b
2025-09-21 19:29:16 | INFO     | src.bot:initialize:75 - Creating exchange for bot ETH Grid Bot
2025-09-21 19:29:16 | INFO     | src.bot:initialize:77 - Exchange created for bot ETH Grid Bot
2025-09-21 19:29:16 | INFO     | src.bot:initialize:79 - Connecting to exchange for bot ETH Grid Bot
2025-09-21 19:29:19 | INFO     | src.exchanges.binance_exchange:connect:33 - Connected to Binance (sandbox)
2025-09-21 19:29:19 | INFO     | src.bot:initialize:83 - Exchange connected for bot ETH Grid Bot
2025-09-21 19:29:19 | INFO     | src.bot:initialize:86 - Creating strategy for bot ETH Grid Bot
2025-09-21 19:29:19 | INFO     | src.bot:_create_strategy:197 - Created GridTradingStrategy for bot ETH Grid Bot
2025-09-21 19:29:19 | INFO     | src.bot:initialize:88 - Strategy created for bot ETH Grid Bot
2025-09-21 19:29:19 | INFO     | src.bot:initialize:91 - Updating bot status to running for bot ETH Grid Bot
2025-09-21 19:29:19 | INFO     | src.database:update_bot_status:189 - Bot 4de519c6-7379-44d9-8df2-9f4c941d1d3b status updated to running
2025-09-21 19:29:19 | ERROR    | src.bot:initialize:99 - Failed to initialize bot ETH Grid Bot: object NoneType can't be used in 'await' expression
2025-09-21 19:29:19 | ERROR    | src.bot:initialize:100 - Exception type: <class 'TypeError'>
2025-09-21 19:29:19 | ERROR    | src.bot:initialize:102 - Traceback: Traceback (most recent call last):
  File "/home/bookchaowalit/book/book_projects/personal-project/trading_bot_v2/trading-bots/src/bot.py", line 92, in initialize
    await self.db.update_bot_status(self.bot_id, "running")
TypeError: object NoneType can't be used in 'await' expression

2025-09-21 19:29:19 | INFO     | src.database:update_bot_status:189 - Bot 4de519c6-7379-44d9-8df2-9f4c941d1d3b status updated to error
2025-09-21 19:29:19 | ERROR    | src.bot_manager:start_bot:101 - Failed to start bot eth_grid_binance: object NoneType can't be used in 'await' expression
2025-09-21 19:29:19 | INFO     | src.database:_connect:31 - Connected to PostgreSQL database
2025-09-21 19:29:19 | INFO     | src.bot:initialize:57 - Starting initialization for bot ADA DCA Bot
2025-09-21 19:29:19 | INFO     | src.bot:initialize:60 - Creating tables for bot ADA DCA Bot
2025-09-21 19:29:19 | INFO     | src.database:create_tables:113 - Database tables created successfully
2025-09-21 19:29:19 | INFO     | src.bot:initialize:62 - Tables created for bot ADA DCA Bot
2025-09-21 19:29:19 | INFO     | src.bot:initialize:65 - Registering platform for bot ADA DCA Bot
2025-09-21 19:29:19 | DEBUG    | src.database:register_platform:289 - Platform binance already exists
2025-09-21 19:29:19 | INFO     | src.bot:initialize:67 - Platform registered for bot ADA DCA Bot
2025-09-21 19:29:19 | INFO     | src.bot:initialize:70 - Registering bot ADA DCA Bot
2025-09-21 19:29:19 | DEBUG    | src.database:register_bot:328 - Bot ada_dca_binance already exists with ID 3050619d-c54b-49ba-a4f4-e328aba8a227
2025-09-21 19:29:19 | INFO     | src.bot:initialize:72 - Bot ADA DCA Bot registered with ID 3050619d-c54b-49ba-a4f4-e328aba8a227
2025-09-21 19:29:19 | INFO     | src.bot:initialize:75 - Creating exchange for bot ADA DCA Bot
2025-09-21 19:29:19 | INFO     | src.bot:initialize:77 - Exchange created for bot ADA DCA Bot
2025-09-21 19:29:19 | INFO     | src.bot:initialize:79 - Connecting to exchange for bot ADA DCA Bot
2025-09-21 19:29:22 | INFO     | src.exchanges.binance_exchange:connect:33 - Connected to Binance (sandbox)
2025-09-21 19:29:22 | INFO     | src.bot:initialize:83 - Exchange connected for bot ADA DCA Bot
2025-09-21 19:29:22 | INFO     | src.bot:initialize:86 - Creating strategy for bot ADA DCA Bot
2025-09-21 19:29:22 | INFO     | src.bot:_create_strategy:201 - Created MomentumStrategy for bot ADA DCA Bot
2025-09-21 19:29:22 | INFO     | src.bot:initialize:88 - Strategy created for bot ADA DCA Bot
2025-09-21 19:29:22 | INFO     | src.bot:initialize:91 - Updating bot status to running for bot ADA DCA Bot
2025-09-21 19:29:22 | INFO     | src.database:update_bot_status:189 - Bot 3050619d-c54b-49ba-a4f4-e328aba8a227 status updated to running
2025-09-21 19:29:22 | ERROR    | src.bot:initialize:99 - Failed to initialize bot ADA DCA Bot: object NoneType can't be used in 'await' expression
2025-09-21 19:29:22 | ERROR    | src.bot:initialize:100 - Exception type: <class 'TypeError'>
2025-09-21 19:29:22 | ERROR    | src.bot:initialize:102 - Traceback: Traceback (most recent call last):
  File "/home/bookchaowalit/book/book_projects/personal-project/trading_bot_v2/trading-bots/src/bot.py", line 92, in initialize
    await self.db.update_bot_status(self.bot_id, "running")
TypeError: object NoneType can't be used in 'await' expression

2025-09-21 19:29:22 | INFO     | src.database:update_bot_status:189 - Bot 3050619d-c54b-49ba-a4f4-e328aba8a227 status updated to error
2025-09-21 19:29:22 | ERROR    | src.bot_manager:start_bot:101 - Failed to start bot ada_dca_binance: object NoneType can't be used in 'await' expression
2025-09-21 19:29:22 | INFO     | src.database:_connect:31 - Connected to PostgreSQL database
2025-09-21 19:29:22 | INFO     | src.bot:initialize:57 - Starting initialization for bot BTC Long Term
2025-09-21 19:29:22 | INFO     | src.bot:initialize:60 - Creating tables for bot BTC Long Term
2025-09-21 19:29:22 | INFO     | src.database:create_tables:113 - Database tables created successfully
2025-09-21 19:29:22 | INFO     | src.bot:initialize:62 - Tables created for bot BTC Long Term
2025-09-21 19:29:22 | INFO     | src.bot:initialize:65 - Registering platform for bot BTC Long Term
2025-09-21 19:29:22 | DEBUG    | src.database:register_platform:289 - Platform coinbase already exists
2025-09-21 19:29:22 | INFO     | src.bot:initialize:67 - Platform registered for bot BTC Long Term
2025-09-21 19:29:22 | INFO     | src.bot:initialize:70 - Registering bot BTC Long Term
2025-09-21 19:29:22 | DEBUG    | src.database:register_bot:328 - Bot btc_long_coinbase already exists with ID b627a9ae-22a7-45f8-b5b9-45a9c219f298
2025-09-21 19:29:22 | INFO     | src.bot:initialize:72 - Bot BTC Long Term registered with ID b627a9ae-22a7-45f8-b5b9-45a9c219f298
2025-09-21 19:29:22 | INFO     | src.bot:initialize:75 - Creating exchange for bot BTC Long Term
2025-09-21 19:29:22 | ERROR    | src.bot:initialize:99 - Failed to initialize bot BTC Long Term: Unsupported platform: coinbase
2025-09-21 19:29:22 | ERROR    | src.bot:initialize:100 - Exception type: <class 'ValueError'>
2025-09-21 19:29:22 | ERROR    | src.bot:initialize:102 - Traceback: Traceback (most recent call last):
  File "/home/bookchaowalit/book/book_projects/personal-project/trading_bot_v2/trading-bots/src/bot.py", line 76, in initialize
    self.exchange = self._create_exchange()
                    ^^^^^^^^^^^^^^^^^^^^^^^
  File "/home/bookchaowalit/book/book_projects/personal-project/trading_bot_v2/trading-bots/src/bot.py", line 190, in _create_exchange
    raise ValueError(f"Unsupported platform: {self.platform}")
ValueError: Unsupported platform: coinbase

2025-09-21 19:29:22 | INFO     | src.database:update_bot_status:189 - Bot b627a9ae-22a7-45f8-b5b9-45a9c219f298 status updated to error
2025-09-21 19:29:22 | ERROR    | src.bot_manager:start_bot:101 - Failed to start bot btc_long_coinbase: object NoneType can't be used in 'await' expression
2025-09-21 19:29:22 | INFO     | src.database:_connect:31 - Connected to PostgreSQL database
2025-09-21 19:29:22 | INFO     | src.bot:initialize:57 - Starting initialization for bot ETH Swing
2025-09-21 19:29:22 | INFO     | src.bot:initialize:60 - Creating tables for bot ETH Swing
2025-09-21 19:29:23 | INFO     | src.database:create_tables:113 - Database tables created successfully
2025-09-21 19:29:23 | INFO     | src.bot:initialize:62 - Tables created for bot ETH Swing
2025-09-21 19:29:23 | INFO     | src.bot:initialize:65 - Registering platform for bot ETH Swing
2025-09-21 19:29:23 | DEBUG    | src.database:register_platform:289 - Platform coinbase already exists
2025-09-21 19:29:23 | INFO     | src.bot:initialize:67 - Platform registered for bot ETH Swing
2025-09-21 19:29:23 | INFO     | src.bot:initialize:70 - Registering bot ETH Swing
2025-09-21 19:29:23 | DEBUG    | src.database:register_bot:328 - Bot eth_swing_coinbase already exists with ID 09f08fe4-5358-4708-b06f-311e13cad54f
2025-09-21 19:29:23 | INFO     | src.bot:initialize:72 - Bot ETH Swing registered with ID 09f08fe4-5358-4708-b06f-311e13cad54f
2025-09-21 19:29:23 | INFO     | src.bot:initialize:75 - Creating exchange for bot ETH Swing
2025-09-21 19:29:23 | ERROR    | src.bot:initialize:99 - Failed to initialize bot ETH Swing: Unsupported platform: coinbase
2025-09-21 19:29:23 | ERROR    | src.bot:initialize:100 - Exception type: <class 'ValueError'>
2025-09-21 19:29:23 | ERROR    | src.bot:initialize:102 - Traceback: Traceback (most recent call last):
  File "/home/bookchaowalit/book/book_projects/personal-project/trading_bot_v2/trading-bots/src/bot.py", line 76, in initialize
    self.exchange = self._create_exchange()
                    ^^^^^^^^^^^^^^^^^^^^^^^
  File "/home/bookchaowalit/book/book_projects/personal-project/trading_bot_v2/trading-bots/src/bot.py", line 190, in _create_exchange
    raise ValueError(f"Unsupported platform: {self.platform}")
ValueError: Unsupported platform: coinbase

2025-09-21 19:29:23 | INFO     | src.database:update_bot_status:189 - Bot 09f08fe4-5358-4708-b06f-311e13cad54f status updated to error
2025-09-21 19:29:23 | ERROR    | src.bot_manager:start_bot:101 - Failed to start bot eth_swing_coinbase: object NoneType can't be used in 'await' expression
2025-09-21 19:29:23 | INFO     | src.database:_connect:31 - Connected to PostgreSQL database
2025-09-21 19:29:23 | INFO     | src.bot:initialize:57 - Starting initialization for bot PTT Momentum
2025-09-21 19:29:23 | INFO     | src.bot:initialize:60 - Creating tables for bot PTT Momentum
2025-09-21 19:29:23 | INFO     | src.database:create_tables:113 - Database tables created successfully
2025-09-21 19:29:23 | INFO     | src.bot:initialize:62 - Tables created for bot PTT Momentum
2025-09-21 19:29:23 | INFO     | src.bot:initialize:65 - Registering platform for bot PTT Momentum
2025-09-21 19:29:23 | DEBUG    | src.database:register_platform:289 - Platform innovestx already exists
2025-09-21 19:29:23 | INFO     | src.bot:initialize:67 - Platform registered for bot PTT Momentum
2025-09-21 19:29:23 | INFO     | src.bot:initialize:70 - Registering bot PTT Momentum
2025-09-21 19:29:23 | DEBUG    | src.database:register_bot:328 - Bot ptt_momentum_innovestx already exists with ID 5524a407-1c50-44a0-ad0f-bcc186b31da6
2025-09-21 19:29:23 | INFO     | src.bot:initialize:72 - Bot PTT Momentum registered with ID 5524a407-1c50-44a0-ad0f-bcc186b31da6
2025-09-21 19:29:23 | INFO     | src.bot:initialize:75 - Creating exchange for bot PTT Momentum
2025-09-21 19:29:23 | INFO     | src.bot:initialize:77 - Exchange created for bot PTT Momentum
2025-09-21 19:29:23 | INFO     | src.bot:initialize:79 - Connecting to exchange for bot PTT Momentum
2025-09-21 19:29:23 | ERROR    | src.exchanges.innovestx_exchange:_make_request:127 - InnovestX request failed: 'NoneType' object has no attribute 'encode'
2025-09-21 19:29:23 | ERROR    | src.exchanges.innovestx_exchange:connect:56 - Failed to authenticate with InnovestX
2025-09-21 19:29:23 | ERROR    | src.bot:initialize:81 - Failed to connect to exchange for bot PTT Momentum
2025-09-21 19:29:23 | ERROR    | src.bot_manager:start_bot:88 - Failed to initialize bot ptt_momentum_innovestx
2025-09-21 19:29:24 | INFO     | src.database:_connect:31 - Connected to PostgreSQL database
2025-09-21 19:29:24 | INFO     | src.bot:initialize:57 - Starting initialization for bot CPALL Grid Bot
2025-09-21 19:29:24 | INFO     | src.bot:initialize:60 - Creating tables for bot CPALL Grid Bot
2025-09-21 19:29:24 | INFO     | src.database:create_tables:113 - Database tables created successfully
2025-09-21 19:29:24 | INFO     | src.bot:initialize:62 - Tables created for bot CPALL Grid Bot
2025-09-21 19:29:24 | INFO     | src.bot:initialize:65 - Registering platform for bot CPALL Grid Bot
2025-09-21 19:29:24 | DEBUG    | src.database:register_platform:289 - Platform innovestx already exists
2025-09-21 19:29:24 | INFO     | src.bot:initialize:67 - Platform registered for bot CPALL Grid Bot
2025-09-21 19:29:24 | INFO     | src.bot:initialize:70 - Registering bot CPALL Grid Bot
2025-09-21 19:29:24 | DEBUG    | src.database:register_bot:328 - Bot cpall_grid_innovestx already exists with ID 37d23a1a-63df-45fe-a7c7-73c54882d682
2025-09-21 19:29:24 | INFO     | src.bot:initialize:72 - Bot CPALL Grid Bot registered with ID 37d23a1a-63df-45fe-a7c7-73c54882d682
2025-09-21 19:29:24 | INFO     | src.bot:initialize:75 - Creating exchange for bot CPALL Grid Bot
2025-09-21 19:29:24 | INFO     | src.bot:initialize:77 - Exchange created for bot CPALL Grid Bot
2025-09-21 19:29:24 | INFO     | src.bot:initialize:79 - Connecting to exchange for bot CPALL Grid Bot
2025-09-21 19:29:24 | ERROR    | src.exchanges.innovestx_exchange:_make_request:127 - InnovestX request failed: 'NoneType' object has no attribute 'encode'
2025-09-21 19:29:24 | ERROR    | src.exchanges.innovestx_exchange:connect:56 - Failed to authenticate with InnovestX
2025-09-21 19:29:24 | ERROR    | src.bot:initialize:81 - Failed to connect to exchange for bot CPALL Grid Bot
2025-09-21 19:29:24 | ERROR    | src.bot_manager:start_bot:88 - Failed to initialize bot cpall_grid_innovestx
2025-09-21 19:29:24 | INFO     | src.database:_connect:31 - Connected to PostgreSQL database
2025-09-21 19:29:24 | INFO     | src.bot:initialize:57 - Starting initialization for bot KBANK Swing
2025-09-21 19:29:24 | INFO     | src.bot:initialize:60 - Creating tables for bot KBANK Swing
2025-09-21 19:29:24 | INFO     | src.database:create_tables:113 - Database tables created successfully
2025-09-21 19:29:24 | INFO     | src.bot:initialize:62 - Tables created for bot KBANK Swing
2025-09-21 19:29:24 | INFO     | src.bot:initialize:65 - Registering platform for bot KBANK Swing
2025-09-21 19:29:24 | DEBUG    | src.database:register_platform:289 - Platform innovestx already exists
2025-09-21 19:29:24 | INFO     | src.bot:initialize:67 - Platform registered for bot KBANK Swing
2025-09-21 19:29:24 | INFO     | src.bot:initialize:70 - Registering bot KBANK Swing
2025-09-21 19:29:24 | DEBUG    | src.database:register_bot:328 - Bot kbank_swing_innovestx already exists with ID 8e8e1ba8-fa40-442a-baf1-dcee905b04f6
2025-09-21 19:29:24 | INFO     | src.bot:initialize:72 - Bot KBANK Swing registered with ID 8e8e1ba8-fa40-442a-baf1-dcee905b04f6
2025-09-21 19:29:24 | INFO     | src.bot:initialize:75 - Creating exchange for bot KBANK Swing
2025-09-21 19:29:24 | INFO     | src.bot:initialize:77 - Exchange created for bot KBANK Swing
2025-09-21 19:29:24 | INFO     | src.bot:initialize:79 - Connecting to exchange for bot KBANK Swing
2025-09-21 19:29:24 | ERROR    | src.exchanges.innovestx_exchange:_make_request:127 - InnovestX request failed: 'NoneType' object has no attribute 'encode'
2025-09-21 19:29:24 | ERROR    | src.exchanges.innovestx_exchange:connect:56 - Failed to authenticate with InnovestX
2025-09-21 19:29:24 | ERROR    | src.bot:initialize:81 - Failed to connect to exchange for bot KBANK Swing
2025-09-21 19:29:24 | ERROR    | src.bot_manager:start_bot:88 - Failed to initialize bot kbank_swing_innovestx
2025-09-21 19:29:24 | INFO     | src.database:_connect:31 - Connected to PostgreSQL database
2025-09-21 19:29:24 | INFO     | src.bot:initialize:57 - Starting initialization for bot Thai Multi-Sector Bot
2025-09-21 19:29:24 | INFO     | src.bot:initialize:60 - Creating tables for bot Thai Multi-Sector Bot
2025-09-21 19:29:25 | INFO     | src.database:create_tables:113 - Database tables created successfully
2025-09-21 19:29:25 | INFO     | src.bot:initialize:62 - Tables created for bot Thai Multi-Sector Bot
2025-09-21 19:29:25 | INFO     | src.bot:initialize:65 - Registering platform for bot Thai Multi-Sector Bot
2025-09-21 19:29:25 | DEBUG    | src.database:register_platform:289 - Platform innovestx already exists
2025-09-21 19:29:25 | INFO     | src.bot:initialize:67 - Platform registered for bot Thai Multi-Sector Bot
2025-09-21 19:29:25 | INFO     | src.bot:initialize:70 - Registering bot Thai Multi-Sector Bot
2025-09-21 19:29:25 | DEBUG    | src.database:register_bot:328 - Bot thai_multi_sector_innovestx already exists with ID fe82324c-0e15-4d9a-893e-45a99ead6e10
2025-09-21 19:29:25 | INFO     | src.bot:initialize:72 - Bot Thai Multi-Sector Bot registered with ID fe82324c-0e15-4d9a-893e-45a99ead6e10
2025-09-21 19:29:25 | INFO     | src.bot:initialize:75 - Creating exchange for bot Thai Multi-Sector Bot
2025-09-21 19:29:25 | INFO     | src.bot:initialize:77 - Exchange created for bot Thai Multi-Sector Bot
2025-09-21 19:29:25 | INFO     | src.bot:initialize:79 - Connecting to exchange for bot Thai Multi-Sector Bot
2025-09-21 19:29:25 | ERROR    | src.exchanges.innovestx_exchange:_make_request:127 - InnovestX request failed: 'NoneType' object has no attribute 'encode'
2025-09-21 19:29:25 | ERROR    | src.exchanges.innovestx_exchange:connect:56 - Failed to authenticate with InnovestX
2025-09-21 19:29:25 | ERROR    | src.bot:initialize:81 - Failed to connect to exchange for bot Thai Multi-Sector Bot
2025-09-21 19:29:25 | ERROR    | src.bot_manager:start_bot:88 - Failed to initialize bot thai_multi_sector_innovestx
2025-09-21 19:29:25 | INFO     | src.database:_connect:31 - Connected to PostgreSQL database
2025-09-21 19:29:25 | INFO     | src.bot:initialize:57 - Starting initialization for bot BTC Grid Binance TH
2025-09-21 19:29:25 | INFO     | src.bot:initialize:60 - Creating tables for bot BTC Grid Binance TH
2025-09-21 19:29:25 | INFO     | src.database:create_tables:113 - Database tables created successfully
2025-09-21 19:29:25 | INFO     | src.bot:initialize:62 - Tables created for bot BTC Grid Binance TH
2025-09-21 19:29:25 | INFO     | src.bot:initialize:65 - Registering platform for bot BTC Grid Binance TH
2025-09-21 19:29:25 | DEBUG    | src.database:register_platform:289 - Platform binance_th already exists
2025-09-21 19:29:25 | INFO     | src.bot:initialize:67 - Platform registered for bot BTC Grid Binance TH
2025-09-21 19:29:25 | INFO     | src.bot:initialize:70 - Registering bot BTC Grid Binance TH
2025-09-21 19:29:25 | DEBUG    | src.database:register_bot:328 - Bot btc_grid_binance_th already exists with ID 3bd54ecf-276a-4de4-bdc5-891fc5ba8ee0
2025-09-21 19:29:25 | INFO     | src.bot:initialize:72 - Bot BTC Grid Binance TH registered with ID 3bd54ecf-276a-4de4-bdc5-891fc5ba8ee0
2025-09-21 19:29:25 | INFO     | src.bot:initialize:75 - Creating exchange for bot BTC Grid Binance TH
2025-09-21 19:29:25 | INFO     | src.bot:initialize:77 - Exchange created for bot BTC Grid Binance TH
2025-09-21 19:29:25 | INFO     | src.bot:initialize:79 - Connecting to exchange for bot BTC Grid Binance TH
2025-09-21 19:29:27 | INFO     | src.exchanges.binance_th_exchange:connect:36 - Connected to Binance TH (test mode)
2025-09-21 19:29:27 | INFO     | src.bot:initialize:83 - Exchange connected for bot BTC Grid Binance TH
2025-09-21 19:29:27 | INFO     | src.bot:initialize:86 - Creating strategy for bot BTC Grid Binance TH
2025-09-21 19:29:27 | INFO     | src.bot:_create_strategy:197 - Created GridTradingStrategy for bot BTC Grid Binance TH
2025-09-21 19:29:27 | INFO     | src.bot:initialize:88 - Strategy created for bot BTC Grid Binance TH
2025-09-21 19:29:27 | INFO     | src.bot:initialize:91 - Updating bot status to running for bot BTC Grid Binance TH
2025-09-21 19:29:27 | INFO     | src.database:update_bot_status:189 - Bot 3bd54ecf-276a-4de4-bdc5-891fc5ba8ee0 status updated to running
2025-09-21 19:29:27 | ERROR    | src.bot:initialize:99 - Failed to initialize bot BTC Grid Binance TH: object NoneType can't be used in 'await' expression
2025-09-21 19:29:27 | ERROR    | src.bot:initialize:100 - Exception type: <class 'TypeError'>
2025-09-21 19:29:27 | ERROR    | src.bot:initialize:102 - Traceback: Traceback (most recent call last):
  File "/home/bookchaowalit/book/book_projects/personal-project/trading_bot_v2/trading-bots/src/bot.py", line 92, in initialize
    await self.db.update_bot_status(self.bot_id, "running")
TypeError: object NoneType can't be used in 'await' expression

2025-09-21 19:29:27 | INFO     | src.database:update_bot_status:189 - Bot 3bd54ecf-276a-4de4-bdc5-891fc5ba8ee0 status updated to error
2025-09-21 19:29:27 | ERROR    | src.bot_manager:start_bot:101 - Failed to start bot btc_grid_binance_th: object NoneType can't be used in 'await' expression
2025-09-21 19:29:27 | INFO     | src.database:_connect:31 - Connected to PostgreSQL database
2025-09-21 19:29:27 | INFO     | src.bot:initialize:57 - Starting initialization for bot ETH Momentum Binance TH
2025-09-21 19:29:27 | INFO     | src.bot:initialize:60 - Creating tables for bot ETH Momentum Binance TH
2025-09-21 19:29:28 | INFO     | src.database:create_tables:113 - Database tables created successfully
2025-09-21 19:29:28 | INFO     | src.bot:initialize:62 - Tables created for bot ETH Momentum Binance TH
2025-09-21 19:29:28 | INFO     | src.bot:initialize:65 - Registering platform for bot ETH Momentum Binance TH
2025-09-21 19:29:28 | DEBUG    | src.database:register_platform:289 - Platform binance_th already exists
2025-09-21 19:29:28 | INFO     | src.bot:initialize:67 - Platform registered for bot ETH Momentum Binance TH
2025-09-21 19:29:28 | INFO     | src.bot:initialize:70 - Registering bot ETH Momentum Binance TH
2025-09-21 19:29:28 | DEBUG    | src.database:register_bot:328 - Bot eth_momentum_binance_th already exists with ID 53834af7-09d6-4312-b695-b1858adc10f5
2025-09-21 19:29:28 | INFO     | src.bot:initialize:72 - Bot ETH Momentum Binance TH registered with ID 53834af7-09d6-4312-b695-b1858adc10f5
2025-09-21 19:29:28 | INFO     | src.bot:initialize:75 - Creating exchange for bot ETH Momentum Binance TH
2025-09-21 19:29:28 | INFO     | src.bot:initialize:77 - Exchange created for bot ETH Momentum Binance TH
2025-09-21 19:29:28 | INFO     | src.bot:initialize:79 - Connecting to exchange for bot ETH Momentum Binance TH
2025-09-21 19:29:29 | INFO     | src.exchanges.binance_th_exchange:connect:36 - Connected to Binance TH (test mode)
2025-09-21 19:29:29 | INFO     | src.bot:initialize:83 - Exchange connected for bot ETH Momentum Binance TH
2025-09-21 19:29:29 | INFO     | src.bot:initialize:86 - Creating strategy for bot ETH Momentum Binance TH
2025-09-21 19:29:29 | INFO     | src.bot:_create_strategy:201 - Created MomentumStrategy for bot ETH Momentum Binance TH
2025-09-21 19:29:29 | INFO     | src.bot:initialize:88 - Strategy created for bot ETH Momentum Binance TH
2025-09-21 19:29:29 | INFO     | src.bot:initialize:91 - Updating bot status to running for bot ETH Momentum Binance TH
2025-09-21 19:29:29 | INFO     | src.database:update_bot_status:189 - Bot 53834af7-09d6-4312-b695-b1858adc10f5 status updated to running
2025-09-21 19:29:29 | ERROR    | src.bot:initialize:99 - Failed to initialize bot ETH Momentum Binance TH: object NoneType can't be used in 'await' expression
2025-09-21 19:29:29 | ERROR    | src.bot:initialize:100 - Exception type: <class 'TypeError'>
2025-09-21 19:29:29 | ERROR    | src.bot:initialize:102 - Traceback: Traceback (most recent call last):
  File "/home/bookchaowalit/book/book_projects/personal-project/trading_bot_v2/trading-bots/src/bot.py", line 92, in initialize
    await self.db.update_bot_status(self.bot_id, "running")
TypeError: object NoneType can't be used in 'await' expression

2025-09-21 19:29:29 | INFO     | src.database:update_bot_status:189 - Bot 53834af7-09d6-4312-b695-b1858adc10f5 status updated to error
2025-09-21 19:29:29 | ERROR    | src.bot_manager:start_bot:101 - Failed to start bot eth_momentum_binance_th: object NoneType can't be used in 'await' expression
2025-09-21 19:29:29 | INFO     | src.bot_manager:start_all_bots:143 - Started 0 trading bots
2025-09-21 19:30:57 | INFO     | __main__:main:41 - Starting Trading Bot System
2025-09-21 19:30:57 | INFO     | src.bot_manager:run:201 - Starting Bot Manager
2025-09-21 19:30:57 | INFO     | src.bot_manager:load_bot_configs:32 - Loaded 11 bot configurations
2025-09-21 19:30:57 | INFO     | src.database:_connect:31 - Connected to PostgreSQL database
2025-09-21 19:30:57 | INFO     | src.bot:initialize:57 - Starting initialization for bot BTC Scalper
2025-09-21 19:30:57 | INFO     | src.bot:initialize:60 - Creating tables for bot BTC Scalper
2025-09-21 19:30:57 | INFO     | src.database:create_tables:113 - Database tables created successfully
2025-09-21 19:30:57 | INFO     | src.bot:initialize:62 - Tables created for bot BTC Scalper
2025-09-21 19:30:57 | INFO     | src.bot:initialize:65 - Registering platform for bot BTC Scalper
2025-09-21 19:30:57 | DEBUG    | src.database:register_platform:289 - Platform binance already exists
2025-09-21 19:30:57 | INFO     | src.bot:initialize:67 - Platform registered for bot BTC Scalper
2025-09-21 19:30:57 | INFO     | src.bot:initialize:70 - Registering bot BTC Scalper
2025-09-21 19:30:57 | DEBUG    | src.database:register_bot:328 - Bot btc_scalper_binance already exists with ID d670f5bd-d334-4228-bf10-930decd14a31
2025-09-21 19:30:57 | INFO     | src.bot:initialize:72 - Bot BTC Scalper registered with ID d670f5bd-d334-4228-bf10-930decd14a31
2025-09-21 19:30:57 | INFO     | src.bot:initialize:75 - Creating exchange for bot BTC Scalper
2025-09-21 19:30:57 | INFO     | src.bot:initialize:77 - Exchange created for bot BTC Scalper
2025-09-21 19:30:57 | INFO     | src.bot:initialize:79 - Connecting to exchange for bot BTC Scalper
2025-09-21 19:31:00 | INFO     | src.exchanges.binance_exchange:connect:33 - Connected to Binance (sandbox)
2025-09-21 19:31:00 | INFO     | src.bot:initialize:83 - Exchange connected for bot BTC Scalper
2025-09-21 19:31:00 | INFO     | src.bot:initialize:86 - Creating strategy for bot BTC Scalper
2025-09-21 19:31:00 | INFO     | src.bot:_create_strategy:197 - Created GridTradingStrategy for bot BTC Scalper
2025-09-21 19:31:00 | INFO     | src.bot:initialize:88 - Strategy created for bot BTC Scalper
2025-09-21 19:31:00 | INFO     | src.bot:initialize:91 - Updating bot status to running for bot BTC Scalper
2025-09-21 19:31:00 | INFO     | src.database:update_bot_status:189 - Bot d670f5bd-d334-4228-bf10-930decd14a31 status updated to running
2025-09-21 19:31:00 | INFO     | src.bot:initialize:93 - Bot status updated for bot BTC Scalper
2025-09-21 19:31:00 | INFO     | src.bot:initialize:95 - Bot BTC Scalper initialized successfully
2025-09-21 19:31:00 | INFO     | src.bot_manager:start_bot:97 - Started bot btc_scalper_binance
2025-09-21 19:31:01 | INFO     | src.database:_connect:31 - Connected to PostgreSQL database
2025-09-21 19:31:01 | INFO     | src.bot:initialize:57 - Starting initialization for bot ETH Grid Bot
2025-09-21 19:31:01 | INFO     | src.bot:initialize:60 - Creating tables for bot ETH Grid Bot
2025-09-21 19:31:01 | INFO     | src.database:create_tables:113 - Database tables created successfully
2025-09-21 19:31:01 | INFO     | src.bot:initialize:62 - Tables created for bot ETH Grid Bot
2025-09-21 19:31:01 | INFO     | src.bot:initialize:65 - Registering platform for bot ETH Grid Bot
2025-09-21 19:31:01 | DEBUG    | src.database:register_platform:289 - Platform binance already exists
2025-09-21 19:31:01 | INFO     | src.bot:initialize:67 - Platform registered for bot ETH Grid Bot
2025-09-21 19:31:01 | INFO     | src.bot:initialize:70 - Registering bot ETH Grid Bot
2025-09-21 19:31:01 | DEBUG    | src.database:register_bot:328 - Bot eth_grid_binance already exists with ID 4de519c6-7379-44d9-8df2-9f4c941d1d3b
2025-09-21 19:31:01 | INFO     | src.bot:initialize:72 - Bot ETH Grid Bot registered with ID 4de519c6-7379-44d9-8df2-9f4c941d1d3b
2025-09-21 19:31:01 | INFO     | src.bot:initialize:75 - Creating exchange for bot ETH Grid Bot
2025-09-21 19:31:01 | INFO     | src.bot:initialize:77 - Exchange created for bot ETH Grid Bot
2025-09-21 19:31:01 | INFO     | src.bot:initialize:79 - Connecting to exchange for bot ETH Grid Bot
2025-09-21 19:31:01 | INFO     | src.bot:run:217 - Starting bot BTC Scalper
2025-09-21 19:31:03 | INFO     | src.exchanges.binance_exchange:connect:33 - Connected to Binance (sandbox)
2025-09-21 19:31:03 | INFO     | src.bot:initialize:83 - Exchange connected for bot ETH Grid Bot
2025-09-21 19:31:03 | INFO     | src.bot:initialize:86 - Creating strategy for bot ETH Grid Bot
2025-09-21 19:31:03 | INFO     | src.bot:_create_strategy:197 - Created GridTradingStrategy for bot ETH Grid Bot
2025-09-21 19:31:03 | INFO     | src.bot:initialize:88 - Strategy created for bot ETH Grid Bot
2025-09-21 19:31:03 | INFO     | src.bot:initialize:91 - Updating bot status to running for bot ETH Grid Bot
2025-09-21 19:31:03 | INFO     | src.database:update_bot_status:189 - Bot 4de519c6-7379-44d9-8df2-9f4c941d1d3b status updated to running
2025-09-21 19:31:03 | INFO     | src.bot:initialize:93 - Bot status updated for bot ETH Grid Bot
2025-09-21 19:31:03 | INFO     | src.bot:initialize:95 - Bot ETH Grid Bot initialized successfully
2025-09-21 19:31:03 | INFO     | src.bot_manager:start_bot:97 - Started bot eth_grid_binance
2025-09-21 19:31:03 | INFO     | src.database:_connect:31 - Connected to PostgreSQL database
2025-09-21 19:31:03 | INFO     | src.bot:initialize:57 - Starting initialization for bot ADA DCA Bot
2025-09-21 19:31:03 | INFO     | src.bot:initialize:60 - Creating tables for bot ADA DCA Bot
2025-09-21 19:31:03 | INFO     | src.database:create_tables:113 - Database tables created successfully
2025-09-21 19:31:03 | INFO     | src.bot:initialize:62 - Tables created for bot ADA DCA Bot
2025-09-21 19:31:03 | INFO     | src.bot:initialize:65 - Registering platform for bot ADA DCA Bot
2025-09-21 19:31:03 | DEBUG    | src.database:register_platform:289 - Platform binance already exists
2025-09-21 19:31:03 | INFO     | src.bot:initialize:67 - Platform registered for bot ADA DCA Bot
2025-09-21 19:31:03 | INFO     | src.bot:initialize:70 - Registering bot ADA DCA Bot
2025-09-21 19:31:03 | DEBUG    | src.database:register_bot:328 - Bot ada_dca_binance already exists with ID 3050619d-c54b-49ba-a4f4-e328aba8a227
2025-09-21 19:31:03 | INFO     | src.bot:initialize:72 - Bot ADA DCA Bot registered with ID 3050619d-c54b-49ba-a4f4-e328aba8a227
2025-09-21 19:31:03 | INFO     | src.bot:initialize:75 - Creating exchange for bot ADA DCA Bot
2025-09-21 19:31:03 | INFO     | src.bot:initialize:77 - Exchange created for bot ADA DCA Bot
2025-09-21 19:31:03 | INFO     | src.bot:initialize:79 - Connecting to exchange for bot ADA DCA Bot
2025-09-21 19:31:03 | INFO     | src.bot:run:217 - Starting bot ETH Grid Bot
2025-09-21 19:31:04 | ERROR    | src.bot:_update_market_data:323 - Failed to update market data for BTC/USDT: module 'pandas' has no attribute 'np'
2025-09-21 19:31:04 | WARNING  | src.strategies.grid_strategy:analyze:29 - No historical data for BTC/USDT
2025-09-21 19:31:04 | ERROR    | src.bot:_update_performance_metrics:488 - Failed to update performance metrics: DatabaseManager.update_bot_status() takes from 3 to 4 positional arguments but 5 were given
2025-09-21 19:31:05 | INFO     | src.exchanges.binance_exchange:connect:33 - Connected to Binance (sandbox)
2025-09-21 19:31:05 | INFO     | src.bot:initialize:83 - Exchange connected for bot ADA DCA Bot
2025-09-21 19:31:05 | INFO     | src.bot:initialize:86 - Creating strategy for bot ADA DCA Bot
2025-09-21 19:31:05 | INFO     | src.bot:_create_strategy:201 - Created MomentumStrategy for bot ADA DCA Bot
2025-09-21 19:31:05 | INFO     | src.bot:initialize:88 - Strategy created for bot ADA DCA Bot
2025-09-21 19:31:05 | INFO     | src.bot:initialize:91 - Updating bot status to running for bot ADA DCA Bot
2025-09-21 19:31:05 | INFO     | src.database:update_bot_status:189 - Bot 3050619d-c54b-49ba-a4f4-e328aba8a227 status updated to running
2025-09-21 19:31:05 | INFO     | src.bot:initialize:93 - Bot status updated for bot ADA DCA Bot
2025-09-21 19:31:05 | INFO     | src.bot:initialize:95 - Bot ADA DCA Bot initialized successfully
2025-09-21 19:31:05 | INFO     | src.bot_manager:start_bot:97 - Started bot ada_dca_binance
2025-09-21 19:31:05 | INFO     | src.database:_connect:31 - Connected to PostgreSQL database
2025-09-21 19:31:05 | INFO     | src.bot:initialize:57 - Starting initialization for bot BTC Long Term
2025-09-21 19:31:05 | INFO     | src.bot:initialize:60 - Creating tables for bot BTC Long Term
2025-09-21 19:31:05 | INFO     | src.database:create_tables:113 - Database tables created successfully
2025-09-21 19:31:05 | INFO     | src.bot:initialize:62 - Tables created for bot BTC Long Term
2025-09-21 19:31:05 | INFO     | src.bot:initialize:65 - Registering platform for bot BTC Long Term
2025-09-21 19:31:05 | DEBUG    | src.database:register_platform:289 - Platform coinbase already exists
2025-09-21 19:31:05 | INFO     | src.bot:initialize:67 - Platform registered for bot BTC Long Term
2025-09-21 19:31:05 | INFO     | src.bot:initialize:70 - Registering bot BTC Long Term
2025-09-21 19:31:05 | DEBUG    | src.database:register_bot:328 - Bot btc_long_coinbase already exists with ID b627a9ae-22a7-45f8-b5b9-45a9c219f298
2025-09-21 19:31:05 | INFO     | src.bot:initialize:72 - Bot BTC Long Term registered with ID b627a9ae-22a7-45f8-b5b9-45a9c219f298
2025-09-21 19:31:05 | INFO     | src.bot:initialize:75 - Creating exchange for bot BTC Long Term
2025-09-21 19:31:05 | ERROR    | src.bot:initialize:99 - Failed to initialize bot BTC Long Term: Unsupported platform: coinbase
2025-09-21 19:31:05 | ERROR    | src.bot:initialize:100 - Exception type: <class 'ValueError'>
2025-09-21 19:31:05 | ERROR    | src.bot:initialize:102 - Traceback: Traceback (most recent call last):
  File "/home/bookchaowalit/book/book_projects/personal-project/trading_bot_v2/trading-bots/src/bot.py", line 76, in initialize
    self.exchange = self._create_exchange()
                    ^^^^^^^^^^^^^^^^^^^^^^^
  File "/home/bookchaowalit/book/book_projects/personal-project/trading_bot_v2/trading-bots/src/bot.py", line 190, in _create_exchange
    raise ValueError(f"Unsupported platform: {self.platform}")
ValueError: Unsupported platform: coinbase

2025-09-21 19:31:06 | INFO     | src.database:update_bot_status:189 - Bot b627a9ae-22a7-45f8-b5b9-45a9c219f298 status updated to error
2025-09-21 19:31:06 | ERROR    | src.bot_manager:start_bot:88 - Failed to initialize bot btc_long_coinbase
2025-09-21 19:31:06 | INFO     | src.database:_connect:31 - Connected to PostgreSQL database
2025-09-21 19:31:06 | INFO     | src.bot:initialize:57 - Starting initialization for bot ETH Swing
2025-09-21 19:31:06 | INFO     | src.bot:initialize:60 - Creating tables for bot ETH Swing
2025-09-21 19:31:06 | INFO     | src.database:create_tables:113 - Database tables created successfully
2025-09-21 19:31:06 | INFO     | src.bot:initialize:62 - Tables created for bot ETH Swing
2025-09-21 19:31:06 | INFO     | src.bot:initialize:65 - Registering platform for bot ETH Swing
2025-09-21 19:31:06 | DEBUG    | src.database:register_platform:289 - Platform coinbase already exists
2025-09-21 19:31:06 | INFO     | src.bot:initialize:67 - Platform registered for bot ETH Swing
2025-09-21 19:31:06 | INFO     | src.bot:initialize:70 - Registering bot ETH Swing
2025-09-21 19:31:06 | DEBUG    | src.database:register_bot:328 - Bot eth_swing_coinbase already exists with ID 09f08fe4-5358-4708-b06f-311e13cad54f
2025-09-21 19:31:06 | INFO     | src.bot:initialize:72 - Bot ETH Swing registered with ID 09f08fe4-5358-4708-b06f-311e13cad54f
2025-09-21 19:31:06 | INFO     | src.bot:initialize:75 - Creating exchange for bot ETH Swing
2025-09-21 19:31:06 | ERROR    | src.bot:initialize:99 - Failed to initialize bot ETH Swing: Unsupported platform: coinbase
2025-09-21 19:31:06 | ERROR    | src.bot:initialize:100 - Exception type: <class 'ValueError'>
2025-09-21 19:31:06 | ERROR    | src.bot:initialize:102 - Traceback: Traceback (most recent call last):
  File "/home/bookchaowalit/book/book_projects/personal-project/trading_bot_v2/trading-bots/src/bot.py", line 76, in initialize
    self.exchange = self._create_exchange()
                    ^^^^^^^^^^^^^^^^^^^^^^^
  File "/home/bookchaowalit/book/book_projects/personal-project/trading_bot_v2/trading-bots/src/bot.py", line 190, in _create_exchange
    raise ValueError(f"Unsupported platform: {self.platform}")
ValueError: Unsupported platform: coinbase

2025-09-21 19:31:06 | INFO     | src.database:update_bot_status:189 - Bot 09f08fe4-5358-4708-b06f-311e13cad54f status updated to error
2025-09-21 19:31:06 | ERROR    | src.bot_manager:start_bot:88 - Failed to initialize bot eth_swing_coinbase
2025-09-21 19:31:06 | INFO     | src.database:_connect:31 - Connected to PostgreSQL database
2025-09-21 19:31:06 | INFO     | src.bot:initialize:57 - Starting initialization for bot PTT Momentum
2025-09-21 19:31:06 | INFO     | src.bot:initialize:60 - Creating tables for bot PTT Momentum
2025-09-21 19:31:06 | INFO     | src.database:create_tables:113 - Database tables created successfully
2025-09-21 19:31:06 | INFO     | src.bot:initialize:62 - Tables created for bot PTT Momentum
2025-09-21 19:31:06 | INFO     | src.bot:initialize:65 - Registering platform for bot PTT Momentum
2025-09-21 19:31:07 | DEBUG    | src.database:register_platform:289 - Platform innovestx already exists
2025-09-21 19:31:07 | INFO     | src.bot:initialize:67 - Platform registered for bot PTT Momentum
2025-09-21 19:31:07 | INFO     | src.bot:initialize:70 - Registering bot PTT Momentum
2025-09-21 19:31:07 | DEBUG    | src.database:register_bot:328 - Bot ptt_momentum_innovestx already exists with ID 5524a407-1c50-44a0-ad0f-bcc186b31da6
2025-09-21 19:31:07 | INFO     | src.bot:initialize:72 - Bot PTT Momentum registered with ID 5524a407-1c50-44a0-ad0f-bcc186b31da6
2025-09-21 19:31:07 | INFO     | src.bot:initialize:75 - Creating exchange for bot PTT Momentum
2025-09-21 19:31:07 | INFO     | src.bot:initialize:77 - Exchange created for bot PTT Momentum
2025-09-21 19:31:07 | INFO     | src.bot:initialize:79 - Connecting to exchange for bot PTT Momentum
2025-09-21 19:31:07 | ERROR    | src.exchanges.innovestx_exchange:_make_request:127 - InnovestX request failed: 'NoneType' object has no attribute 'encode'
2025-09-21 19:31:07 | ERROR    | src.exchanges.innovestx_exchange:connect:56 - Failed to authenticate with InnovestX
2025-09-21 19:31:07 | ERROR    | src.bot:initialize:81 - Failed to connect to exchange for bot PTT Momentum
2025-09-21 19:31:07 | ERROR    | src.bot_manager:start_bot:88 - Failed to initialize bot ptt_momentum_innovestx
2025-09-21 19:31:07 | INFO     | src.database:_connect:31 - Connected to PostgreSQL database
2025-09-21 19:31:07 | INFO     | src.bot:initialize:57 - Starting initialization for bot CPALL Grid Bot
2025-09-21 19:31:07 | INFO     | src.bot:initialize:60 - Creating tables for bot CPALL Grid Bot
2025-09-21 19:31:07 | INFO     | src.database:create_tables:113 - Database tables created successfully
2025-09-21 19:31:07 | INFO     | src.bot:initialize:62 - Tables created for bot CPALL Grid Bot
2025-09-21 19:31:07 | INFO     | src.bot:initialize:65 - Registering platform for bot CPALL Grid Bot
2025-09-21 19:31:07 | DEBUG    | src.database:register_platform:289 - Platform innovestx already exists
2025-09-21 19:31:07 | INFO     | src.bot:initialize:67 - Platform registered for bot CPALL Grid Bot
2025-09-21 19:31:07 | INFO     | src.bot:initialize:70 - Registering bot CPALL Grid Bot
2025-09-21 19:31:07 | DEBUG    | src.database:register_bot:328 - Bot cpall_grid_innovestx already exists with ID 37d23a1a-63df-45fe-a7c7-73c54882d682
2025-09-21 19:31:07 | INFO     | src.bot:initialize:72 - Bot CPALL Grid Bot registered with ID 37d23a1a-63df-45fe-a7c7-73c54882d682
2025-09-21 19:31:07 | INFO     | src.bot:initialize:75 - Creating exchange for bot CPALL Grid Bot
2025-09-21 19:31:07 | INFO     | src.bot:initialize:77 - Exchange created for bot CPALL Grid Bot
2025-09-21 19:31:07 | INFO     | src.bot:initialize:79 - Connecting to exchange for bot CPALL Grid Bot
2025-09-21 19:31:07 | ERROR    | src.exchanges.innovestx_exchange:_make_request:127 - InnovestX request failed: 'NoneType' object has no attribute 'encode'
2025-09-21 19:31:07 | ERROR    | src.exchanges.innovestx_exchange:connect:56 - Failed to authenticate with InnovestX
2025-09-21 19:31:07 | ERROR    | src.bot:initialize:81 - Failed to connect to exchange for bot CPALL Grid Bot
2025-09-21 19:31:07 | ERROR    | src.bot_manager:start_bot:88 - Failed to initialize bot cpall_grid_innovestx
2025-09-21 19:31:07 | INFO     | src.database:_connect:31 - Connected to PostgreSQL database
2025-09-21 19:31:07 | INFO     | src.bot:initialize:57 - Starting initialization for bot KBANK Swing
2025-09-21 19:31:07 | INFO     | src.bot:initialize:60 - Creating tables for bot KBANK Swing
2025-09-21 19:31:08 | INFO     | src.database:create_tables:113 - Database tables created successfully
2025-09-21 19:31:08 | INFO     | src.bot:initialize:62 - Tables created for bot KBANK Swing
2025-09-21 19:31:08 | INFO     | src.bot:initialize:65 - Registering platform for bot KBANK Swing
2025-09-21 19:31:08 | DEBUG    | src.database:register_platform:289 - Platform innovestx already exists
2025-09-21 19:31:08 | INFO     | src.bot:initialize:67 - Platform registered for bot KBANK Swing
2025-09-21 19:31:08 | INFO     | src.bot:initialize:70 - Registering bot KBANK Swing
2025-09-21 19:31:08 | DEBUG    | src.database:register_bot:328 - Bot kbank_swing_innovestx already exists with ID 8e8e1ba8-fa40-442a-baf1-dcee905b04f6
2025-09-21 19:31:08 | INFO     | src.bot:initialize:72 - Bot KBANK Swing registered with ID 8e8e1ba8-fa40-442a-baf1-dcee905b04f6
2025-09-21 19:31:08 | INFO     | src.bot:initialize:75 - Creating exchange for bot KBANK Swing
2025-09-21 19:31:08 | INFO     | src.bot:initialize:77 - Exchange created for bot KBANK Swing
2025-09-21 19:31:08 | INFO     | src.bot:initialize:79 - Connecting to exchange for bot KBANK Swing
2025-09-21 19:31:08 | ERROR    | src.exchanges.innovestx_exchange:_make_request:127 - InnovestX request failed: 'NoneType' object has no attribute 'encode'
2025-09-21 19:31:08 | ERROR    | src.exchanges.innovestx_exchange:connect:56 - Failed to authenticate with InnovestX
2025-09-21 19:31:08 | ERROR    | src.bot:initialize:81 - Failed to connect to exchange for bot KBANK Swing
2025-09-21 19:31:08 | ERROR    | src.bot_manager:start_bot:88 - Failed to initialize bot kbank_swing_innovestx
2025-09-21 19:31:08 | INFO     | src.database:_connect:31 - Connected to PostgreSQL database
2025-09-21 19:31:08 | INFO     | src.bot:initialize:57 - Starting initialization for bot Thai Multi-Sector Bot
2025-09-21 19:31:08 | INFO     | src.bot:initialize:60 - Creating tables for bot Thai Multi-Sector Bot
2025-09-21 19:31:08 | INFO     | src.database:create_tables:113 - Database tables created successfully
2025-09-21 19:31:08 | INFO     | src.bot:initialize:62 - Tables created for bot Thai Multi-Sector Bot
2025-09-21 19:31:08 | INFO     | src.bot:initialize:65 - Registering platform for bot Thai Multi-Sector Bot
2025-09-21 19:31:08 | DEBUG    | src.database:register_platform:289 - Platform innovestx already exists
2025-09-21 19:31:08 | INFO     | src.bot:initialize:67 - Platform registered for bot Thai Multi-Sector Bot
2025-09-21 19:31:08 | INFO     | src.bot:initialize:70 - Registering bot Thai Multi-Sector Bot
2025-09-21 19:31:08 | DEBUG    | src.database:register_bot:328 - Bot thai_multi_sector_innovestx already exists with ID fe82324c-0e15-4d9a-893e-45a99ead6e10
2025-09-21 19:31:08 | INFO     | src.bot:initialize:72 - Bot Thai Multi-Sector Bot registered with ID fe82324c-0e15-4d9a-893e-45a99ead6e10
2025-09-21 19:31:08 | INFO     | src.bot:initialize:75 - Creating exchange for bot Thai Multi-Sector Bot
2025-09-21 19:31:08 | INFO     | src.bot:initialize:77 - Exchange created for bot Thai Multi-Sector Bot
2025-09-21 19:31:08 | INFO     | src.bot:initialize:79 - Connecting to exchange for bot Thai Multi-Sector Bot
2025-09-21 19:31:08 | ERROR    | src.exchanges.innovestx_exchange:_make_request:127 - InnovestX request failed: 'NoneType' object has no attribute 'encode'
2025-09-21 19:31:08 | ERROR    | src.exchanges.innovestx_exchange:connect:56 - Failed to authenticate with InnovestX
2025-09-21 19:31:08 | ERROR    | src.bot:initialize:81 - Failed to connect to exchange for bot Thai Multi-Sector Bot
2025-09-21 19:31:08 | ERROR    | src.bot_manager:start_bot:88 - Failed to initialize bot thai_multi_sector_innovestx
2025-09-21 19:31:08 | INFO     | src.database:_connect:31 - Connected to PostgreSQL database
2025-09-21 19:31:08 | INFO     | src.bot:initialize:57 - Starting initialization for bot BTC Grid Binance TH
2025-09-21 19:31:08 | INFO     | src.bot:initialize:60 - Creating tables for bot BTC Grid Binance TH
2025-09-21 19:31:09 | INFO     | src.database:create_tables:113 - Database tables created successfully
2025-09-21 19:31:09 | INFO     | src.bot:initialize:62 - Tables created for bot BTC Grid Binance TH
2025-09-21 19:31:09 | INFO     | src.bot:initialize:65 - Registering platform for bot BTC Grid Binance TH
2025-09-21 19:31:09 | DEBUG    | src.database:register_platform:289 - Platform binance_th already exists
2025-09-21 19:31:09 | INFO     | src.bot:initialize:67 - Platform registered for bot BTC Grid Binance TH
2025-09-21 19:31:09 | INFO     | src.bot:initialize:70 - Registering bot BTC Grid Binance TH
2025-09-21 19:31:09 | DEBUG    | src.database:register_bot:328 - Bot btc_grid_binance_th already exists with ID 3bd54ecf-276a-4de4-bdc5-891fc5ba8ee0
2025-09-21 19:31:09 | INFO     | src.bot:initialize:72 - Bot BTC Grid Binance TH registered with ID 3bd54ecf-276a-4de4-bdc5-891fc5ba8ee0
2025-09-21 19:31:09 | INFO     | src.bot:initialize:75 - Creating exchange for bot BTC Grid Binance TH
2025-09-21 19:31:09 | INFO     | src.bot:initialize:77 - Exchange created for bot BTC Grid Binance TH
2025-09-21 19:31:09 | INFO     | src.bot:initialize:79 - Connecting to exchange for bot BTC Grid Binance TH
2025-09-21 19:31:09 | INFO     | src.bot:run:217 - Starting bot ADA DCA Bot
2025-09-21 19:31:09 | ERROR    | src.bot:_update_market_data:323 - Failed to update market data for ETH/USDT: module 'pandas' has no attribute 'np'
2025-09-21 19:31:09 | WARNING  | src.strategies.grid_strategy:analyze:29 - No historical data for ETH/USDT
2025-09-21 19:31:09 | ERROR    | src.bot:_update_performance_metrics:488 - Failed to update performance metrics: DatabaseManager.update_bot_status() takes from 3 to 4 positional arguments but 5 were given
2025-09-21 19:31:10 | INFO     | src.exchanges.binance_th_exchange:connect:36 - Connected to Binance TH (test mode)
2025-09-21 19:31:10 | INFO     | src.bot:initialize:83 - Exchange connected for bot BTC Grid Binance TH
2025-09-21 19:31:10 | INFO     | src.bot:initialize:86 - Creating strategy for bot BTC Grid Binance TH
2025-09-21 19:31:10 | INFO     | src.bot:_create_strategy:197 - Created GridTradingStrategy for bot BTC Grid Binance TH
2025-09-21 19:31:10 | INFO     | src.bot:initialize:88 - Strategy created for bot BTC Grid Binance TH
2025-09-21 19:31:10 | INFO     | src.bot:initialize:91 - Updating bot status to running for bot BTC Grid Binance TH
2025-09-21 19:31:10 | INFO     | src.database:update_bot_status:189 - Bot 3bd54ecf-276a-4de4-bdc5-891fc5ba8ee0 status updated to running
2025-09-21 19:31:10 | INFO     | src.bot:initialize:93 - Bot status updated for bot BTC Grid Binance TH
2025-09-21 19:31:10 | INFO     | src.bot:initialize:95 - Bot BTC Grid Binance TH initialized successfully
2025-09-21 19:31:10 | INFO     | src.bot_manager:start_bot:97 - Started bot btc_grid_binance_th
2025-09-21 19:31:10 | INFO     | src.database:_connect:31 - Connected to PostgreSQL database
2025-09-21 19:31:10 | INFO     | src.bot:initialize:57 - Starting initialization for bot ETH Momentum Binance TH
2025-09-21 19:31:10 | INFO     | src.bot:initialize:60 - Creating tables for bot ETH Momentum Binance TH
2025-09-21 19:31:10 | INFO     | src.database:create_tables:113 - Database tables created successfully
2025-09-21 19:31:10 | INFO     | src.bot:initialize:62 - Tables created for bot ETH Momentum Binance TH
2025-09-21 19:31:10 | INFO     | src.bot:initialize:65 - Registering platform for bot ETH Momentum Binance TH
2025-09-21 19:31:11 | DEBUG    | src.database:register_platform:289 - Platform binance_th already exists
2025-09-21 19:31:11 | INFO     | src.bot:initialize:67 - Platform registered for bot ETH Momentum Binance TH
2025-09-21 19:31:11 | INFO     | src.bot:initialize:70 - Registering bot ETH Momentum Binance TH
2025-09-21 19:31:11 | DEBUG    | src.database:register_bot:328 - Bot eth_momentum_binance_th already exists with ID 53834af7-09d6-4312-b695-b1858adc10f5
2025-09-21 19:31:11 | INFO     | src.bot:initialize:72 - Bot ETH Momentum Binance TH registered with ID 53834af7-09d6-4312-b695-b1858adc10f5
2025-09-21 19:31:11 | INFO     | src.bot:initialize:75 - Creating exchange for bot ETH Momentum Binance TH
2025-09-21 19:31:11 | INFO     | src.bot:initialize:77 - Exchange created for bot ETH Momentum Binance TH
2025-09-21 19:31:11 | INFO     | src.bot:initialize:79 - Connecting to exchange for bot ETH Momentum Binance TH
2025-09-21 19:31:11 | INFO     | src.bot:run:217 - Starting bot BTC Grid Binance TH
2025-09-21 19:31:11 | ERROR    | src.bot:_update_market_data:323 - Failed to update market data for ADA/USDT: module 'pandas' has no attribute 'np'
2025-09-21 19:31:11 | WARNING  | src.strategies.momentum_strategy:analyze:31 - No historical data for ADA/USDT
2025-09-21 19:31:11 | ERROR    | src.bot:_update_performance_metrics:488 - Failed to update performance metrics: DatabaseManager.update_bot_status() takes from 3 to 4 positional arguments but 5 were given
2025-09-21 19:31:12 | INFO     | src.exchanges.binance_th_exchange:connect:36 - Connected to Binance TH (test mode)
2025-09-21 19:31:12 | INFO     | src.bot:initialize:83 - Exchange connected for bot ETH Momentum Binance TH
2025-09-21 19:31:12 | INFO     | src.bot:initialize:86 - Creating strategy for bot ETH Momentum Binance TH
2025-09-21 19:31:12 | INFO     | src.bot:_create_strategy:201 - Created MomentumStrategy for bot ETH Momentum Binance TH
2025-09-21 19:31:12 | INFO     | src.bot:initialize:88 - Strategy created for bot ETH Momentum Binance TH
2025-09-21 19:31:12 | INFO     | src.bot:initialize:91 - Updating bot status to running for bot ETH Momentum Binance TH
2025-09-21 19:31:12 | INFO     | src.database:update_bot_status:189 - Bot 53834af7-09d6-4312-b695-b1858adc10f5 status updated to running
2025-09-21 19:31:12 | INFO     | src.bot:initialize:93 - Bot status updated for bot ETH Momentum Binance TH
2025-09-21 19:31:12 | INFO     | src.bot:initialize:95 - Bot ETH Momentum Binance TH initialized successfully
2025-09-21 19:31:12 | INFO     | src.bot_manager:start_bot:97 - Started bot eth_momentum_binance_th
2025-09-21 19:31:12 | INFO     | src.bot_manager:start_all_bots:143 - Started 5 trading bots
2025-09-21 19:31:12 | INFO     | src.bot:run:217 - Starting bot ETH Momentum Binance TH
2025-09-21 19:31:13 | ERROR    | src.exchanges.binance_th_exchange:_make_request:106 - API request failed: API Error -1121: Invalid symbol.
2025-09-21 19:31:13 | ERROR    | src.exchanges.binance_th_exchange:get_ticker:161 - Failed to get Binance TH ticker for BTC/THB: API Error -1121: Invalid symbol.
2025-09-21 19:31:13 | ERROR    | src.bot:_update_market_data:323 - Failed to update market data for BTC/THB: API Error -1121: Invalid symbol.
2025-09-21 19:31:13 | WARNING  | src.strategies.grid_strategy:analyze:29 - No historical data for BTC/THB
2025-09-21 19:31:13 | ERROR    | src.bot:_update_performance_metrics:488 - Failed to update performance metrics: DatabaseManager.update_bot_status() takes from 3 to 4 positional arguments but 5 were given
2025-09-21 19:31:15 | ERROR    | src.exchanges.binance_th_exchange:_make_request:106 - API request failed: API Error -1121: Invalid symbol.
2025-09-21 19:31:15 | ERROR    | src.exchanges.binance_th_exchange:get_ticker:161 - Failed to get Binance TH ticker for ETH/THB: API Error -1121: Invalid symbol.
2025-09-21 19:31:15 | ERROR    | src.bot:_update_market_data:323 - Failed to update market data for ETH/THB: API Error -1121: Invalid symbol.
2025-09-21 19:31:15 | WARNING  | src.strategies.momentum_strategy:analyze:31 - No historical data for ETH/THB
2025-09-21 19:31:15 | ERROR    | src.bot:_update_performance_metrics:488 - Failed to update performance metrics: DatabaseManager.update_bot_status() takes from 3 to 4 positional arguments but 5 were given
2025-09-21 19:31:47 | INFO     | __main__:main:41 - Starting Trading Bot System
2025-09-21 19:31:47 | INFO     | src.bot_manager:run:201 - Starting Bot Manager
2025-09-21 19:31:47 | INFO     | src.bot_manager:load_bot_configs:32 - Loaded 11 bot configurations
2025-09-21 19:31:47 | INFO     | src.database:_connect:31 - Connected to PostgreSQL database
2025-09-21 19:31:47 | INFO     | src.bot:initialize:57 - Starting initialization for bot BTC Scalper
2025-09-21 19:31:47 | INFO     | src.bot:initialize:60 - Creating tables for bot BTC Scalper
2025-09-21 19:31:47 | INFO     | src.database:create_tables:113 - Database tables created successfully
2025-09-21 19:31:47 | INFO     | src.bot:initialize:62 - Tables created for bot BTC Scalper
2025-09-21 19:31:47 | INFO     | src.bot:initialize:65 - Registering platform for bot BTC Scalper
2025-09-21 19:31:47 | DEBUG    | src.database:register_platform:289 - Platform binance already exists
2025-09-21 19:31:47 | INFO     | src.bot:initialize:67 - Platform registered for bot BTC Scalper
2025-09-21 19:31:47 | INFO     | src.bot:initialize:70 - Registering bot BTC Scalper
2025-09-21 19:31:47 | DEBUG    | src.database:register_bot:328 - Bot btc_scalper_binance already exists with ID d670f5bd-d334-4228-bf10-930decd14a31
2025-09-21 19:31:47 | INFO     | src.bot:initialize:72 - Bot BTC Scalper registered with ID d670f5bd-d334-4228-bf10-930decd14a31
2025-09-21 19:31:47 | INFO     | src.bot:initialize:75 - Creating exchange for bot BTC Scalper
2025-09-21 19:31:47 | INFO     | src.bot:initialize:77 - Exchange created for bot BTC Scalper
2025-09-21 19:31:47 | INFO     | src.bot:initialize:79 - Connecting to exchange for bot BTC Scalper
2025-09-21 19:31:50 | INFO     | src.exchanges.binance_exchange:connect:33 - Connected to Binance (sandbox)
2025-09-21 19:31:50 | INFO     | src.bot:initialize:83 - Exchange connected for bot BTC Scalper
2025-09-21 19:31:50 | INFO     | src.bot:initialize:86 - Creating strategy for bot BTC Scalper
2025-09-21 19:31:50 | INFO     | src.bot:_create_strategy:197 - Created GridTradingStrategy for bot BTC Scalper
2025-09-21 19:31:50 | INFO     | src.bot:initialize:88 - Strategy created for bot BTC Scalper
2025-09-21 19:31:50 | INFO     | src.bot:initialize:91 - Updating bot status to running for bot BTC Scalper
2025-09-21 19:31:50 | INFO     | src.database:update_bot_status:189 - Bot d670f5bd-d334-4228-bf10-930decd14a31 status updated to running
2025-09-21 19:31:50 | INFO     | src.bot:initialize:93 - Bot status updated for bot BTC Scalper
2025-09-21 19:31:50 | INFO     | src.bot:initialize:95 - Bot BTC Scalper initialized successfully
2025-09-21 19:31:50 | INFO     | src.bot_manager:start_bot:97 - Started bot btc_scalper_binance
2025-09-21 19:31:50 | INFO     | src.database:_connect:31 - Connected to PostgreSQL database
2025-09-21 19:31:50 | INFO     | src.bot:initialize:57 - Starting initialization for bot ETH Grid Bot
2025-09-21 19:31:50 | INFO     | src.bot:initialize:60 - Creating tables for bot ETH Grid Bot
2025-09-21 19:31:50 | INFO     | src.database:create_tables:113 - Database tables created successfully
2025-09-21 19:31:50 | INFO     | src.bot:initialize:62 - Tables created for bot ETH Grid Bot
2025-09-21 19:31:50 | INFO     | src.bot:initialize:65 - Registering platform for bot ETH Grid Bot
2025-09-21 19:31:50 | DEBUG    | src.database:register_platform:289 - Platform binance already exists
2025-09-21 19:31:50 | INFO     | src.bot:initialize:67 - Platform registered for bot ETH Grid Bot
2025-09-21 19:31:50 | INFO     | src.bot:initialize:70 - Registering bot ETH Grid Bot
2025-09-21 19:31:50 | DEBUG    | src.database:register_bot:328 - Bot eth_grid_binance already exists with ID 4de519c6-7379-44d9-8df2-9f4c941d1d3b
2025-09-21 19:31:50 | INFO     | src.bot:initialize:72 - Bot ETH Grid Bot registered with ID 4de519c6-7379-44d9-8df2-9f4c941d1d3b
2025-09-21 19:31:50 | INFO     | src.bot:initialize:75 - Creating exchange for bot ETH Grid Bot
2025-09-21 19:31:50 | INFO     | src.bot:initialize:77 - Exchange created for bot ETH Grid Bot
2025-09-21 19:31:50 | INFO     | src.bot:initialize:79 - Connecting to exchange for bot ETH Grid Bot
2025-09-21 19:31:50 | INFO     | src.bot:run:217 - Starting bot BTC Scalper
2025-09-21 19:31:52 | INFO     | src.exchanges.binance_exchange:connect:33 - Connected to Binance (sandbox)
2025-09-21 19:31:52 | INFO     | src.bot:initialize:83 - Exchange connected for bot ETH Grid Bot
2025-09-21 19:31:52 | INFO     | src.bot:initialize:86 - Creating strategy for bot ETH Grid Bot
2025-09-21 19:31:52 | INFO     | src.bot:_create_strategy:197 - Created GridTradingStrategy for bot ETH Grid Bot
2025-09-21 19:31:52 | INFO     | src.bot:initialize:88 - Strategy created for bot ETH Grid Bot
2025-09-21 19:31:52 | INFO     | src.bot:initialize:91 - Updating bot status to running for bot ETH Grid Bot
2025-09-21 19:31:52 | INFO     | src.database:update_bot_status:189 - Bot 4de519c6-7379-44d9-8df2-9f4c941d1d3b status updated to running
2025-09-21 19:31:52 | INFO     | src.bot:initialize:93 - Bot status updated for bot ETH Grid Bot
2025-09-21 19:31:52 | INFO     | src.bot:initialize:95 - Bot ETH Grid Bot initialized successfully
2025-09-21 19:31:52 | INFO     | src.bot_manager:start_bot:97 - Started bot eth_grid_binance
2025-09-21 19:31:52 | INFO     | src.database:_connect:31 - Connected to PostgreSQL database
2025-09-21 19:31:52 | INFO     | src.bot:initialize:57 - Starting initialization for bot ADA DCA Bot
2025-09-21 19:31:52 | INFO     | src.bot:initialize:60 - Creating tables for bot ADA DCA Bot
2025-09-21 19:31:53 | INFO     | src.database:create_tables:113 - Database tables created successfully
2025-09-21 19:31:53 | INFO     | src.bot:initialize:62 - Tables created for bot ADA DCA Bot
2025-09-21 19:31:53 | INFO     | src.bot:initialize:65 - Registering platform for bot ADA DCA Bot
2025-09-21 19:31:53 | DEBUG    | src.database:register_platform:289 - Platform binance already exists
2025-09-21 19:31:53 | INFO     | src.bot:initialize:67 - Platform registered for bot ADA DCA Bot
2025-09-21 19:31:53 | INFO     | src.bot:initialize:70 - Registering bot ADA DCA Bot
2025-09-21 19:31:53 | DEBUG    | src.database:register_bot:328 - Bot ada_dca_binance already exists with ID 3050619d-c54b-49ba-a4f4-e328aba8a227
2025-09-21 19:31:53 | INFO     | src.bot:initialize:72 - Bot ADA DCA Bot registered with ID 3050619d-c54b-49ba-a4f4-e328aba8a227
2025-09-21 19:31:53 | INFO     | src.bot:initialize:75 - Creating exchange for bot ADA DCA Bot
2025-09-21 19:31:53 | INFO     | src.bot:initialize:77 - Exchange created for bot ADA DCA Bot
2025-09-21 19:31:53 | INFO     | src.bot:initialize:79 - Connecting to exchange for bot ADA DCA Bot
2025-09-21 19:31:53 | INFO     | src.bot:run:217 - Starting bot ETH Grid Bot
2025-09-21 19:31:53 | ERROR    | src.bot:_update_market_data:323 - Failed to update market data for BTC/USDT: module 'pandas' has no attribute 'np'
2025-09-21 19:31:53 | WARNING  | src.strategies.grid_strategy:analyze:29 - No historical data for BTC/USDT
2025-09-21 19:31:53 | ERROR    | src.bot:_update_performance_metrics:488 - Failed to update performance metrics: DatabaseManager.update_bot_status() takes from 3 to 4 positional arguments but 5 were given
2025-09-21 19:31:55 | INFO     | src.exchanges.binance_exchange:connect:33 - Connected to Binance (sandbox)
2025-09-21 19:31:55 | INFO     | src.bot:initialize:83 - Exchange connected for bot ADA DCA Bot
2025-09-21 19:31:55 | INFO     | src.bot:initialize:86 - Creating strategy for bot ADA DCA Bot
2025-09-21 19:31:55 | INFO     | src.bot:_create_strategy:201 - Created MomentumStrategy for bot ADA DCA Bot
2025-09-21 19:31:55 | INFO     | src.bot:initialize:88 - Strategy created for bot ADA DCA Bot
2025-09-21 19:31:55 | INFO     | src.bot:initialize:91 - Updating bot status to running for bot ADA DCA Bot
2025-09-21 19:31:55 | INFO     | src.database:update_bot_status:189 - Bot 3050619d-c54b-49ba-a4f4-e328aba8a227 status updated to running
2025-09-21 19:31:55 | INFO     | src.bot:initialize:93 - Bot status updated for bot ADA DCA Bot
2025-09-21 19:31:55 | INFO     | src.bot:initialize:95 - Bot ADA DCA Bot initialized successfully
2025-09-21 19:31:55 | INFO     | src.bot_manager:start_bot:97 - Started bot ada_dca_binance
2025-09-21 19:31:55 | INFO     | src.database:_connect:31 - Connected to PostgreSQL database
2025-09-21 19:31:55 | INFO     | src.bot:initialize:57 - Starting initialization for bot BTC Long Term
2025-09-21 19:31:55 | INFO     | src.bot:initialize:60 - Creating tables for bot BTC Long Term
2025-09-21 19:31:55 | INFO     | src.database:create_tables:113 - Database tables created successfully
2025-09-21 19:31:55 | INFO     | src.bot:initialize:62 - Tables created for bot BTC Long Term
2025-09-21 19:31:55 | INFO     | src.bot:initialize:65 - Registering platform for bot BTC Long Term
2025-09-21 19:31:55 | DEBUG    | src.database:register_platform:289 - Platform coinbase already exists
2025-09-21 19:31:55 | INFO     | src.bot:initialize:67 - Platform registered for bot BTC Long Term
2025-09-21 19:31:55 | INFO     | src.bot:initialize:70 - Registering bot BTC Long Term
2025-09-21 19:31:55 | DEBUG    | src.database:register_bot:328 - Bot btc_long_coinbase already exists with ID b627a9ae-22a7-45f8-b5b9-45a9c219f298
2025-09-21 19:31:55 | INFO     | src.bot:initialize:72 - Bot BTC Long Term registered with ID b627a9ae-22a7-45f8-b5b9-45a9c219f298
2025-09-21 19:31:55 | INFO     | src.bot:initialize:75 - Creating exchange for bot BTC Long Term
2025-09-21 19:31:55 | ERROR    | src.bot:initialize:99 - Failed to initialize bot BTC Long Term: Unsupported platform: coinbase
2025-09-21 19:31:55 | ERROR    | src.bot:initialize:100 - Exception type: <class 'ValueError'>
2025-09-21 19:31:55 | ERROR    | src.bot:initialize:102 - Traceback: Traceback (most recent call last):
  File "/home/bookchaowalit/book/book_projects/personal-project/trading_bot_v2/trading-bots/src/bot.py", line 76, in initialize
    self.exchange = self._create_exchange()
                    ^^^^^^^^^^^^^^^^^^^^^^^
  File "/home/bookchaowalit/book/book_projects/personal-project/trading_bot_v2/trading-bots/src/bot.py", line 190, in _create_exchange
    raise ValueError(f"Unsupported platform: {self.platform}")
ValueError: Unsupported platform: coinbase

2025-09-21 19:31:55 | INFO     | src.database:update_bot_status:189 - Bot b627a9ae-22a7-45f8-b5b9-45a9c219f298 status updated to error
2025-09-21 19:31:55 | ERROR    | src.bot_manager:start_bot:88 - Failed to initialize bot btc_long_coinbase
2025-09-21 19:31:56 | INFO     | src.database:_connect:31 - Connected to PostgreSQL database
2025-09-21 19:31:56 | INFO     | src.bot:initialize:57 - Starting initialization for bot ETH Swing
2025-09-21 19:31:56 | INFO     | src.bot:initialize:60 - Creating tables for bot ETH Swing
2025-09-21 19:31:56 | INFO     | src.database:create_tables:113 - Database tables created successfully
2025-09-21 19:31:56 | INFO     | src.bot:initialize:62 - Tables created for bot ETH Swing
2025-09-21 19:31:56 | INFO     | src.bot:initialize:65 - Registering platform for bot ETH Swing
2025-09-21 19:31:56 | DEBUG    | src.database:register_platform:289 - Platform coinbase already exists
2025-09-21 19:31:56 | INFO     | src.bot:initialize:67 - Platform registered for bot ETH Swing
2025-09-21 19:31:56 | INFO     | src.bot:initialize:70 - Registering bot ETH Swing
2025-09-21 19:31:56 | DEBUG    | src.database:register_bot:328 - Bot eth_swing_coinbase already exists with ID 09f08fe4-5358-4708-b06f-311e13cad54f
2025-09-21 19:31:56 | INFO     | src.bot:initialize:72 - Bot ETH Swing registered with ID 09f08fe4-5358-4708-b06f-311e13cad54f
2025-09-21 19:31:56 | INFO     | src.bot:initialize:75 - Creating exchange for bot ETH Swing
2025-09-21 19:31:56 | ERROR    | src.bot:initialize:99 - Failed to initialize bot ETH Swing: Unsupported platform: coinbase
2025-09-21 19:31:56 | ERROR    | src.bot:initialize:100 - Exception type: <class 'ValueError'>
2025-09-21 19:31:56 | ERROR    | src.bot:initialize:102 - Traceback: Traceback (most recent call last):
  File "/home/bookchaowalit/book/book_projects/personal-project/trading_bot_v2/trading-bots/src/bot.py", line 76, in initialize
    self.exchange = self._create_exchange()
                    ^^^^^^^^^^^^^^^^^^^^^^^
  File "/home/bookchaowalit/book/book_projects/personal-project/trading_bot_v2/trading-bots/src/bot.py", line 190, in _create_exchange
    raise ValueError(f"Unsupported platform: {self.platform}")
ValueError: Unsupported platform: coinbase

2025-09-21 19:31:56 | INFO     | src.database:update_bot_status:189 - Bot 09f08fe4-5358-4708-b06f-311e13cad54f status updated to error
2025-09-21 19:31:56 | ERROR    | src.bot_manager:start_bot:88 - Failed to initialize bot eth_swing_coinbase
2025-09-21 19:31:56 | INFO     | src.database:_connect:31 - Connected to PostgreSQL database
2025-09-21 19:31:56 | INFO     | src.bot:initialize:57 - Starting initialization for bot PTT Momentum
2025-09-21 19:31:56 | INFO     | src.bot:initialize:60 - Creating tables for bot PTT Momentum
2025-09-21 19:31:56 | INFO     | src.database:create_tables:113 - Database tables created successfully
2025-09-21 19:31:56 | INFO     | src.bot:initialize:62 - Tables created for bot PTT Momentum
2025-09-21 19:31:56 | INFO     | src.bot:initialize:65 - Registering platform for bot PTT Momentum
2025-09-21 19:31:56 | DEBUG    | src.database:register_platform:289 - Platform innovestx already exists
2025-09-21 19:31:56 | INFO     | src.bot:initialize:67 - Platform registered for bot PTT Momentum
2025-09-21 19:31:56 | INFO     | src.bot:initialize:70 - Registering bot PTT Momentum
2025-09-21 19:31:56 | DEBUG    | src.database:register_bot:328 - Bot ptt_momentum_innovestx already exists with ID 5524a407-1c50-44a0-ad0f-bcc186b31da6
2025-09-21 19:31:56 | INFO     | src.bot:initialize:72 - Bot PTT Momentum registered with ID 5524a407-1c50-44a0-ad0f-bcc186b31da6
2025-09-21 19:31:56 | INFO     | src.bot:initialize:75 - Creating exchange for bot PTT Momentum
2025-09-21 19:31:56 | INFO     | src.bot:initialize:77 - Exchange created for bot PTT Momentum
2025-09-21 19:31:56 | INFO     | src.bot:initialize:79 - Connecting to exchange for bot PTT Momentum
2025-09-21 19:31:56 | ERROR    | src.exchanges.innovestx_exchange:_make_request:127 - InnovestX request failed: 'NoneType' object has no attribute 'encode'
2025-09-21 19:31:56 | ERROR    | src.exchanges.innovestx_exchange:connect:56 - Failed to authenticate with InnovestX
2025-09-21 19:31:56 | ERROR    | src.bot:initialize:81 - Failed to connect to exchange for bot PTT Momentum
2025-09-21 19:31:56 | ERROR    | src.bot_manager:start_bot:88 - Failed to initialize bot ptt_momentum_innovestx
2025-09-21 19:31:57 | INFO     | src.database:_connect:31 - Connected to PostgreSQL database
2025-09-21 19:31:57 | INFO     | src.bot:initialize:57 - Starting initialization for bot CPALL Grid Bot
2025-09-21 19:31:57 | INFO     | src.bot:initialize:60 - Creating tables for bot CPALL Grid Bot
2025-09-21 19:31:57 | INFO     | src.database:create_tables:113 - Database tables created successfully
2025-09-21 19:31:57 | INFO     | src.bot:initialize:62 - Tables created for bot CPALL Grid Bot
2025-09-21 19:31:57 | INFO     | src.bot:initialize:65 - Registering platform for bot CPALL Grid Bot
2025-09-21 19:31:57 | DEBUG    | src.database:register_platform:289 - Platform innovestx already exists
2025-09-21 19:31:57 | INFO     | src.bot:initialize:67 - Platform registered for bot CPALL Grid Bot
2025-09-21 19:31:57 | INFO     | src.bot:initialize:70 - Registering bot CPALL Grid Bot
2025-09-21 19:31:57 | DEBUG    | src.database:register_bot:328 - Bot cpall_grid_innovestx already exists with ID 37d23a1a-63df-45fe-a7c7-73c54882d682
2025-09-21 19:31:57 | INFO     | src.bot:initialize:72 - Bot CPALL Grid Bot registered with ID 37d23a1a-63df-45fe-a7c7-73c54882d682
2025-09-21 19:31:57 | INFO     | src.bot:initialize:75 - Creating exchange for bot CPALL Grid Bot
2025-09-21 19:31:57 | INFO     | src.bot:initialize:77 - Exchange created for bot CPALL Grid Bot
2025-09-21 19:31:57 | INFO     | src.bot:initialize:79 - Connecting to exchange for bot CPALL Grid Bot
2025-09-21 19:31:57 | ERROR    | src.exchanges.innovestx_exchange:_make_request:127 - InnovestX request failed: 'NoneType' object has no attribute 'encode'
2025-09-21 19:31:57 | ERROR    | src.exchanges.innovestx_exchange:connect:56 - Failed to authenticate with InnovestX
2025-09-21 19:31:57 | ERROR    | src.bot:initialize:81 - Failed to connect to exchange for bot CPALL Grid Bot
2025-09-21 19:31:57 | ERROR    | src.bot_manager:start_bot:88 - Failed to initialize bot cpall_grid_innovestx
2025-09-21 19:31:57 | INFO     | src.database:_connect:31 - Connected to PostgreSQL database
2025-09-21 19:31:57 | INFO     | src.bot:initialize:57 - Starting initialization for bot KBANK Swing
2025-09-21 19:31:57 | INFO     | src.bot:initialize:60 - Creating tables for bot KBANK Swing
2025-09-21 19:31:57 | INFO     | src.database:create_tables:113 - Database tables created successfully
2025-09-21 19:31:57 | INFO     | src.bot:initialize:62 - Tables created for bot KBANK Swing
2025-09-21 19:31:57 | INFO     | src.bot:initialize:65 - Registering platform for bot KBANK Swing
2025-09-21 19:31:57 | DEBUG    | src.database:register_platform:289 - Platform innovestx already exists
2025-09-21 19:31:57 | INFO     | src.bot:initialize:67 - Platform registered for bot KBANK Swing
2025-09-21 19:31:57 | INFO     | src.bot:initialize:70 - Registering bot KBANK Swing
2025-09-21 19:31:57 | DEBUG    | src.database:register_bot:328 - Bot kbank_swing_innovestx already exists with ID 8e8e1ba8-fa40-442a-baf1-dcee905b04f6
2025-09-21 19:31:57 | INFO     | src.bot:initialize:72 - Bot KBANK Swing registered with ID 8e8e1ba8-fa40-442a-baf1-dcee905b04f6
2025-09-21 19:31:57 | INFO     | src.bot:initialize:75 - Creating exchange for bot KBANK Swing
2025-09-21 19:31:57 | INFO     | src.bot:initialize:77 - Exchange created for bot KBANK Swing
2025-09-21 19:31:57 | INFO     | src.bot:initialize:79 - Connecting to exchange for bot KBANK Swing
2025-09-21 19:31:57 | ERROR    | src.exchanges.innovestx_exchange:_make_request:127 - InnovestX request failed: 'NoneType' object has no attribute 'encode'
2025-09-21 19:31:57 | ERROR    | src.exchanges.innovestx_exchange:connect:56 - Failed to authenticate with InnovestX
2025-09-21 19:31:57 | ERROR    | src.bot:initialize:81 - Failed to connect to exchange for bot KBANK Swing
2025-09-21 19:31:57 | ERROR    | src.bot_manager:start_bot:88 - Failed to initialize bot kbank_swing_innovestx
2025-09-21 19:31:58 | INFO     | src.database:_connect:31 - Connected to PostgreSQL database
2025-09-21 19:31:58 | INFO     | src.bot:initialize:57 - Starting initialization for bot Thai Multi-Sector Bot
2025-09-21 19:31:58 | INFO     | src.bot:initialize:60 - Creating tables for bot Thai Multi-Sector Bot
2025-09-21 19:31:58 | INFO     | src.database:create_tables:113 - Database tables created successfully
2025-09-21 19:31:58 | INFO     | src.bot:initialize:62 - Tables created for bot Thai Multi-Sector Bot
2025-09-21 19:31:58 | INFO     | src.bot:initialize:65 - Registering platform for bot Thai Multi-Sector Bot
2025-09-21 19:31:58 | DEBUG    | src.database:register_platform:289 - Platform innovestx already exists
2025-09-21 19:31:58 | INFO     | src.bot:initialize:67 - Platform registered for bot Thai Multi-Sector Bot
2025-09-21 19:31:58 | INFO     | src.bot:initialize:70 - Registering bot Thai Multi-Sector Bot
2025-09-21 19:31:58 | DEBUG    | src.database:register_bot:328 - Bot thai_multi_sector_innovestx already exists with ID fe82324c-0e15-4d9a-893e-45a99ead6e10
2025-09-21 19:31:58 | INFO     | src.bot:initialize:72 - Bot Thai Multi-Sector Bot registered with ID fe82324c-0e15-4d9a-893e-45a99ead6e10
2025-09-21 19:31:58 | INFO     | src.bot:initialize:75 - Creating exchange for bot Thai Multi-Sector Bot
2025-09-21 19:31:58 | INFO     | src.bot:initialize:77 - Exchange created for bot Thai Multi-Sector Bot
2025-09-21 19:31:58 | INFO     | src.bot:initialize:79 - Connecting to exchange for bot Thai Multi-Sector Bot
2025-09-21 19:31:58 | ERROR    | src.exchanges.innovestx_exchange:_make_request:127 - InnovestX request failed: 'NoneType' object has no attribute 'encode'
2025-09-21 19:31:58 | ERROR    | src.exchanges.innovestx_exchange:connect:56 - Failed to authenticate with InnovestX
2025-09-21 19:31:58 | ERROR    | src.bot:initialize:81 - Failed to connect to exchange for bot Thai Multi-Sector Bot
2025-09-21 19:31:58 | ERROR    | src.bot_manager:start_bot:88 - Failed to initialize bot thai_multi_sector_innovestx
2025-09-21 19:31:58 | INFO     | src.database:_connect:31 - Connected to PostgreSQL database
2025-09-21 19:31:58 | INFO     | src.bot:initialize:57 - Starting initialization for bot BTC Grid Binance TH
2025-09-21 19:31:58 | INFO     | src.bot:initialize:60 - Creating tables for bot BTC Grid Binance TH
2025-09-21 19:31:58 | INFO     | src.database:create_tables:113 - Database tables created successfully
2025-09-21 19:31:58 | INFO     | src.bot:initialize:62 - Tables created for bot BTC Grid Binance TH
2025-09-21 19:31:58 | INFO     | src.bot:initialize:65 - Registering platform for bot BTC Grid Binance TH
2025-09-21 19:31:58 | DEBUG    | src.database:register_platform:289 - Platform binance_th already exists
2025-09-21 19:31:58 | INFO     | src.bot:initialize:67 - Platform registered for bot BTC Grid Binance TH
2025-09-21 19:31:58 | INFO     | src.bot:initialize:70 - Registering bot BTC Grid Binance TH
2025-09-21 19:31:58 | DEBUG    | src.database:register_bot:328 - Bot btc_grid_binance_th already exists with ID 3bd54ecf-276a-4de4-bdc5-891fc5ba8ee0
2025-09-21 19:31:58 | INFO     | src.bot:initialize:72 - Bot BTC Grid Binance TH registered with ID 3bd54ecf-276a-4de4-bdc5-891fc5ba8ee0
2025-09-21 19:31:58 | INFO     | src.bot:initialize:75 - Creating exchange for bot BTC Grid Binance TH
2025-09-21 19:31:58 | INFO     | src.bot:initialize:77 - Exchange created for bot BTC Grid Binance TH
2025-09-21 19:31:58 | INFO     | src.bot:initialize:79 - Connecting to exchange for bot BTC Grid Binance TH
2025-09-21 19:31:58 | INFO     | src.bot:run:217 - Starting bot ADA DCA Bot
2025-09-21 19:31:59 | ERROR    | src.bot:_update_market_data:323 - Failed to update market data for ETH/USDT: module 'pandas' has no attribute 'np'
2025-09-21 19:31:59 | WARNING  | src.strategies.grid_strategy:analyze:29 - No historical data for ETH/USDT
2025-09-21 19:31:59 | ERROR    | src.bot:_update_performance_metrics:488 - Failed to update performance metrics: DatabaseManager.update_bot_status() takes from 3 to 4 positional arguments but 5 were given
2025-09-21 19:32:00 | INFO     | src.exchanges.binance_th_exchange:connect:36 - Connected to Binance TH (test mode)
2025-09-21 19:32:00 | INFO     | src.bot:initialize:83 - Exchange connected for bot BTC Grid Binance TH
2025-09-21 19:32:00 | INFO     | src.bot:initialize:86 - Creating strategy for bot BTC Grid Binance TH
2025-09-21 19:32:00 | INFO     | src.bot:_create_strategy:197 - Created GridTradingStrategy for bot BTC Grid Binance TH
2025-09-21 19:32:00 | INFO     | src.bot:initialize:88 - Strategy created for bot BTC Grid Binance TH
2025-09-21 19:32:00 | INFO     | src.bot:initialize:91 - Updating bot status to running for bot BTC Grid Binance TH
2025-09-21 19:32:00 | INFO     | src.database:update_bot_status:189 - Bot 3bd54ecf-276a-4de4-bdc5-891fc5ba8ee0 status updated to running
2025-09-21 19:32:00 | INFO     | src.bot:initialize:93 - Bot status updated for bot BTC Grid Binance TH
2025-09-21 19:32:00 | INFO     | src.bot:initialize:95 - Bot BTC Grid Binance TH initialized successfully
2025-09-21 19:32:00 | INFO     | src.bot_manager:start_bot:97 - Started bot btc_grid_binance_th
2025-09-21 19:32:00 | INFO     | src.database:_connect:31 - Connected to PostgreSQL database
2025-09-21 19:32:00 | INFO     | src.bot:initialize:57 - Starting initialization for bot ETH Momentum Binance TH
2025-09-21 19:32:00 | INFO     | src.bot:initialize:60 - Creating tables for bot ETH Momentum Binance TH
2025-09-21 19:32:00 | INFO     | src.database:create_tables:113 - Database tables created successfully
2025-09-21 19:32:00 | INFO     | src.bot:initialize:62 - Tables created for bot ETH Momentum Binance TH
2025-09-21 19:32:00 | INFO     | src.bot:initialize:65 - Registering platform for bot ETH Momentum Binance TH
2025-09-21 19:32:00 | DEBUG    | src.database:register_platform:289 - Platform binance_th already exists
2025-09-21 19:32:00 | INFO     | src.bot:initialize:67 - Platform registered for bot ETH Momentum Binance TH
2025-09-21 19:32:00 | INFO     | src.bot:initialize:70 - Registering bot ETH Momentum Binance TH
2025-09-21 19:32:00 | DEBUG    | src.database:register_bot:328 - Bot eth_momentum_binance_th already exists with ID 53834af7-09d6-4312-b695-b1858adc10f5
2025-09-21 19:32:00 | INFO     | src.bot:initialize:72 - Bot ETH Momentum Binance TH registered with ID 53834af7-09d6-4312-b695-b1858adc10f5
2025-09-21 19:32:00 | INFO     | src.bot:initialize:75 - Creating exchange for bot ETH Momentum Binance TH
2025-09-21 19:32:00 | INFO     | src.bot:initialize:77 - Exchange created for bot ETH Momentum Binance TH
2025-09-21 19:32:00 | INFO     | src.bot:initialize:79 - Connecting to exchange for bot ETH Momentum Binance TH
2025-09-21 19:32:00 | INFO     | src.bot:run:217 - Starting bot BTC Grid Binance TH
2025-09-21 19:32:01 | ERROR    | src.bot:_update_market_data:323 - Failed to update market data for ADA/USDT: module 'pandas' has no attribute 'np'
2025-09-21 19:32:01 | WARNING  | src.strategies.momentum_strategy:analyze:31 - No historical data for ADA/USDT
2025-09-21 19:32:01 | ERROR    | src.bot:_update_performance_metrics:488 - Failed to update performance metrics: DatabaseManager.update_bot_status() takes from 3 to 4 positional arguments but 5 were given
2025-09-21 19:32:02 | INFO     | src.exchanges.binance_th_exchange:connect:36 - Connected to Binance TH (test mode)
2025-09-21 19:32:02 | INFO     | src.bot:initialize:83 - Exchange connected for bot ETH Momentum Binance TH
2025-09-21 19:32:02 | INFO     | src.bot:initialize:86 - Creating strategy for bot ETH Momentum Binance TH
2025-09-21 19:32:02 | INFO     | src.bot:_create_strategy:201 - Created MomentumStrategy for bot ETH Momentum Binance TH
2025-09-21 19:32:02 | INFO     | src.bot:initialize:88 - Strategy created for bot ETH Momentum Binance TH
2025-09-21 19:32:02 | INFO     | src.bot:initialize:91 - Updating bot status to running for bot ETH Momentum Binance TH
2025-09-21 19:32:02 | INFO     | src.database:update_bot_status:189 - Bot 53834af7-09d6-4312-b695-b1858adc10f5 status updated to running
2025-09-21 19:32:02 | INFO     | src.bot:initialize:93 - Bot status updated for bot ETH Momentum Binance TH
2025-09-21 19:32:02 | INFO     | src.bot:initialize:95 - Bot ETH Momentum Binance TH initialized successfully
2025-09-21 19:32:02 | INFO     | src.bot_manager:start_bot:97 - Started bot eth_momentum_binance_th
2025-09-21 19:32:02 | INFO     | src.bot_manager:start_all_bots:143 - Started 5 trading bots
2025-09-21 19:32:02 | INFO     | src.bot:run:217 - Starting bot ETH Momentum Binance TH
2025-09-21 19:32:03 | ERROR    | src.exchanges.binance_th_exchange:_make_request:106 - API request failed: API Error -1121: Invalid symbol.
2025-09-21 19:32:03 | ERROR    | src.exchanges.binance_th_exchange:get_ticker:161 - Failed to get Binance TH ticker for BTC/THB: API Error -1121: Invalid symbol.
2025-09-21 19:32:03 | ERROR    | src.bot:_update_market_data:323 - Failed to update market data for BTC/THB: API Error -1121: Invalid symbol.
2025-09-21 19:32:03 | WARNING  | src.strategies.grid_strategy:analyze:29 - No historical data for BTC/THB
2025-09-21 19:32:03 | ERROR    | src.bot:_update_performance_metrics:488 - Failed to update performance metrics: DatabaseManager.update_bot_status() takes from 3 to 4 positional arguments but 5 were given
2025-09-21 19:32:04 | ERROR    | src.exchanges.binance_th_exchange:_make_request:106 - API request failed: API Error -1121: Invalid symbol.
2025-09-21 19:32:04 | ERROR    | src.exchanges.binance_th_exchange:get_ticker:161 - Failed to get Binance TH ticker for ETH/THB: API Error -1121: Invalid symbol.
2025-09-21 19:32:04 | ERROR    | src.bot:_update_market_data:323 - Failed to update market data for ETH/THB: API Error -1121: Invalid symbol.
2025-09-21 19:32:04 | WARNING  | src.strategies.momentum_strategy:analyze:31 - No historical data for ETH/THB
2025-09-21 19:32:04 | ERROR    | src.bot:_update_performance_metrics:488 - Failed to update performance metrics: DatabaseManager.update_bot_status() takes from 3 to 4 positional arguments but 5 were given
2025-09-21 19:33:13 | INFO     | src.bot_manager:stop_all_bots:157 - Stopped all trading bots
2025-09-21 19:33:13 | INFO     | src.bot_manager:run:221 - Bot Manager stopped
2025-09-21 19:33:16 | INFO     | __main__:main:41 - Starting Trading Bot System
2025-09-21 19:33:16 | INFO     | src.bot_manager:run:201 - Starting Bot Manager
2025-09-21 19:33:16 | INFO     | src.bot_manager:load_bot_configs:32 - Loaded 11 bot configurations
2025-09-21 19:33:16 | INFO     | src.database:_connect:31 - Connected to PostgreSQL database
2025-09-21 19:33:16 | INFO     | src.bot:initialize:57 - Starting initialization for bot BTC Scalper
2025-09-21 19:33:16 | INFO     | src.bot:initialize:60 - Creating tables for bot BTC Scalper
2025-09-21 19:33:16 | INFO     | src.database:create_tables:113 - Database tables created successfully
2025-09-21 19:33:16 | INFO     | src.bot:initialize:62 - Tables created for bot BTC Scalper
2025-09-21 19:33:16 | INFO     | src.bot:initialize:65 - Registering platform for bot BTC Scalper
2025-09-21 19:33:16 | DEBUG    | src.database:register_platform:289 - Platform binance already exists
2025-09-21 19:33:16 | INFO     | src.bot:initialize:67 - Platform registered for bot BTC Scalper
2025-09-21 19:33:16 | INFO     | src.bot:initialize:70 - Registering bot BTC Scalper
2025-09-21 19:33:16 | DEBUG    | src.database:register_bot:328 - Bot btc_scalper_binance already exists with ID d670f5bd-d334-4228-bf10-930decd14a31
2025-09-21 19:33:16 | INFO     | src.bot:initialize:72 - Bot BTC Scalper registered with ID d670f5bd-d334-4228-bf10-930decd14a31
2025-09-21 19:33:16 | INFO     | src.bot:initialize:75 - Creating exchange for bot BTC Scalper
2025-09-21 19:33:16 | INFO     | src.bot:initialize:77 - Exchange created for bot BTC Scalper
2025-09-21 19:33:16 | INFO     | src.bot:initialize:79 - Connecting to exchange for bot BTC Scalper
2025-09-21 19:33:19 | INFO     | src.exchanges.binance_exchange:connect:33 - Connected to Binance (sandbox)
2025-09-21 19:33:19 | INFO     | src.bot:initialize:83 - Exchange connected for bot BTC Scalper
2025-09-21 19:33:19 | INFO     | src.bot:initialize:86 - Creating strategy for bot BTC Scalper
2025-09-21 19:33:19 | INFO     | src.bot:_create_strategy:197 - Created GridTradingStrategy for bot BTC Scalper
2025-09-21 19:33:19 | INFO     | src.bot:initialize:88 - Strategy created for bot BTC Scalper
2025-09-21 19:33:19 | INFO     | src.bot:initialize:91 - Updating bot status to running for bot BTC Scalper
2025-09-21 19:33:19 | INFO     | src.database:update_bot_status:189 - Bot d670f5bd-d334-4228-bf10-930decd14a31 status updated to running
2025-09-21 19:33:19 | INFO     | src.bot:initialize:93 - Bot status updated for bot BTC Scalper
2025-09-21 19:33:19 | INFO     | src.bot:initialize:95 - Bot BTC Scalper initialized successfully
2025-09-21 19:33:19 | INFO     | src.bot_manager:start_bot:97 - Started bot btc_scalper_binance
2025-09-21 19:33:19 | INFO     | src.database:_connect:31 - Connected to PostgreSQL database
2025-09-21 19:33:19 | INFO     | src.bot:initialize:57 - Starting initialization for bot ETH Grid Bot
2025-09-21 19:33:19 | INFO     | src.bot:initialize:60 - Creating tables for bot ETH Grid Bot
2025-09-21 19:33:19 | INFO     | src.database:create_tables:113 - Database tables created successfully
2025-09-21 19:33:19 | INFO     | src.bot:initialize:62 - Tables created for bot ETH Grid Bot
2025-09-21 19:33:19 | INFO     | src.bot:initialize:65 - Registering platform for bot ETH Grid Bot
2025-09-21 19:33:19 | DEBUG    | src.database:register_platform:289 - Platform binance already exists
2025-09-21 19:33:19 | INFO     | src.bot:initialize:67 - Platform registered for bot ETH Grid Bot
2025-09-21 19:33:19 | INFO     | src.bot:initialize:70 - Registering bot ETH Grid Bot
2025-09-21 19:33:19 | DEBUG    | src.database:register_bot:328 - Bot eth_grid_binance already exists with ID 4de519c6-7379-44d9-8df2-9f4c941d1d3b
2025-09-21 19:33:19 | INFO     | src.bot:initialize:72 - Bot ETH Grid Bot registered with ID 4de519c6-7379-44d9-8df2-9f4c941d1d3b
2025-09-21 19:33:19 | INFO     | src.bot:initialize:75 - Creating exchange for bot ETH Grid Bot
2025-09-21 19:33:19 | INFO     | src.bot:initialize:77 - Exchange created for bot ETH Grid Bot
2025-09-21 19:33:19 | INFO     | src.bot:initialize:79 - Connecting to exchange for bot ETH Grid Bot
2025-09-21 19:33:19 | INFO     | src.bot:run:217 - Starting bot BTC Scalper
2025-09-21 19:33:22 | INFO     | src.exchanges.binance_exchange:connect:33 - Connected to Binance (sandbox)
2025-09-21 19:33:22 | INFO     | src.bot:initialize:83 - Exchange connected for bot ETH Grid Bot
2025-09-21 19:33:22 | INFO     | src.bot:initialize:86 - Creating strategy for bot ETH Grid Bot
2025-09-21 19:33:22 | INFO     | src.bot:_create_strategy:197 - Created GridTradingStrategy for bot ETH Grid Bot
2025-09-21 19:33:22 | INFO     | src.bot:initialize:88 - Strategy created for bot ETH Grid Bot
2025-09-21 19:33:22 | INFO     | src.bot:initialize:91 - Updating bot status to running for bot ETH Grid Bot
2025-09-21 19:33:22 | INFO     | src.database:update_bot_status:189 - Bot 4de519c6-7379-44d9-8df2-9f4c941d1d3b status updated to running
2025-09-21 19:33:22 | INFO     | src.bot:initialize:93 - Bot status updated for bot ETH Grid Bot
2025-09-21 19:33:22 | INFO     | src.bot:initialize:95 - Bot ETH Grid Bot initialized successfully
2025-09-21 19:33:22 | INFO     | src.bot_manager:start_bot:97 - Started bot eth_grid_binance
2025-09-21 19:33:22 | INFO     | src.database:_connect:31 - Connected to PostgreSQL database
2025-09-21 19:33:22 | INFO     | src.bot:initialize:57 - Starting initialization for bot ADA DCA Bot
2025-09-21 19:33:22 | INFO     | src.bot:initialize:60 - Creating tables for bot ADA DCA Bot
2025-09-21 19:33:22 | INFO     | src.database:create_tables:113 - Database tables created successfully
2025-09-21 19:33:22 | INFO     | src.bot:initialize:62 - Tables created for bot ADA DCA Bot
2025-09-21 19:33:22 | INFO     | src.bot:initialize:65 - Registering platform for bot ADA DCA Bot
2025-09-21 19:33:22 | DEBUG    | src.database:register_platform:289 - Platform binance already exists
2025-09-21 19:33:22 | INFO     | src.bot:initialize:67 - Platform registered for bot ADA DCA Bot
2025-09-21 19:33:22 | INFO     | src.bot:initialize:70 - Registering bot ADA DCA Bot
2025-09-21 19:33:22 | DEBUG    | src.database:register_bot:328 - Bot ada_dca_binance already exists with ID 3050619d-c54b-49ba-a4f4-e328aba8a227
2025-09-21 19:33:22 | INFO     | src.bot:initialize:72 - Bot ADA DCA Bot registered with ID 3050619d-c54b-49ba-a4f4-e328aba8a227
2025-09-21 19:33:22 | INFO     | src.bot:initialize:75 - Creating exchange for bot ADA DCA Bot
2025-09-21 19:33:22 | INFO     | src.bot:initialize:77 - Exchange created for bot ADA DCA Bot
2025-09-21 19:33:22 | INFO     | src.bot:initialize:79 - Connecting to exchange for bot ADA DCA Bot
2025-09-21 19:33:22 | INFO     | src.bot:run:217 - Starting bot ETH Grid Bot
2025-09-21 19:33:23 | ERROR    | src.bot:_update_market_data:323 - Failed to update market data for BTC/USDT: module 'pandas' has no attribute 'np'
2025-09-21 19:33:23 | WARNING  | src.strategies.grid_strategy:analyze:29 - No historical data for BTC/USDT
2025-09-21 19:33:23 | ERROR    | src.bot:_update_performance_metrics:488 - Failed to update performance metrics: DatabaseManager.update_bot_status() takes from 3 to 4 positional arguments but 5 were given
2025-09-21 19:33:24 | INFO     | src.exchanges.binance_exchange:connect:33 - Connected to Binance (sandbox)
2025-09-21 19:33:24 | INFO     | src.bot:initialize:83 - Exchange connected for bot ADA DCA Bot
2025-09-21 19:33:24 | INFO     | src.bot:initialize:86 - Creating strategy for bot ADA DCA Bot
2025-09-21 19:33:24 | INFO     | src.bot:_create_strategy:201 - Created MomentumStrategy for bot ADA DCA Bot
2025-09-21 19:33:24 | INFO     | src.bot:initialize:88 - Strategy created for bot ADA DCA Bot
2025-09-21 19:33:24 | INFO     | src.bot:initialize:91 - Updating bot status to running for bot ADA DCA Bot
2025-09-21 19:33:24 | INFO     | src.database:update_bot_status:189 - Bot 3050619d-c54b-49ba-a4f4-e328aba8a227 status updated to running
2025-09-21 19:33:24 | INFO     | src.bot:initialize:93 - Bot status updated for bot ADA DCA Bot
2025-09-21 19:33:24 | INFO     | src.bot:initialize:95 - Bot ADA DCA Bot initialized successfully
2025-09-21 19:33:24 | INFO     | src.bot_manager:start_bot:97 - Started bot ada_dca_binance
2025-09-21 19:33:25 | INFO     | src.database:_connect:31 - Connected to PostgreSQL database
2025-09-21 19:33:25 | INFO     | src.bot:initialize:57 - Starting initialization for bot BTC Long Term
2025-09-21 19:33:25 | INFO     | src.bot:initialize:60 - Creating tables for bot BTC Long Term
2025-09-21 19:33:25 | INFO     | src.database:create_tables:113 - Database tables created successfully
2025-09-21 19:33:25 | INFO     | src.bot:initialize:62 - Tables created for bot BTC Long Term
2025-09-21 19:33:25 | INFO     | src.bot:initialize:65 - Registering platform for bot BTC Long Term
2025-09-21 19:33:25 | DEBUG    | src.database:register_platform:289 - Platform coinbase already exists
2025-09-21 19:33:25 | INFO     | src.bot:initialize:67 - Platform registered for bot BTC Long Term
2025-09-21 19:33:25 | INFO     | src.bot:initialize:70 - Registering bot BTC Long Term
2025-09-21 19:33:25 | DEBUG    | src.database:register_bot:328 - Bot btc_long_coinbase already exists with ID b627a9ae-22a7-45f8-b5b9-45a9c219f298
2025-09-21 19:33:25 | INFO     | src.bot:initialize:72 - Bot BTC Long Term registered with ID b627a9ae-22a7-45f8-b5b9-45a9c219f298
2025-09-21 19:33:25 | INFO     | src.bot:initialize:75 - Creating exchange for bot BTC Long Term
2025-09-21 19:33:25 | ERROR    | src.bot:initialize:99 - Failed to initialize bot BTC Long Term: Unsupported platform: coinbase
2025-09-21 19:33:25 | ERROR    | src.bot:initialize:100 - Exception type: <class 'ValueError'>
2025-09-21 19:33:25 | ERROR    | src.bot:initialize:102 - Traceback: Traceback (most recent call last):
  File "/home/bookchaowalit/book/book_projects/personal-project/trading_bot_v2/trading-bots/src/bot.py", line 76, in initialize
    self.exchange = self._create_exchange()
                    ^^^^^^^^^^^^^^^^^^^^^^^
  File "/home/bookchaowalit/book/book_projects/personal-project/trading_bot_v2/trading-bots/src/bot.py", line 190, in _create_exchange
    raise ValueError(f"Unsupported platform: {self.platform}")
ValueError: Unsupported platform: coinbase

2025-09-21 19:33:25 | INFO     | src.database:update_bot_status:189 - Bot b627a9ae-22a7-45f8-b5b9-45a9c219f298 status updated to error
2025-09-21 19:33:25 | ERROR    | src.bot_manager:start_bot:88 - Failed to initialize bot btc_long_coinbase
2025-09-21 19:33:25 | INFO     | src.database:_connect:31 - Connected to PostgreSQL database
2025-09-21 19:33:25 | INFO     | src.bot:initialize:57 - Starting initialization for bot ETH Swing
2025-09-21 19:33:25 | INFO     | src.bot:initialize:60 - Creating tables for bot ETH Swing
2025-09-21 19:33:25 | INFO     | src.database:create_tables:113 - Database tables created successfully
2025-09-21 19:33:25 | INFO     | src.bot:initialize:62 - Tables created for bot ETH Swing
2025-09-21 19:33:25 | INFO     | src.bot:initialize:65 - Registering platform for bot ETH Swing
2025-09-21 19:33:26 | DEBUG    | src.database:register_platform:289 - Platform coinbase already exists
2025-09-21 19:33:26 | INFO     | src.bot:initialize:67 - Platform registered for bot ETH Swing
2025-09-21 19:33:26 | INFO     | src.bot:initialize:70 - Registering bot ETH Swing
2025-09-21 19:33:26 | DEBUG    | src.database:register_bot:328 - Bot eth_swing_coinbase already exists with ID 09f08fe4-5358-4708-b06f-311e13cad54f
2025-09-21 19:33:26 | INFO     | src.bot:initialize:72 - Bot ETH Swing registered with ID 09f08fe4-5358-4708-b06f-311e13cad54f
2025-09-21 19:33:26 | INFO     | src.bot:initialize:75 - Creating exchange for bot ETH Swing
2025-09-21 19:33:26 | ERROR    | src.bot:initialize:99 - Failed to initialize bot ETH Swing: Unsupported platform: coinbase
2025-09-21 19:33:26 | ERROR    | src.bot:initialize:100 - Exception type: <class 'ValueError'>
2025-09-21 19:33:26 | ERROR    | src.bot:initialize:102 - Traceback: Traceback (most recent call last):
  File "/home/bookchaowalit/book/book_projects/personal-project/trading_bot_v2/trading-bots/src/bot.py", line 76, in initialize
    self.exchange = self._create_exchange()
                    ^^^^^^^^^^^^^^^^^^^^^^^
  File "/home/bookchaowalit/book/book_projects/personal-project/trading_bot_v2/trading-bots/src/bot.py", line 190, in _create_exchange
    raise ValueError(f"Unsupported platform: {self.platform}")
ValueError: Unsupported platform: coinbase

2025-09-21 19:33:26 | INFO     | src.database:update_bot_status:189 - Bot 09f08fe4-5358-4708-b06f-311e13cad54f status updated to error
2025-09-21 19:33:26 | ERROR    | src.bot_manager:start_bot:88 - Failed to initialize bot eth_swing_coinbase
2025-09-21 19:33:26 | INFO     | src.database:_connect:31 - Connected to PostgreSQL database
2025-09-21 19:33:26 | INFO     | src.bot:initialize:57 - Starting initialization for bot PTT Momentum
2025-09-21 19:33:26 | INFO     | src.bot:initialize:60 - Creating tables for bot PTT Momentum
2025-09-21 19:33:26 | INFO     | src.database:create_tables:113 - Database tables created successfully
2025-09-21 19:33:26 | INFO     | src.bot:initialize:62 - Tables created for bot PTT Momentum
2025-09-21 19:33:26 | INFO     | src.bot:initialize:65 - Registering platform for bot PTT Momentum
2025-09-21 19:33:26 | DEBUG    | src.database:register_platform:289 - Platform innovestx already exists
2025-09-21 19:33:26 | INFO     | src.bot:initialize:67 - Platform registered for bot PTT Momentum
2025-09-21 19:33:26 | INFO     | src.bot:initialize:70 - Registering bot PTT Momentum
2025-09-21 19:33:26 | DEBUG    | src.database:register_bot:328 - Bot ptt_momentum_innovestx already exists with ID 5524a407-1c50-44a0-ad0f-bcc186b31da6
2025-09-21 19:33:26 | INFO     | src.bot:initialize:72 - Bot PTT Momentum registered with ID 5524a407-1c50-44a0-ad0f-bcc186b31da6
2025-09-21 19:33:26 | INFO     | src.bot:initialize:75 - Creating exchange for bot PTT Momentum
2025-09-21 19:33:26 | INFO     | src.bot:initialize:77 - Exchange created for bot PTT Momentum
2025-09-21 19:33:26 | INFO     | src.bot:initialize:79 - Connecting to exchange for bot PTT Momentum
2025-09-21 19:33:26 | ERROR    | src.exchanges.innovestx_exchange:_make_request:127 - InnovestX request failed: 'NoneType' object has no attribute 'encode'
2025-09-21 19:33:26 | ERROR    | src.exchanges.innovestx_exchange:connect:56 - Failed to authenticate with InnovestX
2025-09-21 19:33:26 | ERROR    | src.bot:initialize:81 - Failed to connect to exchange for bot PTT Momentum
2025-09-21 19:33:26 | ERROR    | src.bot_manager:start_bot:88 - Failed to initialize bot ptt_momentum_innovestx
2025-09-21 19:33:26 | INFO     | src.database:_connect:31 - Connected to PostgreSQL database
2025-09-21 19:33:26 | INFO     | src.bot:initialize:57 - Starting initialization for bot CPALL Grid Bot
2025-09-21 19:33:26 | INFO     | src.bot:initialize:60 - Creating tables for bot CPALL Grid Bot
2025-09-21 19:33:27 | INFO     | src.database:create_tables:113 - Database tables created successfully
2025-09-21 19:33:27 | INFO     | src.bot:initialize:62 - Tables created for bot CPALL Grid Bot
2025-09-21 19:33:27 | INFO     | src.bot:initialize:65 - Registering platform for bot CPALL Grid Bot
2025-09-21 19:33:27 | DEBUG    | src.database:register_platform:289 - Platform innovestx already exists
2025-09-21 19:33:27 | INFO     | src.bot:initialize:67 - Platform registered for bot CPALL Grid Bot
2025-09-21 19:33:27 | INFO     | src.bot:initialize:70 - Registering bot CPALL Grid Bot
2025-09-21 19:33:27 | DEBUG    | src.database:register_bot:328 - Bot cpall_grid_innovestx already exists with ID 37d23a1a-63df-45fe-a7c7-73c54882d682
2025-09-21 19:33:27 | INFO     | src.bot:initialize:72 - Bot CPALL Grid Bot registered with ID 37d23a1a-63df-45fe-a7c7-73c54882d682
2025-09-21 19:33:27 | INFO     | src.bot:initialize:75 - Creating exchange for bot CPALL Grid Bot
2025-09-21 19:33:27 | INFO     | src.bot:initialize:77 - Exchange created for bot CPALL Grid Bot
2025-09-21 19:33:27 | INFO     | src.bot:initialize:79 - Connecting to exchange for bot CPALL Grid Bot
2025-09-21 19:33:27 | ERROR    | src.exchanges.innovestx_exchange:_make_request:127 - InnovestX request failed: 'NoneType' object has no attribute 'encode'
2025-09-21 19:33:27 | ERROR    | src.exchanges.innovestx_exchange:connect:56 - Failed to authenticate with InnovestX
2025-09-21 19:33:27 | ERROR    | src.bot:initialize:81 - Failed to connect to exchange for bot CPALL Grid Bot
2025-09-21 19:33:27 | ERROR    | src.bot_manager:start_bot:88 - Failed to initialize bot cpall_grid_innovestx
2025-09-21 19:33:27 | INFO     | src.database:_connect:31 - Connected to PostgreSQL database
2025-09-21 19:33:27 | INFO     | src.bot:initialize:57 - Starting initialization for bot KBANK Swing
2025-09-21 19:33:27 | INFO     | src.bot:initialize:60 - Creating tables for bot KBANK Swing
2025-09-21 19:33:27 | INFO     | src.database:create_tables:113 - Database tables created successfully
2025-09-21 19:33:27 | INFO     | src.bot:initialize:62 - Tables created for bot KBANK Swing
2025-09-21 19:33:27 | INFO     | src.bot:initialize:65 - Registering platform for bot KBANK Swing
2025-09-21 19:33:27 | DEBUG    | src.database:register_platform:289 - Platform innovestx already exists
2025-09-21 19:33:27 | INFO     | src.bot:initialize:67 - Platform registered for bot KBANK Swing
2025-09-21 19:33:27 | INFO     | src.bot:initialize:70 - Registering bot KBANK Swing
2025-09-21 19:33:27 | DEBUG    | src.database:register_bot:328 - Bot kbank_swing_innovestx already exists with ID 8e8e1ba8-fa40-442a-baf1-dcee905b04f6
2025-09-21 19:33:27 | INFO     | src.bot:initialize:72 - Bot KBANK Swing registered with ID 8e8e1ba8-fa40-442a-baf1-dcee905b04f6
2025-09-21 19:33:27 | INFO     | src.bot:initialize:75 - Creating exchange for bot KBANK Swing
2025-09-21 19:33:27 | INFO     | src.bot:initialize:77 - Exchange created for bot KBANK Swing
2025-09-21 19:33:27 | INFO     | src.bot:initialize:79 - Connecting to exchange for bot KBANK Swing
2025-09-21 19:33:27 | ERROR    | src.exchanges.innovestx_exchange:_make_request:127 - InnovestX request failed: 'NoneType' object has no attribute 'encode'
2025-09-21 19:33:27 | ERROR    | src.exchanges.innovestx_exchange:connect:56 - Failed to authenticate with InnovestX
2025-09-21 19:33:27 | ERROR    | src.bot:initialize:81 - Failed to connect to exchange for bot KBANK Swing
2025-09-21 19:33:27 | ERROR    | src.bot_manager:start_bot:88 - Failed to initialize bot kbank_swing_innovestx
2025-09-21 19:33:27 | INFO     | src.database:_connect:31 - Connected to PostgreSQL database
2025-09-21 19:33:27 | INFO     | src.bot:initialize:57 - Starting initialization for bot Thai Multi-Sector Bot
2025-09-21 19:33:27 | INFO     | src.bot:initialize:60 - Creating tables for bot Thai Multi-Sector Bot
2025-09-21 19:33:28 | INFO     | src.database:create_tables:113 - Database tables created successfully
2025-09-21 19:33:28 | INFO     | src.bot:initialize:62 - Tables created for bot Thai Multi-Sector Bot
2025-09-21 19:33:28 | INFO     | src.bot:initialize:65 - Registering platform for bot Thai Multi-Sector Bot
2025-09-21 19:33:28 | DEBUG    | src.database:register_platform:289 - Platform innovestx already exists
2025-09-21 19:33:28 | INFO     | src.bot:initialize:67 - Platform registered for bot Thai Multi-Sector Bot
2025-09-21 19:33:28 | INFO     | src.bot:initialize:70 - Registering bot Thai Multi-Sector Bot
2025-09-21 19:33:28 | DEBUG    | src.database:register_bot:328 - Bot thai_multi_sector_innovestx already exists with ID fe82324c-0e15-4d9a-893e-45a99ead6e10
2025-09-21 19:33:28 | INFO     | src.bot:initialize:72 - Bot Thai Multi-Sector Bot registered with ID fe82324c-0e15-4d9a-893e-45a99ead6e10
2025-09-21 19:33:28 | INFO     | src.bot:initialize:75 - Creating exchange for bot Thai Multi-Sector Bot
2025-09-21 19:33:28 | INFO     | src.bot:initialize:77 - Exchange created for bot Thai Multi-Sector Bot
2025-09-21 19:33:28 | INFO     | src.bot:initialize:79 - Connecting to exchange for bot Thai Multi-Sector Bot
2025-09-21 19:33:28 | ERROR    | src.exchanges.innovestx_exchange:_make_request:127 - InnovestX request failed: 'NoneType' object has no attribute 'encode'
2025-09-21 19:33:28 | ERROR    | src.exchanges.innovestx_exchange:connect:56 - Failed to authenticate with InnovestX
2025-09-21 19:33:28 | ERROR    | src.bot:initialize:81 - Failed to connect to exchange for bot Thai Multi-Sector Bot
2025-09-21 19:33:28 | ERROR    | src.bot_manager:start_bot:88 - Failed to initialize bot thai_multi_sector_innovestx
2025-09-21 19:33:28 | INFO     | src.database:_connect:31 - Connected to PostgreSQL database
2025-09-21 19:33:28 | INFO     | src.bot:initialize:57 - Starting initialization for bot BTC Grid Binance TH
2025-09-21 19:33:28 | INFO     | src.bot:initialize:60 - Creating tables for bot BTC Grid Binance TH
2025-09-21 19:33:28 | INFO     | src.database:create_tables:113 - Database tables created successfully
2025-09-21 19:33:28 | INFO     | src.bot:initialize:62 - Tables created for bot BTC Grid Binance TH
2025-09-21 19:33:28 | INFO     | src.bot:initialize:65 - Registering platform for bot BTC Grid Binance TH
2025-09-21 19:33:28 | DEBUG    | src.database:register_platform:289 - Platform binance_th already exists
2025-09-21 19:33:28 | INFO     | src.bot:initialize:67 - Platform registered for bot BTC Grid Binance TH
2025-09-21 19:33:28 | INFO     | src.bot:initialize:70 - Registering bot BTC Grid Binance TH
2025-09-21 19:33:28 | DEBUG    | src.database:register_bot:328 - Bot btc_grid_binance_th already exists with ID 3bd54ecf-276a-4de4-bdc5-891fc5ba8ee0
2025-09-21 19:33:28 | INFO     | src.bot:initialize:72 - Bot BTC Grid Binance TH registered with ID 3bd54ecf-276a-4de4-bdc5-891fc5ba8ee0
2025-09-21 19:33:28 | INFO     | src.bot:initialize:75 - Creating exchange for bot BTC Grid Binance TH
2025-09-21 19:33:28 | INFO     | src.bot:initialize:77 - Exchange created for bot BTC Grid Binance TH
2025-09-21 19:33:28 | INFO     | src.bot:initialize:79 - Connecting to exchange for bot BTC Grid Binance TH
2025-09-21 19:33:28 | INFO     | src.bot:run:217 - Starting bot ADA DCA Bot
2025-09-21 19:33:29 | ERROR    | src.bot:_update_market_data:323 - Failed to update market data for ETH/USDT: module 'pandas' has no attribute 'np'
2025-09-21 19:33:29 | WARNING  | src.strategies.grid_strategy:analyze:29 - No historical data for ETH/USDT
2025-09-21 19:33:29 | ERROR    | src.bot:_update_performance_metrics:488 - Failed to update performance metrics: DatabaseManager.update_bot_status() takes from 3 to 4 positional arguments but 5 were given
2025-09-21 19:33:30 | INFO     | src.exchanges.binance_th_exchange:connect:36 - Connected to Binance TH (test mode)
2025-09-21 19:33:30 | INFO     | src.bot:initialize:83 - Exchange connected for bot BTC Grid Binance TH
2025-09-21 19:33:30 | INFO     | src.bot:initialize:86 - Creating strategy for bot BTC Grid Binance TH
2025-09-21 19:33:30 | INFO     | src.bot:_create_strategy:197 - Created GridTradingStrategy for bot BTC Grid Binance TH
2025-09-21 19:33:30 | INFO     | src.bot:initialize:88 - Strategy created for bot BTC Grid Binance TH
2025-09-21 19:33:30 | INFO     | src.bot:initialize:91 - Updating bot status to running for bot BTC Grid Binance TH
2025-09-21 19:33:30 | INFO     | src.database:update_bot_status:189 - Bot 3bd54ecf-276a-4de4-bdc5-891fc5ba8ee0 status updated to running
2025-09-21 19:33:30 | INFO     | src.bot:initialize:93 - Bot status updated for bot BTC Grid Binance TH
2025-09-21 19:33:30 | INFO     | src.bot:initialize:95 - Bot BTC Grid Binance TH initialized successfully
2025-09-21 19:33:30 | INFO     | src.bot_manager:start_bot:97 - Started bot btc_grid_binance_th
2025-09-21 19:33:30 | INFO     | src.database:_connect:31 - Connected to PostgreSQL database
2025-09-21 19:33:30 | INFO     | src.bot:initialize:57 - Starting initialization for bot ETH Momentum Binance TH
2025-09-21 19:33:30 | INFO     | src.bot:initialize:60 - Creating tables for bot ETH Momentum Binance TH
2025-09-21 19:33:30 | INFO     | src.database:create_tables:113 - Database tables created successfully
2025-09-21 19:33:30 | INFO     | src.bot:initialize:62 - Tables created for bot ETH Momentum Binance TH
2025-09-21 19:33:30 | INFO     | src.bot:initialize:65 - Registering platform for bot ETH Momentum Binance TH
2025-09-21 19:33:30 | DEBUG    | src.database:register_platform:289 - Platform binance_th already exists
2025-09-21 19:33:30 | INFO     | src.bot:initialize:67 - Platform registered for bot ETH Momentum Binance TH
2025-09-21 19:33:30 | INFO     | src.bot:initialize:70 - Registering bot ETH Momentum Binance TH
2025-09-21 19:33:30 | DEBUG    | src.database:register_bot:328 - Bot eth_momentum_binance_th already exists with ID 53834af7-09d6-4312-b695-b1858adc10f5
2025-09-21 19:33:30 | INFO     | src.bot:initialize:72 - Bot ETH Momentum Binance TH registered with ID 53834af7-09d6-4312-b695-b1858adc10f5
2025-09-21 19:33:30 | INFO     | src.bot:initialize:75 - Creating exchange for bot ETH Momentum Binance TH
2025-09-21 19:33:30 | INFO     | src.bot:initialize:77 - Exchange created for bot ETH Momentum Binance TH
2025-09-21 19:33:30 | INFO     | src.bot:initialize:79 - Connecting to exchange for bot ETH Momentum Binance TH
2025-09-21 19:33:30 | INFO     | src.bot:run:217 - Starting bot BTC Grid Binance TH
2025-09-21 19:33:31 | ERROR    | src.bot:_update_market_data:323 - Failed to update market data for ADA/USDT: module 'pandas' has no attribute 'np'
2025-09-21 19:33:31 | WARNING  | src.strategies.momentum_strategy:analyze:31 - No historical data for ADA/USDT
2025-09-21 19:33:31 | ERROR    | src.bot:_update_performance_metrics:488 - Failed to update performance metrics: DatabaseManager.update_bot_status() takes from 3 to 4 positional arguments but 5 were given
2025-09-21 19:33:32 | INFO     | src.exchanges.binance_th_exchange:connect:36 - Connected to Binance TH (test mode)
2025-09-21 19:33:32 | INFO     | src.bot:initialize:83 - Exchange connected for bot ETH Momentum Binance TH
2025-09-21 19:33:32 | INFO     | src.bot:initialize:86 - Creating strategy for bot ETH Momentum Binance TH
2025-09-21 19:33:32 | INFO     | src.bot:_create_strategy:201 - Created MomentumStrategy for bot ETH Momentum Binance TH
2025-09-21 19:33:32 | INFO     | src.bot:initialize:88 - Strategy created for bot ETH Momentum Binance TH
2025-09-21 19:33:32 | INFO     | src.bot:initialize:91 - Updating bot status to running for bot ETH Momentum Binance TH
2025-09-21 19:33:32 | INFO     | src.database:update_bot_status:189 - Bot 53834af7-09d6-4312-b695-b1858adc10f5 status updated to running
2025-09-21 19:33:32 | INFO     | src.bot:initialize:93 - Bot status updated for bot ETH Momentum Binance TH
2025-09-21 19:33:32 | INFO     | src.bot:initialize:95 - Bot ETH Momentum Binance TH initialized successfully
2025-09-21 19:33:32 | INFO     | src.bot_manager:start_bot:97 - Started bot eth_momentum_binance_th
2025-09-21 19:33:32 | INFO     | src.bot_manager:start_all_bots:143 - Started 5 trading bots
2025-09-21 19:33:32 | INFO     | src.bot:run:217 - Starting bot ETH Momentum Binance TH
2025-09-21 19:33:33 | ERROR    | src.exchanges.binance_th_exchange:_make_request:106 - API request failed: API Error -1121: Invalid symbol.
2025-09-21 19:33:33 | ERROR    | src.exchanges.binance_th_exchange:get_ticker:161 - Failed to get Binance TH ticker for BTC/THB: API Error -1121: Invalid symbol.
2025-09-21 19:33:33 | ERROR    | src.bot:_update_market_data:323 - Failed to update market data for BTC/THB: API Error -1121: Invalid symbol.
2025-09-21 19:33:33 | WARNING  | src.strategies.grid_strategy:analyze:29 - No historical data for BTC/THB
2025-09-21 19:33:33 | ERROR    | src.bot:_update_performance_metrics:488 - Failed to update performance metrics: DatabaseManager.update_bot_status() takes from 3 to 4 positional arguments but 5 were given
2025-09-21 19:33:34 | ERROR    | src.exchanges.binance_th_exchange:_make_request:106 - API request failed: API Error -1121: Invalid symbol.
2025-09-21 19:33:34 | ERROR    | src.exchanges.binance_th_exchange:get_ticker:161 - Failed to get Binance TH ticker for ETH/THB: API Error -1121: Invalid symbol.
2025-09-21 19:33:34 | ERROR    | src.bot:_update_market_data:323 - Failed to update market data for ETH/THB: API Error -1121: Invalid symbol.
2025-09-21 19:33:34 | WARNING  | src.strategies.momentum_strategy:analyze:31 - No historical data for ETH/THB
2025-09-21 19:33:34 | ERROR    | src.bot:_update_performance_metrics:488 - Failed to update performance metrics: DatabaseManager.update_bot_status() takes from 3 to 4 positional arguments but 5 were given
2025-09-21 19:34:24 | ERROR    | src.bot:_update_market_data:323 - Failed to update market data for BTC/USDT: module 'pandas' has no attribute 'np'
2025-09-21 19:34:24 | WARNING  | src.strategies.grid_strategy:analyze:29 - No historical data for BTC/USDT
2025-09-21 19:34:24 | ERROR    | src.bot:_update_performance_metrics:488 - Failed to update performance metrics: DatabaseManager.update_bot_status() takes from 3 to 4 positional arguments but 5 were given
2025-09-21 19:34:30 | ERROR    | src.bot:_update_market_data:323 - Failed to update market data for ETH/USDT: module 'pandas' has no attribute 'np'
2025-09-21 19:34:30 | WARNING  | src.strategies.grid_strategy:analyze:29 - No historical data for ETH/USDT
2025-09-21 19:34:30 | ERROR    | src.bot:_update_performance_metrics:488 - Failed to update performance metrics: DatabaseManager.update_bot_status() takes from 3 to 4 positional arguments but 5 were given
2025-09-21 19:34:32 | ERROR    | src.bot:_update_market_data:323 - Failed to update market data for ADA/USDT: module 'pandas' has no attribute 'np'
2025-09-21 19:34:32 | WARNING  | src.strategies.momentum_strategy:analyze:31 - No historical data for ADA/USDT
2025-09-21 19:34:32 | ERROR    | src.bot:_update_performance_metrics:488 - Failed to update performance metrics: DatabaseManager.update_bot_status() takes from 3 to 4 positional arguments but 5 were given
2025-09-21 19:34:34 | ERROR    | src.exchanges.binance_th_exchange:_make_request:106 - API request failed: API Error -1121: Invalid symbol.
2025-09-21 19:34:34 | ERROR    | src.exchanges.binance_th_exchange:get_ticker:161 - Failed to get Binance TH ticker for BTC/THB: API Error -1121: Invalid symbol.
2025-09-21 19:34:34 | ERROR    | src.bot:_update_market_data:323 - Failed to update market data for BTC/THB: API Error -1121: Invalid symbol.
2025-09-21 19:34:34 | WARNING  | src.strategies.grid_strategy:analyze:29 - No historical data for BTC/THB
2025-09-21 19:34:34 | ERROR    | src.bot:_update_performance_metrics:488 - Failed to update performance metrics: DatabaseManager.update_bot_status() takes from 3 to 4 positional arguments but 5 were given
2025-09-21 19:34:36 | ERROR    | src.exchanges.binance_th_exchange:_make_request:106 - API request failed: API Error -1121: Invalid symbol.
2025-09-21 19:34:36 | ERROR    | src.exchanges.binance_th_exchange:get_ticker:161 - Failed to get Binance TH ticker for ETH/THB: API Error -1121: Invalid symbol.
2025-09-21 19:34:36 | ERROR    | src.bot:_update_market_data:323 - Failed to update market data for ETH/THB: API Error -1121: Invalid symbol.
2025-09-21 19:34:36 | WARNING  | src.strategies.momentum_strategy:analyze:31 - No historical data for ETH/THB
2025-09-21 19:34:36 | ERROR    | src.bot:_update_performance_metrics:488 - Failed to update performance metrics: DatabaseManager.update_bot_status() takes from 3 to 4 positional arguments but 5 were given
2025-09-21 19:35:26 | ERROR    | src.bot:_update_market_data:323 - Failed to update market data for BTC/USDT: module 'pandas' has no attribute 'np'
2025-09-21 19:35:26 | WARNING  | src.strategies.grid_strategy:analyze:29 - No historical data for BTC/USDT
2025-09-21 19:35:26 | ERROR    | src.bot:_update_performance_metrics:488 - Failed to update performance metrics: DatabaseManager.update_bot_status() takes from 3 to 4 positional arguments but 5 were given
2025-09-21 19:35:31 | ERROR    | src.bot:_update_market_data:323 - Failed to update market data for ETH/USDT: module 'pandas' has no attribute 'np'
2025-09-21 19:35:31 | WARNING  | src.strategies.grid_strategy:analyze:29 - No historical data for ETH/USDT
2025-09-21 19:35:31 | ERROR    | src.bot:_update_performance_metrics:488 - Failed to update performance metrics: DatabaseManager.update_bot_status() takes from 3 to 4 positional arguments but 5 were given
2025-09-21 19:35:33 | ERROR    | src.bot:_update_market_data:323 - Failed to update market data for ADA/USDT: module 'pandas' has no attribute 'np'
2025-09-21 19:35:33 | WARNING  | src.strategies.momentum_strategy:analyze:31 - No historical data for ADA/USDT
2025-09-21 19:35:33 | ERROR    | src.bot:_update_performance_metrics:488 - Failed to update performance metrics: DatabaseManager.update_bot_status() takes from 3 to 4 positional arguments but 5 were given
2025-09-21 19:35:35 | ERROR    | src.exchanges.binance_th_exchange:_make_request:106 - API request failed: API Error -1121: Invalid symbol.
2025-09-21 19:35:35 | ERROR    | src.exchanges.binance_th_exchange:get_ticker:161 - Failed to get Binance TH ticker for BTC/THB: API Error -1121: Invalid symbol.
2025-09-21 19:35:35 | ERROR    | src.bot:_update_market_data:323 - Failed to update market data for BTC/THB: API Error -1121: Invalid symbol.
2025-09-21 19:35:35 | WARNING  | src.strategies.grid_strategy:analyze:29 - No historical data for BTC/THB
2025-09-21 19:35:35 | ERROR    | src.bot:_update_performance_metrics:488 - Failed to update performance metrics: DatabaseManager.update_bot_status() takes from 3 to 4 positional arguments but 5 were given
2025-09-21 19:35:37 | ERROR    | src.exchanges.binance_th_exchange:_make_request:106 - API request failed: API Error -1121: Invalid symbol.
2025-09-21 19:35:37 | ERROR    | src.exchanges.binance_th_exchange:get_ticker:161 - Failed to get Binance TH ticker for ETH/THB: API Error -1121: Invalid symbol.
2025-09-21 19:35:37 | ERROR    | src.bot:_update_market_data:323 - Failed to update market data for ETH/THB: API Error -1121: Invalid symbol.
2025-09-21 19:35:37 | WARNING  | src.strategies.momentum_strategy:analyze:31 - No historical data for ETH/THB
2025-09-21 19:35:37 | ERROR    | src.bot:_update_performance_metrics:488 - Failed to update performance metrics: DatabaseManager.update_bot_status() takes from 3 to 4 positional arguments but 5 were given
2025-09-21 19:36:27 | ERROR    | src.bot:_update_market_data:323 - Failed to update market data for BTC/USDT: module 'pandas' has no attribute 'np'
2025-09-21 19:36:27 | WARNING  | src.strategies.grid_strategy:analyze:29 - No historical data for BTC/USDT
2025-09-21 19:36:27 | ERROR    | src.bot:_update_performance_metrics:488 - Failed to update performance metrics: DatabaseManager.update_bot_status() takes from 3 to 4 positional arguments but 5 were given
2025-09-21 19:36:33 | ERROR    | src.bot:_update_market_data:323 - Failed to update market data for ETH/USDT: module 'pandas' has no attribute 'np'
2025-09-21 19:36:33 | WARNING  | src.strategies.grid_strategy:analyze:29 - No historical data for ETH/USDT
2025-09-21 19:36:33 | ERROR    | src.bot:_update_performance_metrics:488 - Failed to update performance metrics: DatabaseManager.update_bot_status() takes from 3 to 4 positional arguments but 5 were given
2025-09-21 19:36:34 | ERROR    | src.bot:_update_market_data:323 - Failed to update market data for ADA/USDT: module 'pandas' has no attribute 'np'
2025-09-21 19:36:34 | WARNING  | src.strategies.momentum_strategy:analyze:31 - No historical data for ADA/USDT
2025-09-21 19:36:34 | ERROR    | src.bot:_update_performance_metrics:488 - Failed to update performance metrics: DatabaseManager.update_bot_status() takes from 3 to 4 positional arguments but 5 were given
2025-09-21 19:36:37 | ERROR    | src.exchanges.binance_th_exchange:_make_request:106 - API request failed: API Error -1121: Invalid symbol.
2025-09-21 19:36:37 | ERROR    | src.exchanges.binance_th_exchange:get_ticker:161 - Failed to get Binance TH ticker for BTC/THB: API Error -1121: Invalid symbol.
2025-09-21 19:36:37 | ERROR    | src.bot:_update_market_data:323 - Failed to update market data for BTC/THB: API Error -1121: Invalid symbol.
2025-09-21 19:36:37 | WARNING  | src.strategies.grid_strategy:analyze:29 - No historical data for BTC/THB
2025-09-21 19:36:37 | ERROR    | src.bot:_update_performance_metrics:488 - Failed to update performance metrics: DatabaseManager.update_bot_status() takes from 3 to 4 positional arguments but 5 were given
2025-09-21 19:36:38 | ERROR    | src.exchanges.binance_th_exchange:_make_request:106 - API request failed: API Error -1121: Invalid symbol.
2025-09-21 19:36:38 | ERROR    | src.exchanges.binance_th_exchange:get_ticker:161 - Failed to get Binance TH ticker for ETH/THB: API Error -1121: Invalid symbol.
2025-09-21 19:36:38 | ERROR    | src.bot:_update_market_data:323 - Failed to update market data for ETH/THB: API Error -1121: Invalid symbol.
2025-09-21 19:36:38 | WARNING  | src.strategies.momentum_strategy:analyze:31 - No historical data for ETH/THB
2025-09-21 19:36:38 | ERROR    | src.bot:_update_performance_metrics:488 - Failed to update performance metrics: DatabaseManager.update_bot_status() takes from 3 to 4 positional arguments but 5 were given
2025-09-21 19:37:03 | INFO     | __main__:main:41 - Starting Trading Bot System
2025-09-21 19:37:03 | INFO     | src.bot_manager:run:201 - Starting Bot Manager
2025-09-21 19:37:03 | INFO     | src.bot_manager:load_bot_configs:32 - Loaded 11 bot configurations
2025-09-21 19:37:03 | INFO     | src.database:_connect:31 - Connected to PostgreSQL database
2025-09-21 19:37:03 | INFO     | src.bot:initialize:57 - Starting initialization for bot BTC Scalper
2025-09-21 19:37:03 | INFO     | src.bot:initialize:60 - Creating tables for bot BTC Scalper
2025-09-21 19:37:03 | INFO     | src.database:create_tables:113 - Database tables created successfully
2025-09-21 19:37:03 | INFO     | src.bot:initialize:62 - Tables created for bot BTC Scalper
2025-09-21 19:37:03 | INFO     | src.bot:initialize:65 - Registering platform for bot BTC Scalper
2025-09-21 19:37:03 | DEBUG    | src.database:register_platform:289 - Platform binance already exists
2025-09-21 19:37:03 | INFO     | src.bot:initialize:67 - Platform registered for bot BTC Scalper
2025-09-21 19:37:03 | INFO     | src.bot:initialize:70 - Registering bot BTC Scalper
2025-09-21 19:37:03 | DEBUG    | src.database:register_bot:328 - Bot btc_scalper_binance already exists with ID d670f5bd-d334-4228-bf10-930decd14a31
2025-09-21 19:37:03 | INFO     | src.bot:initialize:72 - Bot BTC Scalper registered with ID d670f5bd-d334-4228-bf10-930decd14a31
2025-09-21 19:37:03 | INFO     | src.bot:initialize:75 - Creating exchange for bot BTC Scalper
2025-09-21 19:37:03 | INFO     | src.bot:initialize:77 - Exchange created for bot BTC Scalper
2025-09-21 19:37:03 | INFO     | src.bot:initialize:79 - Connecting to exchange for bot BTC Scalper
2025-09-21 19:37:06 | INFO     | src.exchanges.binance_exchange:connect:33 - Connected to Binance (sandbox)
2025-09-21 19:37:06 | INFO     | src.bot:initialize:83 - Exchange connected for bot BTC Scalper
2025-09-21 19:37:06 | INFO     | src.bot:initialize:86 - Creating strategy for bot BTC Scalper
2025-09-21 19:37:06 | INFO     | src.bot:_create_strategy:197 - Created GridTradingStrategy for bot BTC Scalper
2025-09-21 19:37:06 | INFO     | src.bot:initialize:88 - Strategy created for bot BTC Scalper
2025-09-21 19:37:06 | INFO     | src.bot:initialize:91 - Updating bot status to running for bot BTC Scalper
2025-09-21 19:37:06 | INFO     | src.database:update_bot_status:189 - Bot d670f5bd-d334-4228-bf10-930decd14a31 status updated to running
2025-09-21 19:37:06 | INFO     | src.bot:initialize:93 - Bot status updated for bot BTC Scalper
2025-09-21 19:37:06 | INFO     | src.bot:initialize:95 - Bot BTC Scalper initialized successfully
2025-09-21 19:37:06 | INFO     | src.bot_manager:start_bot:97 - Started bot btc_scalper_binance
2025-09-21 19:37:06 | INFO     | src.database:_connect:31 - Connected to PostgreSQL database
2025-09-21 19:37:06 | INFO     | src.bot:initialize:57 - Starting initialization for bot ETH Grid Bot
2025-09-21 19:37:06 | INFO     | src.bot:initialize:60 - Creating tables for bot ETH Grid Bot
2025-09-21 19:37:06 | INFO     | src.database:create_tables:113 - Database tables created successfully
2025-09-21 19:37:06 | INFO     | src.bot:initialize:62 - Tables created for bot ETH Grid Bot
2025-09-21 19:37:06 | INFO     | src.bot:initialize:65 - Registering platform for bot ETH Grid Bot
2025-09-21 19:37:06 | DEBUG    | src.database:register_platform:289 - Platform binance already exists
2025-09-21 19:37:06 | INFO     | src.bot:initialize:67 - Platform registered for bot ETH Grid Bot
2025-09-21 19:37:06 | INFO     | src.bot:initialize:70 - Registering bot ETH Grid Bot
2025-09-21 19:37:06 | DEBUG    | src.database:register_bot:328 - Bot eth_grid_binance already exists with ID 4de519c6-7379-44d9-8df2-9f4c941d1d3b
2025-09-21 19:37:06 | INFO     | src.bot:initialize:72 - Bot ETH Grid Bot registered with ID 4de519c6-7379-44d9-8df2-9f4c941d1d3b
2025-09-21 19:37:06 | INFO     | src.bot:initialize:75 - Creating exchange for bot ETH Grid Bot
2025-09-21 19:37:06 | INFO     | src.bot:initialize:77 - Exchange created for bot ETH Grid Bot
2025-09-21 19:37:06 | INFO     | src.bot:initialize:79 - Connecting to exchange for bot ETH Grid Bot
2025-09-21 19:37:06 | INFO     | src.bot:run:217 - Starting bot BTC Scalper
2025-09-21 19:37:09 | INFO     | src.exchanges.binance_exchange:connect:33 - Connected to Binance (sandbox)
2025-09-21 19:37:09 | INFO     | src.bot:initialize:83 - Exchange connected for bot ETH Grid Bot
2025-09-21 19:37:09 | INFO     | src.bot:initialize:86 - Creating strategy for bot ETH Grid Bot
2025-09-21 19:37:09 | INFO     | src.bot:_create_strategy:197 - Created GridTradingStrategy for bot ETH Grid Bot
2025-09-21 19:37:09 | INFO     | src.bot:initialize:88 - Strategy created for bot ETH Grid Bot
2025-09-21 19:37:09 | INFO     | src.bot:initialize:91 - Updating bot status to running for bot ETH Grid Bot
2025-09-21 19:37:09 | INFO     | src.database:update_bot_status:189 - Bot 4de519c6-7379-44d9-8df2-9f4c941d1d3b status updated to running
2025-09-21 19:37:09 | INFO     | src.bot:initialize:93 - Bot status updated for bot ETH Grid Bot
2025-09-21 19:37:09 | INFO     | src.bot:initialize:95 - Bot ETH Grid Bot initialized successfully
2025-09-21 19:37:09 | INFO     | src.bot_manager:start_bot:97 - Started bot eth_grid_binance
2025-09-21 19:37:09 | INFO     | src.database:_connect:31 - Connected to PostgreSQL database
2025-09-21 19:37:09 | INFO     | src.bot:initialize:57 - Starting initialization for bot ADA DCA Bot
2025-09-21 19:37:09 | INFO     | src.bot:initialize:60 - Creating tables for bot ADA DCA Bot
2025-09-21 19:37:09 | INFO     | src.database:create_tables:113 - Database tables created successfully
2025-09-21 19:37:09 | INFO     | src.bot:initialize:62 - Tables created for bot ADA DCA Bot
2025-09-21 19:37:09 | INFO     | src.bot:initialize:65 - Registering platform for bot ADA DCA Bot
2025-09-21 19:37:09 | DEBUG    | src.database:register_platform:289 - Platform binance already exists
2025-09-21 19:37:09 | INFO     | src.bot:initialize:67 - Platform registered for bot ADA DCA Bot
2025-09-21 19:37:09 | INFO     | src.bot:initialize:70 - Registering bot ADA DCA Bot
2025-09-21 19:37:10 | DEBUG    | src.database:register_bot:328 - Bot ada_dca_binance already exists with ID 3050619d-c54b-49ba-a4f4-e328aba8a227
2025-09-21 19:37:10 | INFO     | src.bot:initialize:72 - Bot ADA DCA Bot registered with ID 3050619d-c54b-49ba-a4f4-e328aba8a227
2025-09-21 19:37:10 | INFO     | src.bot:initialize:75 - Creating exchange for bot ADA DCA Bot
2025-09-21 19:37:10 | INFO     | src.bot:initialize:77 - Exchange created for bot ADA DCA Bot
2025-09-21 19:37:10 | INFO     | src.bot:initialize:79 - Connecting to exchange for bot ADA DCA Bot
2025-09-21 19:37:10 | INFO     | src.bot:run:217 - Starting bot ETH Grid Bot
2025-09-21 19:37:10 | INFO     | src.strategies.grid_strategy:_initialize_grid:98 - Initialized grid for BTC/USDT with 10 levels around $145991.9311
2025-09-21 19:37:10 | INFO     | src.database:update_bot_status:189 - Bot d670f5bd-d334-4228-bf10-930decd14a31 status updated to running
2025-09-21 19:37:10 | ERROR    | src.bot:_update_performance_metrics:486 - Failed to update performance metrics: 'DatabaseManager' object has no attribute 'insert_bot_metrics'
2025-09-21 19:37:12 | INFO     | src.strategies.grid_strategy:_initialize_grid:98 - Initialized grid for ETH/USDT with 12 levels around $4551.8754
2025-09-21 19:37:12 | INFO     | src.database:update_bot_status:189 - Bot 4de519c6-7379-44d9-8df2-9f4c941d1d3b status updated to running
2025-09-21 19:37:12 | ERROR    | src.bot:_update_performance_metrics:486 - Failed to update performance metrics: 'DatabaseManager' object has no attribute 'insert_bot_metrics'
2025-09-21 19:37:13 | INFO     | src.exchanges.binance_exchange:connect:33 - Connected to Binance (sandbox)
2025-09-21 19:37:13 | INFO     | src.bot:initialize:83 - Exchange connected for bot ADA DCA Bot
2025-09-21 19:37:13 | INFO     | src.bot:initialize:86 - Creating strategy for bot ADA DCA Bot
2025-09-21 19:37:13 | INFO     | src.bot:_create_strategy:201 - Created MomentumStrategy for bot ADA DCA Bot
2025-09-21 19:37:13 | INFO     | src.bot:initialize:88 - Strategy created for bot ADA DCA Bot
2025-09-21 19:37:13 | INFO     | src.bot:initialize:91 - Updating bot status to running for bot ADA DCA Bot
2025-09-21 19:37:13 | INFO     | src.database:update_bot_status:189 - Bot 3050619d-c54b-49ba-a4f4-e328aba8a227 status updated to running
2025-09-21 19:37:13 | INFO     | src.bot:initialize:93 - Bot status updated for bot ADA DCA Bot
2025-09-21 19:37:13 | INFO     | src.bot:initialize:95 - Bot ADA DCA Bot initialized successfully
2025-09-21 19:37:13 | INFO     | src.bot_manager:start_bot:97 - Started bot ada_dca_binance
2025-09-21 19:37:13 | INFO     | src.database:_connect:31 - Connected to PostgreSQL database
2025-09-21 19:37:13 | INFO     | src.bot:initialize:57 - Starting initialization for bot BTC Long Term
2025-09-21 19:37:13 | INFO     | src.bot:initialize:60 - Creating tables for bot BTC Long Term
2025-09-21 19:37:13 | INFO     | src.database:create_tables:113 - Database tables created successfully
2025-09-21 19:37:13 | INFO     | src.bot:initialize:62 - Tables created for bot BTC Long Term
2025-09-21 19:37:13 | INFO     | src.bot:initialize:65 - Registering platform for bot BTC Long Term
2025-09-21 19:37:13 | DEBUG    | src.database:register_platform:289 - Platform coinbase already exists
2025-09-21 19:37:13 | INFO     | src.bot:initialize:67 - Platform registered for bot BTC Long Term
2025-09-21 19:37:13 | INFO     | src.bot:initialize:70 - Registering bot BTC Long Term
2025-09-21 19:37:13 | DEBUG    | src.database:register_bot:328 - Bot btc_long_coinbase already exists with ID b627a9ae-22a7-45f8-b5b9-45a9c219f298
2025-09-21 19:37:13 | INFO     | src.bot:initialize:72 - Bot BTC Long Term registered with ID b627a9ae-22a7-45f8-b5b9-45a9c219f298
2025-09-21 19:37:13 | INFO     | src.bot:initialize:75 - Creating exchange for bot BTC Long Term
2025-09-21 19:37:13 | ERROR    | src.bot:initialize:99 - Failed to initialize bot BTC Long Term: Unsupported platform: coinbase
2025-09-21 19:37:13 | ERROR    | src.bot:initialize:100 - Exception type: <class 'ValueError'>
2025-09-21 19:37:13 | ERROR    | src.bot:initialize:102 - Traceback: Traceback (most recent call last):
  File "/home/bookchaowalit/book/book_projects/personal-project/trading_bot_v2/trading-bots/src/bot.py", line 76, in initialize
    self.exchange = self._create_exchange()
                    ^^^^^^^^^^^^^^^^^^^^^^^
  File "/home/bookchaowalit/book/book_projects/personal-project/trading_bot_v2/trading-bots/src/bot.py", line 190, in _create_exchange
    raise ValueError(f"Unsupported platform: {self.platform}")
ValueError: Unsupported platform: coinbase

2025-09-21 19:37:13 | INFO     | src.database:update_bot_status:189 - Bot b627a9ae-22a7-45f8-b5b9-45a9c219f298 status updated to error
2025-09-21 19:37:13 | ERROR    | src.bot_manager:start_bot:88 - Failed to initialize bot btc_long_coinbase
2025-09-21 19:37:13 | INFO     | src.database:_connect:31 - Connected to PostgreSQL database
2025-09-21 19:37:13 | INFO     | src.bot:initialize:57 - Starting initialization for bot ETH Swing
2025-09-21 19:37:13 | INFO     | src.bot:initialize:60 - Creating tables for bot ETH Swing
2025-09-21 19:37:14 | INFO     | src.database:create_tables:113 - Database tables created successfully
2025-09-21 19:37:14 | INFO     | src.bot:initialize:62 - Tables created for bot ETH Swing
2025-09-21 19:37:14 | INFO     | src.bot:initialize:65 - Registering platform for bot ETH Swing
2025-09-21 19:37:14 | DEBUG    | src.database:register_platform:289 - Platform coinbase already exists
2025-09-21 19:37:14 | INFO     | src.bot:initialize:67 - Platform registered for bot ETH Swing
2025-09-21 19:37:14 | INFO     | src.bot:initialize:70 - Registering bot ETH Swing
2025-09-21 19:37:14 | DEBUG    | src.database:register_bot:328 - Bot eth_swing_coinbase already exists with ID 09f08fe4-5358-4708-b06f-311e13cad54f
2025-09-21 19:37:14 | INFO     | src.bot:initialize:72 - Bot ETH Swing registered with ID 09f08fe4-5358-4708-b06f-311e13cad54f
2025-09-21 19:37:14 | INFO     | src.bot:initialize:75 - Creating exchange for bot ETH Swing
2025-09-21 19:37:14 | ERROR    | src.bot:initialize:99 - Failed to initialize bot ETH Swing: Unsupported platform: coinbase
2025-09-21 19:37:14 | ERROR    | src.bot:initialize:100 - Exception type: <class 'ValueError'>
2025-09-21 19:37:14 | ERROR    | src.bot:initialize:102 - Traceback: Traceback (most recent call last):
  File "/home/bookchaowalit/book/book_projects/personal-project/trading_bot_v2/trading-bots/src/bot.py", line 76, in initialize
    self.exchange = self._create_exchange()
                    ^^^^^^^^^^^^^^^^^^^^^^^
  File "/home/bookchaowalit/book/book_projects/personal-project/trading_bot_v2/trading-bots/src/bot.py", line 190, in _create_exchange
    raise ValueError(f"Unsupported platform: {self.platform}")
ValueError: Unsupported platform: coinbase

2025-09-21 19:37:14 | INFO     | src.database:update_bot_status:189 - Bot 09f08fe4-5358-4708-b06f-311e13cad54f status updated to error
2025-09-21 19:37:14 | ERROR    | src.bot_manager:start_bot:88 - Failed to initialize bot eth_swing_coinbase
2025-09-21 19:37:14 | INFO     | src.database:_connect:31 - Connected to PostgreSQL database
2025-09-21 19:37:14 | INFO     | src.bot:initialize:57 - Starting initialization for bot PTT Momentum
2025-09-21 19:37:14 | INFO     | src.bot:initialize:60 - Creating tables for bot PTT Momentum
2025-09-21 19:37:14 | INFO     | src.database:create_tables:113 - Database tables created successfully
2025-09-21 19:37:14 | INFO     | src.bot:initialize:62 - Tables created for bot PTT Momentum
2025-09-21 19:37:14 | INFO     | src.bot:initialize:65 - Registering platform for bot PTT Momentum
2025-09-21 19:37:14 | DEBUG    | src.database:register_platform:289 - Platform innovestx already exists
2025-09-21 19:37:14 | INFO     | src.bot:initialize:67 - Platform registered for bot PTT Momentum
2025-09-21 19:37:14 | INFO     | src.bot:initialize:70 - Registering bot PTT Momentum
2025-09-21 19:37:14 | DEBUG    | src.database:register_bot:328 - Bot ptt_momentum_innovestx already exists with ID 5524a407-1c50-44a0-ad0f-bcc186b31da6
2025-09-21 19:37:14 | INFO     | src.bot:initialize:72 - Bot PTT Momentum registered with ID 5524a407-1c50-44a0-ad0f-bcc186b31da6
2025-09-21 19:37:14 | INFO     | src.bot:initialize:75 - Creating exchange for bot PTT Momentum
2025-09-21 19:37:14 | INFO     | src.bot:initialize:77 - Exchange created for bot PTT Momentum
2025-09-21 19:37:14 | INFO     | src.bot:initialize:79 - Connecting to exchange for bot PTT Momentum
2025-09-21 19:37:14 | ERROR    | src.exchanges.innovestx_exchange:_make_request:127 - InnovestX request failed: 'NoneType' object has no attribute 'encode'
2025-09-21 19:37:14 | ERROR    | src.exchanges.innovestx_exchange:connect:56 - Failed to authenticate with InnovestX
2025-09-21 19:37:14 | ERROR    | src.bot:initialize:81 - Failed to connect to exchange for bot PTT Momentum
2025-09-21 19:37:14 | ERROR    | src.bot_manager:start_bot:88 - Failed to initialize bot ptt_momentum_innovestx
2025-09-21 19:37:15 | INFO     | src.database:_connect:31 - Connected to PostgreSQL database
2025-09-21 19:37:15 | INFO     | src.bot:initialize:57 - Starting initialization for bot CPALL Grid Bot
2025-09-21 19:37:15 | INFO     | src.bot:initialize:60 - Creating tables for bot CPALL Grid Bot
2025-09-21 19:37:15 | INFO     | src.database:create_tables:113 - Database tables created successfully
2025-09-21 19:37:15 | INFO     | src.bot:initialize:62 - Tables created for bot CPALL Grid Bot
2025-09-21 19:37:15 | INFO     | src.bot:initialize:65 - Registering platform for bot CPALL Grid Bot
2025-09-21 19:37:15 | DEBUG    | src.database:register_platform:289 - Platform innovestx already exists
2025-09-21 19:37:15 | INFO     | src.bot:initialize:67 - Platform registered for bot CPALL Grid Bot
2025-09-21 19:37:15 | INFO     | src.bot:initialize:70 - Registering bot CPALL Grid Bot
2025-09-21 19:37:15 | DEBUG    | src.database:register_bot:328 - Bot cpall_grid_innovestx already exists with ID 37d23a1a-63df-45fe-a7c7-73c54882d682
2025-09-21 19:37:15 | INFO     | src.bot:initialize:72 - Bot CPALL Grid Bot registered with ID 37d23a1a-63df-45fe-a7c7-73c54882d682
2025-09-21 19:37:15 | INFO     | src.bot:initialize:75 - Creating exchange for bot CPALL Grid Bot
2025-09-21 19:37:15 | INFO     | src.bot:initialize:77 - Exchange created for bot CPALL Grid Bot
2025-09-21 19:37:15 | INFO     | src.bot:initialize:79 - Connecting to exchange for bot CPALL Grid Bot
2025-09-21 19:37:15 | ERROR    | src.exchanges.innovestx_exchange:_make_request:127 - InnovestX request failed: 'NoneType' object has no attribute 'encode'
2025-09-21 19:37:15 | ERROR    | src.exchanges.innovestx_exchange:connect:56 - Failed to authenticate with InnovestX
2025-09-21 19:37:15 | ERROR    | src.bot:initialize:81 - Failed to connect to exchange for bot CPALL Grid Bot
2025-09-21 19:37:15 | ERROR    | src.bot_manager:start_bot:88 - Failed to initialize bot cpall_grid_innovestx
2025-09-21 19:37:15 | INFO     | src.database:_connect:31 - Connected to PostgreSQL database
2025-09-21 19:37:15 | INFO     | src.bot:initialize:57 - Starting initialization for bot KBANK Swing
2025-09-21 19:37:15 | INFO     | src.bot:initialize:60 - Creating tables for bot KBANK Swing
2025-09-21 19:37:15 | INFO     | src.database:create_tables:113 - Database tables created successfully
2025-09-21 19:37:15 | INFO     | src.bot:initialize:62 - Tables created for bot KBANK Swing
2025-09-21 19:37:15 | INFO     | src.bot:initialize:65 - Registering platform for bot KBANK Swing
2025-09-21 19:37:15 | DEBUG    | src.database:register_platform:289 - Platform innovestx already exists
2025-09-21 19:37:15 | INFO     | src.bot:initialize:67 - Platform registered for bot KBANK Swing
2025-09-21 19:37:15 | INFO     | src.bot:initialize:70 - Registering bot KBANK Swing
2025-09-21 19:37:15 | DEBUG    | src.database:register_bot:328 - Bot kbank_swing_innovestx already exists with ID 8e8e1ba8-fa40-442a-baf1-dcee905b04f6
2025-09-21 19:37:15 | INFO     | src.bot:initialize:72 - Bot KBANK Swing registered with ID 8e8e1ba8-fa40-442a-baf1-dcee905b04f6
2025-09-21 19:37:15 | INFO     | src.bot:initialize:75 - Creating exchange for bot KBANK Swing
2025-09-21 19:37:15 | INFO     | src.bot:initialize:77 - Exchange created for bot KBANK Swing
2025-09-21 19:37:15 | INFO     | src.bot:initialize:79 - Connecting to exchange for bot KBANK Swing
2025-09-21 19:37:15 | ERROR    | src.exchanges.innovestx_exchange:_make_request:127 - InnovestX request failed: 'NoneType' object has no attribute 'encode'
2025-09-21 19:37:15 | ERROR    | src.exchanges.innovestx_exchange:connect:56 - Failed to authenticate with InnovestX
2025-09-21 19:37:15 | ERROR    | src.bot:initialize:81 - Failed to connect to exchange for bot KBANK Swing
2025-09-21 19:37:15 | ERROR    | src.bot_manager:start_bot:88 - Failed to initialize bot kbank_swing_innovestx
2025-09-21 19:37:15 | INFO     | src.database:_connect:31 - Connected to PostgreSQL database
2025-09-21 19:37:15 | INFO     | src.bot:initialize:57 - Starting initialization for bot Thai Multi-Sector Bot
2025-09-21 19:37:15 | INFO     | src.bot:initialize:60 - Creating tables for bot Thai Multi-Sector Bot
2025-09-21 19:37:16 | INFO     | src.database:create_tables:113 - Database tables created successfully
2025-09-21 19:37:16 | INFO     | src.bot:initialize:62 - Tables created for bot Thai Multi-Sector Bot
2025-09-21 19:37:16 | INFO     | src.bot:initialize:65 - Registering platform for bot Thai Multi-Sector Bot
2025-09-21 19:37:16 | DEBUG    | src.database:register_platform:289 - Platform innovestx already exists
2025-09-21 19:37:16 | INFO     | src.bot:initialize:67 - Platform registered for bot Thai Multi-Sector Bot
2025-09-21 19:37:16 | INFO     | src.bot:initialize:70 - Registering bot Thai Multi-Sector Bot
2025-09-21 19:37:16 | DEBUG    | src.database:register_bot:328 - Bot thai_multi_sector_innovestx already exists with ID fe82324c-0e15-4d9a-893e-45a99ead6e10
2025-09-21 19:37:16 | INFO     | src.bot:initialize:72 - Bot Thai Multi-Sector Bot registered with ID fe82324c-0e15-4d9a-893e-45a99ead6e10
2025-09-21 19:37:16 | INFO     | src.bot:initialize:75 - Creating exchange for bot Thai Multi-Sector Bot
2025-09-21 19:37:16 | INFO     | src.bot:initialize:77 - Exchange created for bot Thai Multi-Sector Bot
2025-09-21 19:37:16 | INFO     | src.bot:initialize:79 - Connecting to exchange for bot Thai Multi-Sector Bot
2025-09-21 19:37:16 | ERROR    | src.exchanges.innovestx_exchange:_make_request:127 - InnovestX request failed: 'NoneType' object has no attribute 'encode'
2025-09-21 19:37:16 | ERROR    | src.exchanges.innovestx_exchange:connect:56 - Failed to authenticate with InnovestX
2025-09-21 19:37:16 | ERROR    | src.bot:initialize:81 - Failed to connect to exchange for bot Thai Multi-Sector Bot
2025-09-21 19:37:16 | ERROR    | src.bot_manager:start_bot:88 - Failed to initialize bot thai_multi_sector_innovestx
2025-09-21 19:37:16 | INFO     | src.database:_connect:31 - Connected to PostgreSQL database
2025-09-21 19:37:16 | INFO     | src.bot:initialize:57 - Starting initialization for bot BTC Grid Binance TH
2025-09-21 19:37:16 | INFO     | src.bot:initialize:60 - Creating tables for bot BTC Grid Binance TH
2025-09-21 19:37:16 | INFO     | src.database:create_tables:113 - Database tables created successfully
2025-09-21 19:37:16 | INFO     | src.bot:initialize:62 - Tables created for bot BTC Grid Binance TH
2025-09-21 19:37:16 | INFO     | src.bot:initialize:65 - Registering platform for bot BTC Grid Binance TH
2025-09-21 19:37:16 | DEBUG    | src.database:register_platform:289 - Platform binance_th already exists
2025-09-21 19:37:16 | INFO     | src.bot:initialize:67 - Platform registered for bot BTC Grid Binance TH
2025-09-21 19:37:16 | INFO     | src.bot:initialize:70 - Registering bot BTC Grid Binance TH
2025-09-21 19:37:16 | DEBUG    | src.database:register_bot:328 - Bot btc_grid_binance_th already exists with ID 3bd54ecf-276a-4de4-bdc5-891fc5ba8ee0
2025-09-21 19:37:16 | INFO     | src.bot:initialize:72 - Bot BTC Grid Binance TH registered with ID 3bd54ecf-276a-4de4-bdc5-891fc5ba8ee0
2025-09-21 19:37:16 | INFO     | src.bot:initialize:75 - Creating exchange for bot BTC Grid Binance TH
2025-09-21 19:37:16 | INFO     | src.bot:initialize:77 - Exchange created for bot BTC Grid Binance TH
2025-09-21 19:37:16 | INFO     | src.bot:initialize:79 - Connecting to exchange for bot BTC Grid Binance TH
2025-09-21 19:37:16 | INFO     | src.bot:run:217 - Starting bot ADA DCA Bot
2025-09-21 19:37:18 | INFO     | src.exchanges.binance_th_exchange:connect:36 - Connected to Binance TH (test mode)
2025-09-21 19:37:18 | INFO     | src.bot:initialize:83 - Exchange connected for bot BTC Grid Binance TH
2025-09-21 19:37:18 | INFO     | src.bot:initialize:86 - Creating strategy for bot BTC Grid Binance TH
2025-09-21 19:37:18 | INFO     | src.bot:_create_strategy:197 - Created GridTradingStrategy for bot BTC Grid Binance TH
2025-09-21 19:37:18 | INFO     | src.bot:initialize:88 - Strategy created for bot BTC Grid Binance TH
2025-09-21 19:37:18 | INFO     | src.bot:initialize:91 - Updating bot status to running for bot BTC Grid Binance TH
2025-09-21 19:37:18 | INFO     | src.database:update_bot_status:189 - Bot 3bd54ecf-276a-4de4-bdc5-891fc5ba8ee0 status updated to running
2025-09-21 19:37:18 | INFO     | src.bot:initialize:93 - Bot status updated for bot BTC Grid Binance TH
2025-09-21 19:37:18 | INFO     | src.bot:initialize:95 - Bot BTC Grid Binance TH initialized successfully
2025-09-21 19:37:18 | INFO     | src.bot_manager:start_bot:97 - Started bot btc_grid_binance_th
2025-09-21 19:37:18 | INFO     | src.database:_connect:31 - Connected to PostgreSQL database
2025-09-21 19:37:18 | INFO     | src.bot:initialize:57 - Starting initialization for bot ETH Momentum Binance TH
2025-09-21 19:37:18 | INFO     | src.bot:initialize:60 - Creating tables for bot ETH Momentum Binance TH
2025-09-21 19:37:19 | INFO     | src.database:create_tables:113 - Database tables created successfully
2025-09-21 19:37:19 | INFO     | src.bot:initialize:62 - Tables created for bot ETH Momentum Binance TH
2025-09-21 19:37:19 | INFO     | src.bot:initialize:65 - Registering platform for bot ETH Momentum Binance TH
2025-09-21 19:37:19 | DEBUG    | src.database:register_platform:289 - Platform binance_th already exists
2025-09-21 19:37:19 | INFO     | src.bot:initialize:67 - Platform registered for bot ETH Momentum Binance TH
2025-09-21 19:37:19 | INFO     | src.bot:initialize:70 - Registering bot ETH Momentum Binance TH
2025-09-21 19:37:19 | DEBUG    | src.database:register_bot:328 - Bot eth_momentum_binance_th already exists with ID 53834af7-09d6-4312-b695-b1858adc10f5
2025-09-21 19:37:19 | INFO     | src.bot:initialize:72 - Bot ETH Momentum Binance TH registered with ID 53834af7-09d6-4312-b695-b1858adc10f5
2025-09-21 19:37:19 | INFO     | src.bot:initialize:75 - Creating exchange for bot ETH Momentum Binance TH
2025-09-21 19:37:19 | INFO     | src.bot:initialize:77 - Exchange created for bot ETH Momentum Binance TH
2025-09-21 19:37:19 | INFO     | src.bot:initialize:79 - Connecting to exchange for bot ETH Momentum Binance TH
2025-09-21 19:37:19 | INFO     | src.bot:run:217 - Starting bot BTC Grid Binance TH
2025-09-21 19:37:19 | INFO     | src.bot:_execute_signal:346 - Executing buy signal for ADA/USDT at $1.0380
2025-09-21 19:37:19 | ERROR    | src.exchanges.binance_exchange:get_balance:69 - Failed to get Binance balance: binance requires "apiKey" credential
2025-09-21 19:37:19 | ERROR    | src.exchanges.binance_exchange:place_order:119 - Failed to place Binance order: binance requires "apiKey" credential
2025-09-21 19:37:19 | ERROR    | src.bot:_execute_signal:397 - Failed to execute signal for ADA/USDT: binance requires "apiKey" credential
2025-09-21 19:37:20 | INFO     | src.database:update_bot_status:189 - Bot 3050619d-c54b-49ba-a4f4-e328aba8a227 status updated to running
2025-09-21 19:37:20 | ERROR    | src.bot:_update_performance_metrics:486 - Failed to update performance metrics: 'DatabaseManager' object has no attribute 'insert_bot_metrics'
2025-09-21 19:37:20 | INFO     | src.exchanges.binance_th_exchange:connect:36 - Connected to Binance TH (test mode)
2025-09-21 19:37:20 | INFO     | src.bot:initialize:83 - Exchange connected for bot ETH Momentum Binance TH
2025-09-21 19:37:20 | INFO     | src.bot:initialize:86 - Creating strategy for bot ETH Momentum Binance TH
2025-09-21 19:37:20 | INFO     | src.bot:_create_strategy:201 - Created MomentumStrategy for bot ETH Momentum Binance TH
2025-09-21 19:37:20 | INFO     | src.bot:initialize:88 - Strategy created for bot ETH Momentum Binance TH
2025-09-21 19:37:20 | INFO     | src.bot:initialize:91 - Updating bot status to running for bot ETH Momentum Binance TH
2025-09-21 19:37:20 | INFO     | src.database:update_bot_status:189 - Bot 53834af7-09d6-4312-b695-b1858adc10f5 status updated to running
2025-09-21 19:37:20 | INFO     | src.bot:initialize:93 - Bot status updated for bot ETH Momentum Binance TH
2025-09-21 19:37:20 | INFO     | src.bot:initialize:95 - Bot ETH Momentum Binance TH initialized successfully
2025-09-21 19:37:20 | INFO     | src.bot_manager:start_bot:97 - Started bot eth_momentum_binance_th
2025-09-21 19:37:20 | INFO     | src.bot_manager:start_all_bots:143 - Started 5 trading bots
2025-09-21 19:37:20 | INFO     | src.bot:run:217 - Starting bot ETH Momentum Binance TH
2025-09-21 19:37:21 | ERROR    | src.exchanges.binance_th_exchange:_make_request:106 - API request failed: API Error -1121: Invalid symbol.
2025-09-21 19:37:21 | ERROR    | src.exchanges.binance_th_exchange:get_ticker:161 - Failed to get Binance TH ticker for BTC/USDT: API Error -1121: Invalid symbol.
2025-09-21 19:37:21 | ERROR    | src.bot:_update_market_data:323 - Failed to update market data for BTC/USDT: API Error -1121: Invalid symbol.
2025-09-21 19:37:21 | WARNING  | src.strategies.grid_strategy:analyze:29 - No historical data for BTC/USDT
2025-09-21 19:37:21 | INFO     | src.database:update_bot_status:189 - Bot 3bd54ecf-276a-4de4-bdc5-891fc5ba8ee0 status updated to running
2025-09-21 19:37:21 | ERROR    | src.bot:_update_performance_metrics:486 - Failed to update performance metrics: 'DatabaseManager' object has no attribute 'insert_bot_metrics'
2025-09-21 19:37:23 | ERROR    | src.exchanges.binance_th_exchange:_make_request:106 - API request failed: API Error -1121: Invalid symbol.
2025-09-21 19:37:23 | ERROR    | src.exchanges.binance_th_exchange:get_ticker:161 - Failed to get Binance TH ticker for ETH/USDT: API Error -1121: Invalid symbol.
2025-09-21 19:37:23 | ERROR    | src.bot:_update_market_data:323 - Failed to update market data for ETH/USDT: API Error -1121: Invalid symbol.
2025-09-21 19:37:23 | WARNING  | src.strategies.momentum_strategy:analyze:31 - No historical data for ETH/USDT
2025-09-21 19:37:23 | INFO     | src.database:update_bot_status:189 - Bot 53834af7-09d6-4312-b695-b1858adc10f5 status updated to running
2025-09-21 19:37:23 | ERROR    | src.bot:_update_performance_metrics:486 - Failed to update performance metrics: 'DatabaseManager' object has no attribute 'insert_bot_metrics'
2025-09-21 19:37:28 | ERROR    | src.bot:_update_market_data:323 - Failed to update market data for BTC/USDT: module 'pandas' has no attribute 'np'
2025-09-21 19:37:28 | WARNING  | src.strategies.grid_strategy:analyze:29 - No historical data for BTC/USDT
2025-09-21 19:37:28 | ERROR    | src.bot:_update_performance_metrics:488 - Failed to update performance metrics: DatabaseManager.update_bot_status() takes from 3 to 4 positional arguments but 5 were given
2025-09-21 19:37:34 | ERROR    | src.bot:_update_market_data:323 - Failed to update market data for ETH/USDT: module 'pandas' has no attribute 'np'
2025-09-21 19:37:34 | WARNING  | src.strategies.grid_strategy:analyze:29 - No historical data for ETH/USDT
2025-09-21 19:37:34 | ERROR    | src.bot:_update_performance_metrics:488 - Failed to update performance metrics: DatabaseManager.update_bot_status() takes from 3 to 4 positional arguments but 5 were given
2025-09-21 19:37:36 | ERROR    | src.bot:_update_market_data:323 - Failed to update market data for ADA/USDT: module 'pandas' has no attribute 'np'
2025-09-21 19:37:36 | WARNING  | src.strategies.momentum_strategy:analyze:31 - No historical data for ADA/USDT
2025-09-21 19:37:36 | ERROR    | src.bot:_update_performance_metrics:488 - Failed to update performance metrics: DatabaseManager.update_bot_status() takes from 3 to 4 positional arguments but 5 were given
2025-09-21 19:37:38 | ERROR    | src.exchanges.binance_th_exchange:_make_request:106 - API request failed: API Error -1121: Invalid symbol.
2025-09-21 19:37:38 | ERROR    | src.exchanges.binance_th_exchange:get_ticker:161 - Failed to get Binance TH ticker for BTC/THB: API Error -1121: Invalid symbol.
2025-09-21 19:37:38 | ERROR    | src.bot:_update_market_data:323 - Failed to update market data for BTC/THB: API Error -1121: Invalid symbol.
2025-09-21 19:37:38 | WARNING  | src.strategies.grid_strategy:analyze:29 - No historical data for BTC/THB
2025-09-21 19:37:38 | ERROR    | src.bot:_update_performance_metrics:488 - Failed to update performance metrics: DatabaseManager.update_bot_status() takes from 3 to 4 positional arguments but 5 were given
2025-09-21 19:37:40 | ERROR    | src.exchanges.binance_th_exchange:_make_request:106 - API request failed: API Error -1121: Invalid symbol.
2025-09-21 19:37:40 | ERROR    | src.exchanges.binance_th_exchange:get_ticker:161 - Failed to get Binance TH ticker for ETH/THB: API Error -1121: Invalid symbol.
2025-09-21 19:37:40 | ERROR    | src.bot:_update_market_data:323 - Failed to update market data for ETH/THB: API Error -1121: Invalid symbol.
2025-09-21 19:37:40 | WARNING  | src.strategies.momentum_strategy:analyze:31 - No historical data for ETH/THB
2025-09-21 19:37:40 | ERROR    | src.bot:_update_performance_metrics:488 - Failed to update performance metrics: DatabaseManager.update_bot_status() takes from 3 to 4 positional arguments but 5 were given
2025-09-21 19:38:30 | ERROR    | src.bot:_update_market_data:323 - Failed to update market data for BTC/USDT: module 'pandas' has no attribute 'np'
2025-09-21 19:38:30 | WARNING  | src.strategies.grid_strategy:analyze:29 - No historical data for BTC/USDT
2025-09-21 19:38:30 | ERROR    | src.bot:_update_performance_metrics:488 - Failed to update performance metrics: DatabaseManager.update_bot_status() takes from 3 to 4 positional arguments but 5 were given
2025-09-21 19:38:35 | ERROR    | src.bot:_update_market_data:323 - Failed to update market data for ETH/USDT: module 'pandas' has no attribute 'np'
2025-09-21 19:38:35 | WARNING  | src.strategies.grid_strategy:analyze:29 - No historical data for ETH/USDT
2025-09-21 19:38:35 | ERROR    | src.bot:_update_performance_metrics:488 - Failed to update performance metrics: DatabaseManager.update_bot_status() takes from 3 to 4 positional arguments but 5 were given
2025-09-21 19:38:37 | ERROR    | src.bot:_update_market_data:323 - Failed to update market data for ADA/USDT: module 'pandas' has no attribute 'np'
2025-09-21 19:38:37 | WARNING  | src.strategies.momentum_strategy:analyze:31 - No historical data for ADA/USDT
2025-09-21 19:38:37 | ERROR    | src.bot:_update_performance_metrics:488 - Failed to update performance metrics: DatabaseManager.update_bot_status() takes from 3 to 4 positional arguments but 5 were given
2025-09-21 19:38:39 | ERROR    | src.exchanges.binance_th_exchange:_make_request:106 - API request failed: API Error -1121: Invalid symbol.
2025-09-21 19:38:39 | ERROR    | src.exchanges.binance_th_exchange:get_ticker:161 - Failed to get Binance TH ticker for BTC/THB: API Error -1121: Invalid symbol.
2025-09-21 19:38:39 | ERROR    | src.bot:_update_market_data:323 - Failed to update market data for BTC/THB: API Error -1121: Invalid symbol.
2025-09-21 19:38:39 | WARNING  | src.strategies.grid_strategy:analyze:29 - No historical data for BTC/THB
2025-09-21 19:38:39 | ERROR    | src.bot:_update_performance_metrics:488 - Failed to update performance metrics: DatabaseManager.update_bot_status() takes from 3 to 4 positional arguments but 5 were given
2025-09-21 19:38:41 | ERROR    | src.exchanges.binance_th_exchange:_make_request:106 - API request failed: API Error -1121: Invalid symbol.
2025-09-21 19:38:41 | ERROR    | src.exchanges.binance_th_exchange:get_ticker:161 - Failed to get Binance TH ticker for ETH/THB: API Error -1121: Invalid symbol.
2025-09-21 19:38:41 | ERROR    | src.bot:_update_market_data:323 - Failed to update market data for ETH/THB: API Error -1121: Invalid symbol.
2025-09-21 19:38:41 | WARNING  | src.strategies.momentum_strategy:analyze:31 - No historical data for ETH/THB
2025-09-21 19:38:41 | ERROR    | src.bot:_update_performance_metrics:488 - Failed to update performance metrics: DatabaseManager.update_bot_status() takes from 3 to 4 positional arguments but 5 were given
2025-09-21 19:39:31 | ERROR    | src.bot:_update_market_data:323 - Failed to update market data for BTC/USDT: module 'pandas' has no attribute 'np'
2025-09-21 19:39:31 | WARNING  | src.strategies.grid_strategy:analyze:29 - No historical data for BTC/USDT
2025-09-21 19:39:31 | ERROR    | src.bot:_update_performance_metrics:488 - Failed to update performance metrics: DatabaseManager.update_bot_status() takes from 3 to 4 positional arguments but 5 were given
2025-09-21 19:39:36 | ERROR    | src.bot:_update_market_data:323 - Failed to update market data for ETH/USDT: module 'pandas' has no attribute 'np'
2025-09-21 19:39:36 | WARNING  | src.strategies.grid_strategy:analyze:29 - No historical data for ETH/USDT
2025-09-21 19:39:36 | ERROR    | src.bot:_update_performance_metrics:488 - Failed to update performance metrics: DatabaseManager.update_bot_status() takes from 3 to 4 positional arguments but 5 were given
2025-09-21 19:39:39 | ERROR    | src.bot:_update_market_data:323 - Failed to update market data for ADA/USDT: module 'pandas' has no attribute 'np'
2025-09-21 19:39:39 | WARNING  | src.strategies.momentum_strategy:analyze:31 - No historical data for ADA/USDT
2025-09-21 19:39:39 | ERROR    | src.bot:_update_performance_metrics:488 - Failed to update performance metrics: DatabaseManager.update_bot_status() takes from 3 to 4 positional arguments but 5 were given
2025-09-21 19:39:41 | ERROR    | src.exchanges.binance_th_exchange:_make_request:106 - API request failed: API Error -1121: Invalid symbol.
2025-09-21 19:39:41 | ERROR    | src.exchanges.binance_th_exchange:get_ticker:161 - Failed to get Binance TH ticker for BTC/THB: API Error -1121: Invalid symbol.
2025-09-21 19:39:41 | ERROR    | src.bot:_update_market_data:323 - Failed to update market data for BTC/THB: API Error -1121: Invalid symbol.
2025-09-21 19:39:41 | WARNING  | src.strategies.grid_strategy:analyze:29 - No historical data for BTC/THB
2025-09-21 19:39:41 | ERROR    | src.bot:_update_performance_metrics:488 - Failed to update performance metrics: DatabaseManager.update_bot_status() takes from 3 to 4 positional arguments but 5 were given
2025-09-21 19:39:42 | ERROR    | src.exchanges.binance_th_exchange:_make_request:106 - API request failed: API Error -1121: Invalid symbol.
2025-09-21 19:39:42 | ERROR    | src.exchanges.binance_th_exchange:get_ticker:161 - Failed to get Binance TH ticker for ETH/THB: API Error -1121: Invalid symbol.
2025-09-21 19:39:42 | ERROR    | src.bot:_update_market_data:323 - Failed to update market data for ETH/THB: API Error -1121: Invalid symbol.
2025-09-21 19:39:42 | WARNING  | src.strategies.momentum_strategy:analyze:31 - No historical data for ETH/THB
2025-09-21 19:39:42 | ERROR    | src.bot:_update_performance_metrics:488 - Failed to update performance metrics: DatabaseManager.update_bot_status() takes from 3 to 4 positional arguments but 5 were given
2025-09-21 19:40:32 | ERROR    | src.bot:_update_market_data:323 - Failed to update market data for BTC/USDT: module 'pandas' has no attribute 'np'
2025-09-21 19:40:32 | WARNING  | src.strategies.grid_strategy:analyze:29 - No historical data for BTC/USDT
2025-09-21 19:40:32 | ERROR    | src.bot:_update_performance_metrics:488 - Failed to update performance metrics: DatabaseManager.update_bot_status() takes from 3 to 4 positional arguments but 5 were given
2025-09-21 19:40:37 | ERROR    | src.bot:_update_market_data:323 - Failed to update market data for ETH/USDT: module 'pandas' has no attribute 'np'
2025-09-21 19:40:37 | WARNING  | src.strategies.grid_strategy:analyze:29 - No historical data for ETH/USDT
2025-09-21 19:40:37 | ERROR    | src.bot:_update_performance_metrics:488 - Failed to update performance metrics: DatabaseManager.update_bot_status() takes from 3 to 4 positional arguments but 5 were given
2025-09-21 19:40:41 | ERROR    | src.bot:_update_market_data:323 - Failed to update market data for ADA/USDT: module 'pandas' has no attribute 'np'
2025-09-21 19:40:41 | WARNING  | src.strategies.momentum_strategy:analyze:31 - No historical data for ADA/USDT
2025-09-21 19:40:41 | ERROR    | src.bot:_update_performance_metrics:488 - Failed to update performance metrics: DatabaseManager.update_bot_status() takes from 3 to 4 positional arguments but 5 were given
2025-09-21 19:40:42 | ERROR    | src.exchanges.binance_th_exchange:_make_request:106 - API request failed: API Error -1121: Invalid symbol.
2025-09-21 19:40:42 | ERROR    | src.exchanges.binance_th_exchange:get_ticker:161 - Failed to get Binance TH ticker for BTC/THB: API Error -1121: Invalid symbol.
2025-09-21 19:40:42 | ERROR    | src.bot:_update_market_data:323 - Failed to update market data for BTC/THB: API Error -1121: Invalid symbol.
2025-09-21 19:40:42 | WARNING  | src.strategies.grid_strategy:analyze:29 - No historical data for BTC/THB
2025-09-21 19:40:42 | ERROR    | src.bot:_update_performance_metrics:488 - Failed to update performance metrics: DatabaseManager.update_bot_status() takes from 3 to 4 positional arguments but 5 were given
2025-09-21 19:40:43 | ERROR    | src.exchanges.binance_th_exchange:_make_request:106 - API request failed: API Error -1121: Invalid symbol.
2025-09-21 19:40:43 | ERROR    | src.exchanges.binance_th_exchange:get_ticker:161 - Failed to get Binance TH ticker for ETH/THB: API Error -1121: Invalid symbol.
2025-09-21 19:40:43 | ERROR    | src.bot:_update_market_data:323 - Failed to update market data for ETH/THB: API Error -1121: Invalid symbol.
2025-09-21 19:40:43 | WARNING  | src.strategies.momentum_strategy:analyze:31 - No historical data for ETH/THB
2025-09-21 19:40:43 | ERROR    | src.bot:_update_performance_metrics:488 - Failed to update performance metrics: DatabaseManager.update_bot_status() takes from 3 to 4 positional arguments but 5 were given
2025-09-21 19:41:35 | ERROR    | src.bot:_update_market_data:323 - Failed to update market data for BTC/USDT: module 'pandas' has no attribute 'np'
2025-09-21 19:41:35 | WARNING  | src.strategies.grid_strategy:analyze:29 - No historical data for BTC/USDT
2025-09-21 19:41:35 | ERROR    | src.bot:_update_performance_metrics:488 - Failed to update performance metrics: DatabaseManager.update_bot_status() takes from 3 to 4 positional arguments but 5 were given
2025-09-21 19:41:39 | ERROR    | src.bot:_update_market_data:323 - Failed to update market data for ETH/USDT: module 'pandas' has no attribute 'np'
2025-09-21 19:41:39 | WARNING  | src.strategies.grid_strategy:analyze:29 - No historical data for ETH/USDT
2025-09-21 19:41:39 | ERROR    | src.bot:_update_performance_metrics:488 - Failed to update performance metrics: DatabaseManager.update_bot_status() takes from 3 to 4 positional arguments but 5 were given
2025-09-21 19:41:42 | ERROR    | src.bot:_update_market_data:323 - Failed to update market data for ADA/USDT: module 'pandas' has no attribute 'np'
2025-09-21 19:41:42 | WARNING  | src.strategies.momentum_strategy:analyze:31 - No historical data for ADA/USDT
2025-09-21 19:41:42 | ERROR    | src.bot:_update_performance_metrics:488 - Failed to update performance metrics: DatabaseManager.update_bot_status() takes from 3 to 4 positional arguments but 5 were given
2025-09-21 19:41:43 | ERROR    | src.exchanges.binance_th_exchange:_make_request:106 - API request failed: API Error -1121: Invalid symbol.
2025-09-21 19:41:43 | ERROR    | src.exchanges.binance_th_exchange:get_ticker:161 - Failed to get Binance TH ticker for BTC/THB: API Error -1121: Invalid symbol.
2025-09-21 19:41:43 | ERROR    | src.bot:_update_market_data:323 - Failed to update market data for BTC/THB: API Error -1121: Invalid symbol.
2025-09-21 19:41:43 | WARNING  | src.strategies.grid_strategy:analyze:29 - No historical data for BTC/THB
2025-09-21 19:41:43 | ERROR    | src.bot:_update_performance_metrics:488 - Failed to update performance metrics: DatabaseManager.update_bot_status() takes from 3 to 4 positional arguments but 5 were given
2025-09-21 19:41:46 | ERROR    | src.exchanges.binance_th_exchange:_make_request:106 - API request failed: API Error -1121: Invalid symbol.
2025-09-21 19:41:46 | ERROR    | src.exchanges.binance_th_exchange:get_ticker:161 - Failed to get Binance TH ticker for ETH/THB: API Error -1121: Invalid symbol.
2025-09-21 19:41:46 | ERROR    | src.bot:_update_market_data:323 - Failed to update market data for ETH/THB: API Error -1121: Invalid symbol.
2025-09-21 19:41:46 | WARNING  | src.strategies.momentum_strategy:analyze:31 - No historical data for ETH/THB
2025-09-21 19:41:46 | ERROR    | src.bot:_update_performance_metrics:488 - Failed to update performance metrics: DatabaseManager.update_bot_status() takes from 3 to 4 positional arguments but 5 were given
2025-09-21 19:42:36 | ERROR    | src.bot:_update_market_data:323 - Failed to update market data for BTC/USDT: module 'pandas' has no attribute 'np'
2025-09-21 19:42:36 | WARNING  | src.strategies.grid_strategy:analyze:29 - No historical data for BTC/USDT
2025-09-21 19:42:36 | ERROR    | src.bot:_update_performance_metrics:488 - Failed to update performance metrics: DatabaseManager.update_bot_status() takes from 3 to 4 positional arguments but 5 were given
2025-09-21 19:42:40 | ERROR    | src.bot:_update_market_data:323 - Failed to update market data for ETH/USDT: module 'pandas' has no attribute 'np'
2025-09-21 19:42:40 | WARNING  | src.strategies.grid_strategy:analyze:29 - No historical data for ETH/USDT
2025-09-21 19:42:40 | ERROR    | src.bot:_update_performance_metrics:488 - Failed to update performance metrics: DatabaseManager.update_bot_status() takes from 3 to 4 positional arguments but 5 were given
2025-09-21 19:42:40 | INFO     | __main__:main:41 - Starting Trading Bot System
2025-09-21 19:42:40 | INFO     | src.bot_manager:run:201 - Starting Bot Manager
2025-09-21 19:42:40 | INFO     | src.bot_manager:load_bot_configs:32 - Loaded 11 bot configurations
2025-09-21 19:42:41 | INFO     | src.database:_connect:31 - Connected to PostgreSQL database
2025-09-21 19:42:41 | INFO     | src.bot:initialize:57 - Starting initialization for bot BTC Scalper
2025-09-21 19:42:41 | INFO     | src.bot:initialize:60 - Creating tables for bot BTC Scalper
2025-09-21 19:42:41 | INFO     | src.database:create_tables:113 - Database tables created successfully
2025-09-21 19:42:41 | INFO     | src.bot:initialize:62 - Tables created for bot BTC Scalper
2025-09-21 19:42:41 | INFO     | src.bot:initialize:65 - Registering platform for bot BTC Scalper
2025-09-21 19:42:41 | DEBUG    | src.database:register_platform:322 - Platform binance already exists
2025-09-21 19:42:41 | INFO     | src.bot:initialize:67 - Platform registered for bot BTC Scalper
2025-09-21 19:42:41 | INFO     | src.bot:initialize:70 - Registering bot BTC Scalper
2025-09-21 19:42:41 | DEBUG    | src.database:register_bot:361 - Bot btc_scalper_binance already exists with ID d670f5bd-d334-4228-bf10-930decd14a31
2025-09-21 19:42:41 | INFO     | src.bot:initialize:72 - Bot BTC Scalper registered with ID d670f5bd-d334-4228-bf10-930decd14a31
2025-09-21 19:42:41 | INFO     | src.bot:initialize:75 - Creating exchange for bot BTC Scalper
2025-09-21 19:42:41 | INFO     | src.bot:initialize:77 - Exchange created for bot BTC Scalper
2025-09-21 19:42:41 | INFO     | src.bot:initialize:79 - Connecting to exchange for bot BTC Scalper
2025-09-21 19:42:44 | INFO     | src.exchanges.binance_exchange:connect:33 - Connected to Binance (sandbox)
2025-09-21 19:42:44 | INFO     | src.bot:initialize:83 - Exchange connected for bot BTC Scalper
2025-09-21 19:42:44 | INFO     | src.bot:initialize:86 - Creating strategy for bot BTC Scalper
2025-09-21 19:42:44 | INFO     | src.bot:_create_strategy:197 - Created GridTradingStrategy for bot BTC Scalper
2025-09-21 19:42:44 | INFO     | src.bot:initialize:88 - Strategy created for bot BTC Scalper
2025-09-21 19:42:44 | INFO     | src.bot:initialize:91 - Updating bot status to running for bot BTC Scalper
2025-09-21 19:42:44 | INFO     | src.database:update_bot_status:189 - Bot d670f5bd-d334-4228-bf10-930decd14a31 status updated to running
2025-09-21 19:42:44 | INFO     | src.bot:initialize:93 - Bot status updated for bot BTC Scalper
2025-09-21 19:42:44 | INFO     | src.bot:initialize:95 - Bot BTC Scalper initialized successfully
2025-09-21 19:42:44 | INFO     | src.bot_manager:start_bot:97 - Started bot btc_scalper_binance
2025-09-21 19:42:44 | INFO     | src.database:_connect:31 - Connected to PostgreSQL database
2025-09-21 19:42:44 | INFO     | src.bot:initialize:57 - Starting initialization for bot ETH Grid Bot
2025-09-21 19:42:44 | INFO     | src.bot:initialize:60 - Creating tables for bot ETH Grid Bot
2025-09-21 19:42:44 | INFO     | src.database:create_tables:113 - Database tables created successfully
2025-09-21 19:42:44 | INFO     | src.bot:initialize:62 - Tables created for bot ETH Grid Bot
2025-09-21 19:42:44 | INFO     | src.bot:initialize:65 - Registering platform for bot ETH Grid Bot
2025-09-21 19:42:44 | DEBUG    | src.database:register_platform:322 - Platform binance already exists
2025-09-21 19:42:44 | INFO     | src.bot:initialize:67 - Platform registered for bot ETH Grid Bot
2025-09-21 19:42:44 | INFO     | src.bot:initialize:70 - Registering bot ETH Grid Bot
2025-09-21 19:42:44 | DEBUG    | src.database:register_bot:361 - Bot eth_grid_binance already exists with ID 4de519c6-7379-44d9-8df2-9f4c941d1d3b
2025-09-21 19:42:44 | INFO     | src.bot:initialize:72 - Bot ETH Grid Bot registered with ID 4de519c6-7379-44d9-8df2-9f4c941d1d3b
2025-09-21 19:42:44 | INFO     | src.bot:initialize:75 - Creating exchange for bot ETH Grid Bot
2025-09-21 19:42:44 | INFO     | src.bot:initialize:77 - Exchange created for bot ETH Grid Bot
2025-09-21 19:42:44 | INFO     | src.bot:initialize:79 - Connecting to exchange for bot ETH Grid Bot
2025-09-21 19:42:44 | INFO     | src.bot:run:217 - Starting bot BTC Scalper
2025-09-21 19:42:44 | ERROR    | src.exchanges.binance_th_exchange:_make_request:106 - API request failed: API Error -1121: Invalid symbol.
2025-09-21 19:42:44 | ERROR    | src.exchanges.binance_th_exchange:get_ticker:161 - Failed to get Binance TH ticker for BTC/THB: API Error -1121: Invalid symbol.
2025-09-21 19:42:44 | ERROR    | src.bot:_update_market_data:323 - Failed to update market data for BTC/THB: API Error -1121: Invalid symbol.
2025-09-21 19:42:44 | WARNING  | src.strategies.grid_strategy:analyze:29 - No historical data for BTC/THB
2025-09-21 19:42:44 | ERROR    | src.bot:_update_performance_metrics:488 - Failed to update performance metrics: DatabaseManager.update_bot_status() takes from 3 to 4 positional arguments but 5 were given
2025-09-21 19:42:45 | ERROR    | src.bot:_update_market_data:323 - Failed to update market data for ADA/USDT: module 'pandas' has no attribute 'np'
2025-09-21 19:42:45 | WARNING  | src.strategies.momentum_strategy:analyze:31 - No historical data for ADA/USDT
2025-09-21 19:42:45 | ERROR    | src.bot:_update_performance_metrics:488 - Failed to update performance metrics: DatabaseManager.update_bot_status() takes from 3 to 4 positional arguments but 5 were given
2025-09-21 19:42:46 | INFO     | src.exchanges.binance_exchange:connect:33 - Connected to Binance (sandbox)
2025-09-21 19:42:46 | INFO     | src.bot:initialize:83 - Exchange connected for bot ETH Grid Bot
2025-09-21 19:42:46 | INFO     | src.bot:initialize:86 - Creating strategy for bot ETH Grid Bot
2025-09-21 19:42:46 | INFO     | src.bot:_create_strategy:197 - Created GridTradingStrategy for bot ETH Grid Bot
2025-09-21 19:42:46 | INFO     | src.bot:initialize:88 - Strategy created for bot ETH Grid Bot
2025-09-21 19:42:46 | INFO     | src.bot:initialize:91 - Updating bot status to running for bot ETH Grid Bot
2025-09-21 19:42:46 | INFO     | src.database:update_bot_status:189 - Bot 4de519c6-7379-44d9-8df2-9f4c941d1d3b status updated to running
2025-09-21 19:42:46 | INFO     | src.bot:initialize:93 - Bot status updated for bot ETH Grid Bot
2025-09-21 19:42:46 | INFO     | src.bot:initialize:95 - Bot ETH Grid Bot initialized successfully
2025-09-21 19:42:46 | INFO     | src.bot_manager:start_bot:97 - Started bot eth_grid_binance
2025-09-21 19:42:47 | INFO     | src.database:_connect:31 - Connected to PostgreSQL database
2025-09-21 19:42:47 | INFO     | src.bot:initialize:57 - Starting initialization for bot ADA DCA Bot
2025-09-21 19:42:47 | INFO     | src.bot:initialize:60 - Creating tables for bot ADA DCA Bot
2025-09-21 19:42:47 | ERROR    | src.exchanges.binance_th_exchange:_make_request:106 - API request failed: API Error -1121: Invalid symbol.
2025-09-21 19:42:47 | ERROR    | src.exchanges.binance_th_exchange:get_ticker:161 - Failed to get Binance TH ticker for ETH/THB: API Error -1121: Invalid symbol.
2025-09-21 19:42:47 | ERROR    | src.bot:_update_market_data:323 - Failed to update market data for ETH/THB: API Error -1121: Invalid symbol.
2025-09-21 19:42:47 | WARNING  | src.strategies.momentum_strategy:analyze:31 - No historical data for ETH/THB
2025-09-21 19:42:47 | ERROR    | src.bot:_update_performance_metrics:488 - Failed to update performance metrics: DatabaseManager.update_bot_status() takes from 3 to 4 positional arguments but 5 were given
2025-09-21 19:42:47 | INFO     | src.database:create_tables:113 - Database tables created successfully
2025-09-21 19:42:47 | INFO     | src.bot:initialize:62 - Tables created for bot ADA DCA Bot
2025-09-21 19:42:47 | INFO     | src.bot:initialize:65 - Registering platform for bot ADA DCA Bot
2025-09-21 19:42:47 | DEBUG    | src.database:register_platform:322 - Platform binance already exists
2025-09-21 19:42:47 | INFO     | src.bot:initialize:67 - Platform registered for bot ADA DCA Bot
2025-09-21 19:42:47 | INFO     | src.bot:initialize:70 - Registering bot ADA DCA Bot
2025-09-21 19:42:47 | DEBUG    | src.database:register_bot:361 - Bot ada_dca_binance already exists with ID 3050619d-c54b-49ba-a4f4-e328aba8a227
2025-09-21 19:42:47 | INFO     | src.bot:initialize:72 - Bot ADA DCA Bot registered with ID 3050619d-c54b-49ba-a4f4-e328aba8a227
2025-09-21 19:42:47 | INFO     | src.bot:initialize:75 - Creating exchange for bot ADA DCA Bot
2025-09-21 19:42:47 | INFO     | src.bot:initialize:77 - Exchange created for bot ADA DCA Bot
2025-09-21 19:42:47 | INFO     | src.bot:initialize:79 - Connecting to exchange for bot ADA DCA Bot
2025-09-21 19:42:47 | INFO     | src.bot:run:217 - Starting bot ETH Grid Bot
2025-09-21 19:42:47 | INFO     | src.strategies.grid_strategy:_initialize_grid:98 - Initialized grid for BTC/USDT with 10 levels around $133674.2122
2025-09-21 19:42:48 | INFO     | src.database:update_bot_status:189 - Bot d670f5bd-d334-4228-bf10-930decd14a31 status updated to running
2025-09-21 19:42:48 | ERROR    | src.database:insert_bot_metrics:227 - Error inserting bot metrics: column "balance" of relation "bot_metrics" does not exist
LINE 3:                     bot_id, balance, pnl, drawdown, sharpe_r...
                                    ^

2025-09-21 19:42:49 | INFO     | src.exchanges.binance_exchange:connect:33 - Connected to Binance (sandbox)
2025-09-21 19:42:49 | INFO     | src.bot:initialize:83 - Exchange connected for bot ADA DCA Bot
2025-09-21 19:42:49 | INFO     | src.bot:initialize:86 - Creating strategy for bot ADA DCA Bot
2025-09-21 19:42:49 | INFO     | src.bot:_create_strategy:201 - Created MomentumStrategy for bot ADA DCA Bot
2025-09-21 19:42:49 | INFO     | src.bot:initialize:88 - Strategy created for bot ADA DCA Bot
2025-09-21 19:42:49 | INFO     | src.bot:initialize:91 - Updating bot status to running for bot ADA DCA Bot
2025-09-21 19:42:49 | INFO     | src.database:update_bot_status:189 - Bot 3050619d-c54b-49ba-a4f4-e328aba8a227 status updated to running
2025-09-21 19:42:49 | INFO     | src.bot:initialize:93 - Bot status updated for bot ADA DCA Bot
2025-09-21 19:42:49 | INFO     | src.bot:initialize:95 - Bot ADA DCA Bot initialized successfully
2025-09-21 19:42:49 | INFO     | src.bot_manager:start_bot:97 - Started bot ada_dca_binance
2025-09-21 19:42:49 | INFO     | src.database:_connect:31 - Connected to PostgreSQL database
2025-09-21 19:42:49 | INFO     | src.bot:initialize:57 - Starting initialization for bot BTC Long Term
2025-09-21 19:42:49 | INFO     | src.bot:initialize:60 - Creating tables for bot BTC Long Term
2025-09-21 19:42:49 | INFO     | src.database:create_tables:113 - Database tables created successfully
2025-09-21 19:42:49 | INFO     | src.bot:initialize:62 - Tables created for bot BTC Long Term
2025-09-21 19:42:49 | INFO     | src.bot:initialize:65 - Registering platform for bot BTC Long Term
2025-09-21 19:42:50 | DEBUG    | src.database:register_platform:322 - Platform coinbase already exists
2025-09-21 19:42:50 | INFO     | src.bot:initialize:67 - Platform registered for bot BTC Long Term
2025-09-21 19:42:50 | INFO     | src.bot:initialize:70 - Registering bot BTC Long Term
2025-09-21 19:42:50 | DEBUG    | src.database:register_bot:361 - Bot btc_long_coinbase already exists with ID b627a9ae-22a7-45f8-b5b9-45a9c219f298
2025-09-21 19:42:50 | INFO     | src.bot:initialize:72 - Bot BTC Long Term registered with ID b627a9ae-22a7-45f8-b5b9-45a9c219f298
2025-09-21 19:42:50 | INFO     | src.bot:initialize:75 - Creating exchange for bot BTC Long Term
2025-09-21 19:42:50 | ERROR    | src.bot:initialize:99 - Failed to initialize bot BTC Long Term: Unsupported platform: coinbase
2025-09-21 19:42:50 | ERROR    | src.bot:initialize:100 - Exception type: <class 'ValueError'>
2025-09-21 19:42:50 | ERROR    | src.bot:initialize:102 - Traceback: Traceback (most recent call last):
  File "/home/bookchaowalit/book/book_projects/personal-project/trading_bot_v2/trading-bots/src/bot.py", line 76, in initialize
    self.exchange = self._create_exchange()
                    ^^^^^^^^^^^^^^^^^^^^^^^
  File "/home/bookchaowalit/book/book_projects/personal-project/trading_bot_v2/trading-bots/src/bot.py", line 190, in _create_exchange
    raise ValueError(f"Unsupported platform: {self.platform}")
ValueError: Unsupported platform: coinbase

2025-09-21 19:42:50 | INFO     | src.database:update_bot_status:189 - Bot b627a9ae-22a7-45f8-b5b9-45a9c219f298 status updated to error
2025-09-21 19:42:50 | ERROR    | src.bot_manager:start_bot:88 - Failed to initialize bot btc_long_coinbase
2025-09-21 19:42:50 | INFO     | src.database:_connect:31 - Connected to PostgreSQL database
2025-09-21 19:42:50 | INFO     | src.bot:initialize:57 - Starting initialization for bot ETH Swing
2025-09-21 19:42:50 | INFO     | src.bot:initialize:60 - Creating tables for bot ETH Swing
2025-09-21 19:42:50 | INFO     | src.database:create_tables:113 - Database tables created successfully
2025-09-21 19:42:50 | INFO     | src.bot:initialize:62 - Tables created for bot ETH Swing
2025-09-21 19:42:50 | INFO     | src.bot:initialize:65 - Registering platform for bot ETH Swing
2025-09-21 19:42:50 | DEBUG    | src.database:register_platform:322 - Platform coinbase already exists
2025-09-21 19:42:50 | INFO     | src.bot:initialize:67 - Platform registered for bot ETH Swing
2025-09-21 19:42:50 | INFO     | src.bot:initialize:70 - Registering bot ETH Swing
2025-09-21 19:42:50 | DEBUG    | src.database:register_bot:361 - Bot eth_swing_coinbase already exists with ID 09f08fe4-5358-4708-b06f-311e13cad54f
2025-09-21 19:42:50 | INFO     | src.bot:initialize:72 - Bot ETH Swing registered with ID 09f08fe4-5358-4708-b06f-311e13cad54f
2025-09-21 19:42:50 | INFO     | src.bot:initialize:75 - Creating exchange for bot ETH Swing
2025-09-21 19:42:50 | ERROR    | src.bot:initialize:99 - Failed to initialize bot ETH Swing: Unsupported platform: coinbase
2025-09-21 19:42:50 | ERROR    | src.bot:initialize:100 - Exception type: <class 'ValueError'>
2025-09-21 19:42:50 | ERROR    | src.bot:initialize:102 - Traceback: Traceback (most recent call last):
  File "/home/bookchaowalit/book/book_projects/personal-project/trading_bot_v2/trading-bots/src/bot.py", line 76, in initialize
    self.exchange = self._create_exchange()
                    ^^^^^^^^^^^^^^^^^^^^^^^
  File "/home/bookchaowalit/book/book_projects/personal-project/trading_bot_v2/trading-bots/src/bot.py", line 190, in _create_exchange
    raise ValueError(f"Unsupported platform: {self.platform}")
ValueError: Unsupported platform: coinbase

2025-09-21 19:42:50 | INFO     | src.database:update_bot_status:189 - Bot 09f08fe4-5358-4708-b06f-311e13cad54f status updated to error
2025-09-21 19:42:50 | ERROR    | src.bot_manager:start_bot:88 - Failed to initialize bot eth_swing_coinbase
2025-09-21 19:42:50 | INFO     | src.database:_connect:31 - Connected to PostgreSQL database
2025-09-21 19:42:50 | INFO     | src.bot:initialize:57 - Starting initialization for bot PTT Momentum
2025-09-21 19:42:50 | INFO     | src.bot:initialize:60 - Creating tables for bot PTT Momentum
2025-09-21 19:42:51 | INFO     | src.database:create_tables:113 - Database tables created successfully
2025-09-21 19:42:51 | INFO     | src.bot:initialize:62 - Tables created for bot PTT Momentum
2025-09-21 19:42:51 | INFO     | src.bot:initialize:65 - Registering platform for bot PTT Momentum
2025-09-21 19:42:51 | DEBUG    | src.database:register_platform:322 - Platform innovestx already exists
2025-09-21 19:42:51 | INFO     | src.bot:initialize:67 - Platform registered for bot PTT Momentum
2025-09-21 19:42:51 | INFO     | src.bot:initialize:70 - Registering bot PTT Momentum
2025-09-21 19:42:51 | DEBUG    | src.database:register_bot:361 - Bot ptt_momentum_innovestx already exists with ID 5524a407-1c50-44a0-ad0f-bcc186b31da6
2025-09-21 19:42:51 | INFO     | src.bot:initialize:72 - Bot PTT Momentum registered with ID 5524a407-1c50-44a0-ad0f-bcc186b31da6
2025-09-21 19:42:51 | INFO     | src.bot:initialize:75 - Creating exchange for bot PTT Momentum
2025-09-21 19:42:51 | INFO     | src.bot:initialize:77 - Exchange created for bot PTT Momentum
2025-09-21 19:42:51 | INFO     | src.bot:initialize:79 - Connecting to exchange for bot PTT Momentum
2025-09-21 19:42:51 | ERROR    | src.exchanges.innovestx_exchange:_make_request:127 - InnovestX request failed: 'NoneType' object has no attribute 'encode'
2025-09-21 19:42:51 | ERROR    | src.exchanges.innovestx_exchange:connect:56 - Failed to authenticate with InnovestX
2025-09-21 19:42:51 | ERROR    | src.bot:initialize:81 - Failed to connect to exchange for bot PTT Momentum
2025-09-21 19:42:51 | ERROR    | src.bot_manager:start_bot:88 - Failed to initialize bot ptt_momentum_innovestx
2025-09-21 19:42:51 | INFO     | src.database:_connect:31 - Connected to PostgreSQL database
2025-09-21 19:42:51 | INFO     | src.bot:initialize:57 - Starting initialization for bot CPALL Grid Bot
2025-09-21 19:42:51 | INFO     | src.bot:initialize:60 - Creating tables for bot CPALL Grid Bot
2025-09-21 19:42:51 | INFO     | src.database:create_tables:113 - Database tables created successfully
2025-09-21 19:42:51 | INFO     | src.bot:initialize:62 - Tables created for bot CPALL Grid Bot
2025-09-21 19:42:51 | INFO     | src.bot:initialize:65 - Registering platform for bot CPALL Grid Bot
2025-09-21 19:42:51 | DEBUG    | src.database:register_platform:322 - Platform innovestx already exists
2025-09-21 19:42:51 | INFO     | src.bot:initialize:67 - Platform registered for bot CPALL Grid Bot
2025-09-21 19:42:51 | INFO     | src.bot:initialize:70 - Registering bot CPALL Grid Bot
2025-09-21 19:42:51 | DEBUG    | src.database:register_bot:361 - Bot cpall_grid_innovestx already exists with ID 37d23a1a-63df-45fe-a7c7-73c54882d682
2025-09-21 19:42:51 | INFO     | src.bot:initialize:72 - Bot CPALL Grid Bot registered with ID 37d23a1a-63df-45fe-a7c7-73c54882d682
2025-09-21 19:42:51 | INFO     | src.bot:initialize:75 - Creating exchange for bot CPALL Grid Bot
2025-09-21 19:42:51 | INFO     | src.bot:initialize:77 - Exchange created for bot CPALL Grid Bot
2025-09-21 19:42:51 | INFO     | src.bot:initialize:79 - Connecting to exchange for bot CPALL Grid Bot
2025-09-21 19:42:51 | ERROR    | src.exchanges.innovestx_exchange:_make_request:127 - InnovestX request failed: 'NoneType' object has no attribute 'encode'
2025-09-21 19:42:51 | ERROR    | src.exchanges.innovestx_exchange:connect:56 - Failed to authenticate with InnovestX
2025-09-21 19:42:51 | ERROR    | src.bot:initialize:81 - Failed to connect to exchange for bot CPALL Grid Bot
2025-09-21 19:42:51 | ERROR    | src.bot_manager:start_bot:88 - Failed to initialize bot cpall_grid_innovestx
2025-09-21 19:42:51 | INFO     | src.database:_connect:31 - Connected to PostgreSQL database
2025-09-21 19:42:51 | INFO     | src.bot:initialize:57 - Starting initialization for bot KBANK Swing
2025-09-21 19:42:51 | INFO     | src.bot:initialize:60 - Creating tables for bot KBANK Swing
2025-09-21 19:42:52 | INFO     | src.database:create_tables:113 - Database tables created successfully
2025-09-21 19:42:52 | INFO     | src.bot:initialize:62 - Tables created for bot KBANK Swing
2025-09-21 19:42:52 | INFO     | src.bot:initialize:65 - Registering platform for bot KBANK Swing
2025-09-21 19:42:52 | DEBUG    | src.database:register_platform:322 - Platform innovestx already exists
2025-09-21 19:42:52 | INFO     | src.bot:initialize:67 - Platform registered for bot KBANK Swing
2025-09-21 19:42:52 | INFO     | src.bot:initialize:70 - Registering bot KBANK Swing
2025-09-21 19:42:52 | DEBUG    | src.database:register_bot:361 - Bot kbank_swing_innovestx already exists with ID 8e8e1ba8-fa40-442a-baf1-dcee905b04f6
2025-09-21 19:42:52 | INFO     | src.bot:initialize:72 - Bot KBANK Swing registered with ID 8e8e1ba8-fa40-442a-baf1-dcee905b04f6
2025-09-21 19:42:52 | INFO     | src.bot:initialize:75 - Creating exchange for bot KBANK Swing
2025-09-21 19:42:52 | INFO     | src.bot:initialize:77 - Exchange created for bot KBANK Swing
2025-09-21 19:42:52 | INFO     | src.bot:initialize:79 - Connecting to exchange for bot KBANK Swing
2025-09-21 19:42:52 | ERROR    | src.exchanges.innovestx_exchange:_make_request:127 - InnovestX request failed: 'NoneType' object has no attribute 'encode'
2025-09-21 19:42:52 | ERROR    | src.exchanges.innovestx_exchange:connect:56 - Failed to authenticate with InnovestX
2025-09-21 19:42:52 | ERROR    | src.bot:initialize:81 - Failed to connect to exchange for bot KBANK Swing
2025-09-21 19:42:52 | ERROR    | src.bot_manager:start_bot:88 - Failed to initialize bot kbank_swing_innovestx
2025-09-21 19:42:52 | INFO     | src.database:_connect:31 - Connected to PostgreSQL database
2025-09-21 19:42:52 | INFO     | src.bot:initialize:57 - Starting initialization for bot Thai Multi-Sector Bot
2025-09-21 19:42:52 | INFO     | src.bot:initialize:60 - Creating tables for bot Thai Multi-Sector Bot
2025-09-21 19:42:52 | INFO     | src.database:create_tables:113 - Database tables created successfully
2025-09-21 19:42:52 | INFO     | src.bot:initialize:62 - Tables created for bot Thai Multi-Sector Bot
2025-09-21 19:42:52 | INFO     | src.bot:initialize:65 - Registering platform for bot Thai Multi-Sector Bot
2025-09-21 19:42:52 | DEBUG    | src.database:register_platform:322 - Platform innovestx already exists
2025-09-21 19:42:52 | INFO     | src.bot:initialize:67 - Platform registered for bot Thai Multi-Sector Bot
2025-09-21 19:42:52 | INFO     | src.bot:initialize:70 - Registering bot Thai Multi-Sector Bot
2025-09-21 19:42:52 | DEBUG    | src.database:register_bot:361 - Bot thai_multi_sector_innovestx already exists with ID fe82324c-0e15-4d9a-893e-45a99ead6e10
2025-09-21 19:42:52 | INFO     | src.bot:initialize:72 - Bot Thai Multi-Sector Bot registered with ID fe82324c-0e15-4d9a-893e-45a99ead6e10
2025-09-21 19:42:52 | INFO     | src.bot:initialize:75 - Creating exchange for bot Thai Multi-Sector Bot
2025-09-21 19:42:52 | INFO     | src.bot:initialize:77 - Exchange created for bot Thai Multi-Sector Bot
2025-09-21 19:42:52 | INFO     | src.bot:initialize:79 - Connecting to exchange for bot Thai Multi-Sector Bot
2025-09-21 19:42:52 | ERROR    | src.exchanges.innovestx_exchange:_make_request:127 - InnovestX request failed: 'NoneType' object has no attribute 'encode'
2025-09-21 19:42:52 | ERROR    | src.exchanges.innovestx_exchange:connect:56 - Failed to authenticate with InnovestX
2025-09-21 19:42:52 | ERROR    | src.bot:initialize:81 - Failed to connect to exchange for bot Thai Multi-Sector Bot
2025-09-21 19:42:52 | ERROR    | src.bot_manager:start_bot:88 - Failed to initialize bot thai_multi_sector_innovestx
2025-09-21 19:42:52 | INFO     | src.database:_connect:31 - Connected to PostgreSQL database
2025-09-21 19:42:52 | INFO     | src.bot:initialize:57 - Starting initialization for bot BTC Grid Binance TH
2025-09-21 19:42:52 | INFO     | src.bot:initialize:60 - Creating tables for bot BTC Grid Binance TH
2025-09-21 19:42:53 | INFO     | src.database:create_tables:113 - Database tables created successfully
2025-09-21 19:42:53 | INFO     | src.bot:initialize:62 - Tables created for bot BTC Grid Binance TH
2025-09-21 19:42:53 | INFO     | src.bot:initialize:65 - Registering platform for bot BTC Grid Binance TH
2025-09-21 19:42:53 | DEBUG    | src.database:register_platform:322 - Platform binance_th already exists
2025-09-21 19:42:53 | INFO     | src.bot:initialize:67 - Platform registered for bot BTC Grid Binance TH
2025-09-21 19:42:53 | INFO     | src.bot:initialize:70 - Registering bot BTC Grid Binance TH
2025-09-21 19:42:53 | DEBUG    | src.database:register_bot:361 - Bot btc_grid_binance_th already exists with ID 3bd54ecf-276a-4de4-bdc5-891fc5ba8ee0
2025-09-21 19:42:53 | INFO     | src.bot:initialize:72 - Bot BTC Grid Binance TH registered with ID 3bd54ecf-276a-4de4-bdc5-891fc5ba8ee0
2025-09-21 19:42:53 | INFO     | src.bot:initialize:75 - Creating exchange for bot BTC Grid Binance TH
2025-09-21 19:42:53 | INFO     | src.bot:initialize:77 - Exchange created for bot BTC Grid Binance TH
2025-09-21 19:42:53 | INFO     | src.bot:initialize:79 - Connecting to exchange for bot BTC Grid Binance TH
2025-09-21 19:42:53 | INFO     | src.bot:run:217 - Starting bot ADA DCA Bot
2025-09-21 19:42:53 | INFO     | src.strategies.grid_strategy:_initialize_grid:98 - Initialized grid for ETH/USDT with 12 levels around $4027.6059
2025-09-21 19:42:53 | INFO     | src.database:update_bot_status:189 - Bot 4de519c6-7379-44d9-8df2-9f4c941d1d3b status updated to running
2025-09-21 19:42:53 | ERROR    | src.database:insert_bot_metrics:227 - Error inserting bot metrics: column "balance" of relation "bot_metrics" does not exist
LINE 3:                     bot_id, balance, pnl, drawdown, sharpe_r...
                                    ^

2025-09-21 19:42:54 | INFO     | src.exchanges.binance_th_exchange:connect:36 - Connected to Binance TH (test mode)
2025-09-21 19:42:54 | INFO     | src.bot:initialize:83 - Exchange connected for bot BTC Grid Binance TH
2025-09-21 19:42:54 | INFO     | src.bot:initialize:86 - Creating strategy for bot BTC Grid Binance TH
2025-09-21 19:42:54 | INFO     | src.bot:_create_strategy:197 - Created GridTradingStrategy for bot BTC Grid Binance TH
2025-09-21 19:42:54 | INFO     | src.bot:initialize:88 - Strategy created for bot BTC Grid Binance TH
2025-09-21 19:42:54 | INFO     | src.bot:initialize:91 - Updating bot status to running for bot BTC Grid Binance TH
2025-09-21 19:42:54 | INFO     | src.database:update_bot_status:189 - Bot 3bd54ecf-276a-4de4-bdc5-891fc5ba8ee0 status updated to running
2025-09-21 19:42:54 | INFO     | src.bot:initialize:93 - Bot status updated for bot BTC Grid Binance TH
2025-09-21 19:42:54 | INFO     | src.bot:initialize:95 - Bot BTC Grid Binance TH initialized successfully
2025-09-21 19:42:54 | INFO     | src.bot_manager:start_bot:97 - Started bot btc_grid_binance_th
2025-09-21 19:42:55 | INFO     | src.database:_connect:31 - Connected to PostgreSQL database
2025-09-21 19:42:55 | INFO     | src.bot:initialize:57 - Starting initialization for bot ETH Momentum Binance TH
2025-09-21 19:42:55 | INFO     | src.bot:initialize:60 - Creating tables for bot ETH Momentum Binance TH
2025-09-21 19:42:55 | INFO     | src.database:create_tables:113 - Database tables created successfully
2025-09-21 19:42:55 | INFO     | src.bot:initialize:62 - Tables created for bot ETH Momentum Binance TH
2025-09-21 19:42:55 | INFO     | src.bot:initialize:65 - Registering platform for bot ETH Momentum Binance TH
2025-09-21 19:42:55 | DEBUG    | src.database:register_platform:322 - Platform binance_th already exists
2025-09-21 19:42:55 | INFO     | src.bot:initialize:67 - Platform registered for bot ETH Momentum Binance TH
2025-09-21 19:42:55 | INFO     | src.bot:initialize:70 - Registering bot ETH Momentum Binance TH
2025-09-21 19:42:55 | DEBUG    | src.database:register_bot:361 - Bot eth_momentum_binance_th already exists with ID 53834af7-09d6-4312-b695-b1858adc10f5
2025-09-21 19:42:55 | INFO     | src.bot:initialize:72 - Bot ETH Momentum Binance TH registered with ID 53834af7-09d6-4312-b695-b1858adc10f5
2025-09-21 19:42:55 | INFO     | src.bot:initialize:75 - Creating exchange for bot ETH Momentum Binance TH
2025-09-21 19:42:55 | INFO     | src.bot:initialize:77 - Exchange created for bot ETH Momentum Binance TH
2025-09-21 19:42:55 | INFO     | src.bot:initialize:79 - Connecting to exchange for bot ETH Momentum Binance TH
2025-09-21 19:42:55 | INFO     | src.bot:run:217 - Starting bot BTC Grid Binance TH
2025-09-21 19:42:55 | INFO     | src.database:update_bot_status:189 - Bot 3050619d-c54b-49ba-a4f4-e328aba8a227 status updated to running
2025-09-21 19:42:56 | ERROR    | src.database:insert_bot_metrics:227 - Error inserting bot metrics: column "balance" of relation "bot_metrics" does not exist
LINE 3:                     bot_id, balance, pnl, drawdown, sharpe_r...
                                    ^

2025-09-21 19:42:56 | INFO     | src.exchanges.binance_th_exchange:connect:36 - Connected to Binance TH (test mode)
2025-09-21 19:42:56 | INFO     | src.bot:initialize:83 - Exchange connected for bot ETH Momentum Binance TH
2025-09-21 19:42:56 | INFO     | src.bot:initialize:86 - Creating strategy for bot ETH Momentum Binance TH
2025-09-21 19:42:56 | INFO     | src.bot:_create_strategy:201 - Created MomentumStrategy for bot ETH Momentum Binance TH
2025-09-21 19:42:56 | INFO     | src.bot:initialize:88 - Strategy created for bot ETH Momentum Binance TH
2025-09-21 19:42:56 | INFO     | src.bot:initialize:91 - Updating bot status to running for bot ETH Momentum Binance TH
2025-09-21 19:42:56 | INFO     | src.database:update_bot_status:189 - Bot 53834af7-09d6-4312-b695-b1858adc10f5 status updated to running
2025-09-21 19:42:56 | INFO     | src.bot:initialize:93 - Bot status updated for bot ETH Momentum Binance TH
2025-09-21 19:42:56 | INFO     | src.bot:initialize:95 - Bot ETH Momentum Binance TH initialized successfully
2025-09-21 19:42:56 | INFO     | src.bot_manager:start_bot:97 - Started bot eth_momentum_binance_th
2025-09-21 19:42:56 | INFO     | src.bot_manager:start_all_bots:143 - Started 5 trading bots
2025-09-21 19:42:56 | INFO     | src.bot:run:217 - Starting bot ETH Momentum Binance TH
2025-09-21 19:42:57 | INFO     | src.strategies.grid_strategy:_initialize_grid:98 - Initialized grid for BTC/USDT with 8 levels around $129127.8968
2025-09-21 19:42:57 | INFO     | src.database:update_bot_status:189 - Bot 3bd54ecf-276a-4de4-bdc5-891fc5ba8ee0 status updated to running
2025-09-21 19:42:58 | ERROR    | src.database:insert_bot_metrics:227 - Error inserting bot metrics: column "balance" of relation "bot_metrics" does not exist
LINE 3:                     bot_id, balance, pnl, drawdown, sharpe_r...
                                    ^

2025-09-21 19:42:59 | INFO     | src.database:update_bot_status:189 - Bot 53834af7-09d6-4312-b695-b1858adc10f5 status updated to running
2025-09-21 19:42:59 | ERROR    | src.database:insert_bot_metrics:227 - Error inserting bot metrics: column "balance" of relation "bot_metrics" does not exist
LINE 3:                     bot_id, balance, pnl, drawdown, sharpe_r...
                                    ^

2025-09-21 19:43:31 | INFO     | __main__:main:41 - Starting Trading Bot System
2025-09-21 19:43:31 | INFO     | src.bot_manager:run:201 - Starting Bot Manager
2025-09-21 19:43:31 | INFO     | src.bot_manager:load_bot_configs:32 - Loaded 11 bot configurations
2025-09-21 19:43:31 | INFO     | src.database:_connect:31 - Connected to PostgreSQL database
2025-09-21 19:43:31 | INFO     | src.bot:initialize:57 - Starting initialization for bot BTC Scalper
2025-09-21 19:43:31 | INFO     | src.bot:initialize:60 - Creating tables for bot BTC Scalper
2025-09-21 19:43:31 | INFO     | src.database:create_tables:113 - Database tables created successfully
2025-09-21 19:43:31 | INFO     | src.bot:initialize:62 - Tables created for bot BTC Scalper
2025-09-21 19:43:31 | INFO     | src.bot:initialize:65 - Registering platform for bot BTC Scalper
2025-09-21 19:43:31 | DEBUG    | src.database:register_platform:322 - Platform binance already exists
2025-09-21 19:43:31 | INFO     | src.bot:initialize:67 - Platform registered for bot BTC Scalper
2025-09-21 19:43:31 | INFO     | src.bot:initialize:70 - Registering bot BTC Scalper
2025-09-21 19:43:31 | DEBUG    | src.database:register_bot:361 - Bot btc_scalper_binance already exists with ID d670f5bd-d334-4228-bf10-930decd14a31
2025-09-21 19:43:31 | INFO     | src.bot:initialize:72 - Bot BTC Scalper registered with ID d670f5bd-d334-4228-bf10-930decd14a31
2025-09-21 19:43:31 | INFO     | src.bot:initialize:75 - Creating exchange for bot BTC Scalper
2025-09-21 19:43:31 | INFO     | src.bot:initialize:77 - Exchange created for bot BTC Scalper
2025-09-21 19:43:31 | INFO     | src.bot:initialize:79 - Connecting to exchange for bot BTC Scalper
2025-09-21 19:43:33 | INFO     | src.exchanges.binance_exchange:connect:33 - Connected to Binance (sandbox)
2025-09-21 19:43:33 | INFO     | src.bot:initialize:83 - Exchange connected for bot BTC Scalper
2025-09-21 19:43:33 | INFO     | src.bot:initialize:86 - Creating strategy for bot BTC Scalper
2025-09-21 19:43:33 | INFO     | src.bot:_create_strategy:197 - Created GridTradingStrategy for bot BTC Scalper
2025-09-21 19:43:33 | INFO     | src.bot:initialize:88 - Strategy created for bot BTC Scalper
2025-09-21 19:43:33 | INFO     | src.bot:initialize:91 - Updating bot status to running for bot BTC Scalper
2025-09-21 19:43:33 | INFO     | src.database:update_bot_status:189 - Bot d670f5bd-d334-4228-bf10-930decd14a31 status updated to running
2025-09-21 19:43:33 | INFO     | src.bot:initialize:93 - Bot status updated for bot BTC Scalper
2025-09-21 19:43:33 | INFO     | src.bot:initialize:95 - Bot BTC Scalper initialized successfully
2025-09-21 19:43:33 | INFO     | src.bot_manager:start_bot:97 - Started bot btc_scalper_binance
2025-09-21 19:43:34 | INFO     | src.database:_connect:31 - Connected to PostgreSQL database
2025-09-21 19:43:34 | INFO     | src.bot:initialize:57 - Starting initialization for bot ETH Grid Bot
2025-09-21 19:43:34 | INFO     | src.bot:initialize:60 - Creating tables for bot ETH Grid Bot
2025-09-21 19:43:34 | INFO     | src.database:create_tables:113 - Database tables created successfully
2025-09-21 19:43:34 | INFO     | src.bot:initialize:62 - Tables created for bot ETH Grid Bot
2025-09-21 19:43:34 | INFO     | src.bot:initialize:65 - Registering platform for bot ETH Grid Bot
2025-09-21 19:43:34 | DEBUG    | src.database:register_platform:322 - Platform binance already exists
2025-09-21 19:43:34 | INFO     | src.bot:initialize:67 - Platform registered for bot ETH Grid Bot
2025-09-21 19:43:34 | INFO     | src.bot:initialize:70 - Registering bot ETH Grid Bot
2025-09-21 19:43:34 | DEBUG    | src.database:register_bot:361 - Bot eth_grid_binance already exists with ID 4de519c6-7379-44d9-8df2-9f4c941d1d3b
2025-09-21 19:43:34 | INFO     | src.bot:initialize:72 - Bot ETH Grid Bot registered with ID 4de519c6-7379-44d9-8df2-9f4c941d1d3b
2025-09-21 19:43:34 | INFO     | src.bot:initialize:75 - Creating exchange for bot ETH Grid Bot
2025-09-21 19:43:34 | INFO     | src.bot:initialize:77 - Exchange created for bot ETH Grid Bot
2025-09-21 19:43:34 | INFO     | src.bot:initialize:79 - Connecting to exchange for bot ETH Grid Bot
2025-09-21 19:43:34 | INFO     | src.bot:run:217 - Starting bot BTC Scalper
2025-09-21 19:43:36 | INFO     | src.exchanges.binance_exchange:connect:33 - Connected to Binance (sandbox)
2025-09-21 19:43:36 | INFO     | src.bot:initialize:83 - Exchange connected for bot ETH Grid Bot
2025-09-21 19:43:36 | INFO     | src.bot:initialize:86 - Creating strategy for bot ETH Grid Bot
2025-09-21 19:43:36 | INFO     | src.bot:_create_strategy:197 - Created GridTradingStrategy for bot ETH Grid Bot
2025-09-21 19:43:36 | INFO     | src.bot:initialize:88 - Strategy created for bot ETH Grid Bot
2025-09-21 19:43:36 | INFO     | src.bot:initialize:91 - Updating bot status to running for bot ETH Grid Bot
2025-09-21 19:43:36 | INFO     | src.database:update_bot_status:189 - Bot 4de519c6-7379-44d9-8df2-9f4c941d1d3b status updated to running
2025-09-21 19:43:36 | INFO     | src.bot:initialize:93 - Bot status updated for bot ETH Grid Bot
2025-09-21 19:43:36 | INFO     | src.bot:initialize:95 - Bot ETH Grid Bot initialized successfully
2025-09-21 19:43:36 | INFO     | src.bot_manager:start_bot:97 - Started bot eth_grid_binance
2025-09-21 19:43:36 | INFO     | src.database:_connect:31 - Connected to PostgreSQL database
2025-09-21 19:43:36 | INFO     | src.bot:initialize:57 - Starting initialization for bot ADA DCA Bot
2025-09-21 19:43:36 | INFO     | src.bot:initialize:60 - Creating tables for bot ADA DCA Bot
2025-09-21 19:43:37 | INFO     | src.database:create_tables:113 - Database tables created successfully
2025-09-21 19:43:37 | INFO     | src.bot:initialize:62 - Tables created for bot ADA DCA Bot
2025-09-21 19:43:37 | INFO     | src.bot:initialize:65 - Registering platform for bot ADA DCA Bot
2025-09-21 19:43:37 | DEBUG    | src.database:register_platform:322 - Platform binance already exists
2025-09-21 19:43:37 | INFO     | src.bot:initialize:67 - Platform registered for bot ADA DCA Bot
2025-09-21 19:43:37 | INFO     | src.bot:initialize:70 - Registering bot ADA DCA Bot
2025-09-21 19:43:37 | DEBUG    | src.database:register_bot:361 - Bot ada_dca_binance already exists with ID 3050619d-c54b-49ba-a4f4-e328aba8a227
2025-09-21 19:43:37 | INFO     | src.bot:initialize:72 - Bot ADA DCA Bot registered with ID 3050619d-c54b-49ba-a4f4-e328aba8a227
2025-09-21 19:43:37 | INFO     | src.bot:initialize:75 - Creating exchange for bot ADA DCA Bot
2025-09-21 19:43:37 | INFO     | src.bot:initialize:77 - Exchange created for bot ADA DCA Bot
2025-09-21 19:43:37 | INFO     | src.bot:initialize:79 - Connecting to exchange for bot ADA DCA Bot
2025-09-21 19:43:37 | INFO     | src.bot:run:217 - Starting bot ETH Grid Bot
2025-09-21 19:43:37 | INFO     | src.strategies.grid_strategy:_initialize_grid:98 - Initialized grid for BTC/USDT with 10 levels around $65279.9966
2025-09-21 19:43:37 | INFO     | src.database:update_bot_status:189 - Bot d670f5bd-d334-4228-bf10-930decd14a31 status updated to running
2025-09-21 19:43:37 | ERROR    | src.bot:_update_market_data:323 - Failed to update market data for BTC/USDT: module 'pandas' has no attribute 'np'
2025-09-21 19:43:37 | WARNING  | src.strategies.grid_strategy:analyze:29 - No historical data for BTC/USDT
2025-09-21 19:43:37 | ERROR    | src.bot:_update_performance_metrics:488 - Failed to update performance metrics: DatabaseManager.update_bot_status() takes from 3 to 4 positional arguments but 5 were given
2025-09-21 19:43:37 | ERROR    | src.database:insert_bot_metrics:227 - Error inserting bot metrics: column "balance" of relation "bot_metrics" does not exist
LINE 3:                     bot_id, balance, pnl, drawdown, sharpe_r...
                                    ^

2025-09-21 19:43:39 | INFO     | src.exchanges.binance_exchange:connect:33 - Connected to Binance (sandbox)
2025-09-21 19:43:39 | INFO     | src.bot:initialize:83 - Exchange connected for bot ADA DCA Bot
2025-09-21 19:43:39 | INFO     | src.bot:initialize:86 - Creating strategy for bot ADA DCA Bot
2025-09-21 19:43:39 | INFO     | src.bot:_create_strategy:201 - Created MomentumStrategy for bot ADA DCA Bot
2025-09-21 19:43:39 | INFO     | src.bot:initialize:88 - Strategy created for bot ADA DCA Bot
2025-09-21 19:43:39 | INFO     | src.bot:initialize:91 - Updating bot status to running for bot ADA DCA Bot
2025-09-21 19:43:39 | INFO     | src.database:update_bot_status:189 - Bot 3050619d-c54b-49ba-a4f4-e328aba8a227 status updated to running
2025-09-21 19:43:39 | INFO     | src.bot:initialize:93 - Bot status updated for bot ADA DCA Bot
2025-09-21 19:43:39 | INFO     | src.bot:initialize:95 - Bot ADA DCA Bot initialized successfully
2025-09-21 19:43:39 | INFO     | src.bot_manager:start_bot:97 - Started bot ada_dca_binance
2025-09-21 19:43:39 | INFO     | src.database:_connect:31 - Connected to PostgreSQL database
2025-09-21 19:43:39 | INFO     | src.bot:initialize:57 - Starting initialization for bot BTC Long Term
2025-09-21 19:43:39 | INFO     | src.bot:initialize:60 - Creating tables for bot BTC Long Term
2025-09-21 19:43:39 | INFO     | src.database:create_tables:113 - Database tables created successfully
2025-09-21 19:43:39 | INFO     | src.bot:initialize:62 - Tables created for bot BTC Long Term
2025-09-21 19:43:39 | INFO     | src.bot:initialize:65 - Registering platform for bot BTC Long Term
2025-09-21 19:43:39 | DEBUG    | src.database:register_platform:322 - Platform coinbase already exists
2025-09-21 19:43:39 | INFO     | src.bot:initialize:67 - Platform registered for bot BTC Long Term
2025-09-21 19:43:39 | INFO     | src.bot:initialize:70 - Registering bot BTC Long Term
2025-09-21 19:43:39 | DEBUG    | src.database:register_bot:361 - Bot btc_long_coinbase already exists with ID b627a9ae-22a7-45f8-b5b9-45a9c219f298
2025-09-21 19:43:39 | INFO     | src.bot:initialize:72 - Bot BTC Long Term registered with ID b627a9ae-22a7-45f8-b5b9-45a9c219f298
2025-09-21 19:43:39 | INFO     | src.bot:initialize:75 - Creating exchange for bot BTC Long Term
2025-09-21 19:43:39 | ERROR    | src.bot:initialize:99 - Failed to initialize bot BTC Long Term: Unsupported platform: coinbase
2025-09-21 19:43:39 | ERROR    | src.bot:initialize:100 - Exception type: <class 'ValueError'>
2025-09-21 19:43:39 | ERROR    | src.bot:initialize:102 - Traceback: Traceback (most recent call last):
  File "/home/bookchaowalit/book/book_projects/personal-project/trading_bot_v2/trading-bots/src/bot.py", line 76, in initialize
    self.exchange = self._create_exchange()
                    ^^^^^^^^^^^^^^^^^^^^^^^
  File "/home/bookchaowalit/book/book_projects/personal-project/trading_bot_v2/trading-bots/src/bot.py", line 190, in _create_exchange
    raise ValueError(f"Unsupported platform: {self.platform}")
ValueError: Unsupported platform: coinbase

2025-09-21 19:43:39 | INFO     | src.database:update_bot_status:189 - Bot b627a9ae-22a7-45f8-b5b9-45a9c219f298 status updated to error
2025-09-21 19:43:39 | ERROR    | src.bot_manager:start_bot:88 - Failed to initialize bot btc_long_coinbase
2025-09-21 19:43:40 | INFO     | src.database:_connect:31 - Connected to PostgreSQL database
2025-09-21 19:43:40 | INFO     | src.bot:initialize:57 - Starting initialization for bot ETH Swing
2025-09-21 19:43:40 | INFO     | src.bot:initialize:60 - Creating tables for bot ETH Swing
2025-09-21 19:43:40 | INFO     | src.database:create_tables:113 - Database tables created successfully
2025-09-21 19:43:40 | INFO     | src.bot:initialize:62 - Tables created for bot ETH Swing
2025-09-21 19:43:40 | INFO     | src.bot:initialize:65 - Registering platform for bot ETH Swing
2025-09-21 19:43:40 | DEBUG    | src.database:register_platform:322 - Platform coinbase already exists
2025-09-21 19:43:40 | INFO     | src.bot:initialize:67 - Platform registered for bot ETH Swing
2025-09-21 19:43:40 | INFO     | src.bot:initialize:70 - Registering bot ETH Swing
2025-09-21 19:43:40 | DEBUG    | src.database:register_bot:361 - Bot eth_swing_coinbase already exists with ID 09f08fe4-5358-4708-b06f-311e13cad54f
2025-09-21 19:43:40 | INFO     | src.bot:initialize:72 - Bot ETH Swing registered with ID 09f08fe4-5358-4708-b06f-311e13cad54f
2025-09-21 19:43:40 | INFO     | src.bot:initialize:75 - Creating exchange for bot ETH Swing
2025-09-21 19:43:40 | ERROR    | src.bot:initialize:99 - Failed to initialize bot ETH Swing: Unsupported platform: coinbase
2025-09-21 19:43:40 | ERROR    | src.bot:initialize:100 - Exception type: <class 'ValueError'>
2025-09-21 19:43:40 | ERROR    | src.bot:initialize:102 - Traceback: Traceback (most recent call last):
  File "/home/bookchaowalit/book/book_projects/personal-project/trading_bot_v2/trading-bots/src/bot.py", line 76, in initialize
    self.exchange = self._create_exchange()
                    ^^^^^^^^^^^^^^^^^^^^^^^
  File "/home/bookchaowalit/book/book_projects/personal-project/trading_bot_v2/trading-bots/src/bot.py", line 190, in _create_exchange
    raise ValueError(f"Unsupported platform: {self.platform}")
ValueError: Unsupported platform: coinbase

2025-09-21 19:43:40 | INFO     | src.database:update_bot_status:189 - Bot 09f08fe4-5358-4708-b06f-311e13cad54f status updated to error
2025-09-21 19:43:40 | ERROR    | src.bot_manager:start_bot:88 - Failed to initialize bot eth_swing_coinbase
2025-09-21 19:43:40 | INFO     | src.database:_connect:31 - Connected to PostgreSQL database
2025-09-21 19:43:40 | INFO     | src.bot:initialize:57 - Starting initialization for bot PTT Momentum
2025-09-21 19:43:40 | INFO     | src.bot:initialize:60 - Creating tables for bot PTT Momentum
2025-09-21 19:43:40 | INFO     | src.database:create_tables:113 - Database tables created successfully
2025-09-21 19:43:40 | INFO     | src.bot:initialize:62 - Tables created for bot PTT Momentum
2025-09-21 19:43:40 | INFO     | src.bot:initialize:65 - Registering platform for bot PTT Momentum
2025-09-21 19:43:40 | DEBUG    | src.database:register_platform:322 - Platform innovestx already exists
2025-09-21 19:43:40 | INFO     | src.bot:initialize:67 - Platform registered for bot PTT Momentum
2025-09-21 19:43:40 | INFO     | src.bot:initialize:70 - Registering bot PTT Momentum
2025-09-21 19:43:40 | DEBUG    | src.database:register_bot:361 - Bot ptt_momentum_innovestx already exists with ID 5524a407-1c50-44a0-ad0f-bcc186b31da6
2025-09-21 19:43:40 | INFO     | src.bot:initialize:72 - Bot PTT Momentum registered with ID 5524a407-1c50-44a0-ad0f-bcc186b31da6
2025-09-21 19:43:40 | INFO     | src.bot:initialize:75 - Creating exchange for bot PTT Momentum
2025-09-21 19:43:40 | INFO     | src.bot:initialize:77 - Exchange created for bot PTT Momentum
2025-09-21 19:43:40 | INFO     | src.bot:initialize:79 - Connecting to exchange for bot PTT Momentum
2025-09-21 19:43:40 | ERROR    | src.exchanges.innovestx_exchange:_make_request:127 - InnovestX request failed: 'NoneType' object has no attribute 'encode'
2025-09-21 19:43:40 | ERROR    | src.exchanges.innovestx_exchange:connect:56 - Failed to authenticate with InnovestX
2025-09-21 19:43:40 | ERROR    | src.bot:initialize:81 - Failed to connect to exchange for bot PTT Momentum
2025-09-21 19:43:40 | ERROR    | src.bot_manager:start_bot:88 - Failed to initialize bot ptt_momentum_innovestx
2025-09-21 19:43:41 | INFO     | src.database:_connect:31 - Connected to PostgreSQL database
2025-09-21 19:43:41 | INFO     | src.bot:initialize:57 - Starting initialization for bot CPALL Grid Bot
2025-09-21 19:43:41 | INFO     | src.bot:initialize:60 - Creating tables for bot CPALL Grid Bot
2025-09-21 19:43:41 | INFO     | src.database:create_tables:113 - Database tables created successfully
2025-09-21 19:43:41 | INFO     | src.bot:initialize:62 - Tables created for bot CPALL Grid Bot
2025-09-21 19:43:41 | INFO     | src.bot:initialize:65 - Registering platform for bot CPALL Grid Bot
2025-09-21 19:43:41 | DEBUG    | src.database:register_platform:322 - Platform innovestx already exists
2025-09-21 19:43:41 | INFO     | src.bot:initialize:67 - Platform registered for bot CPALL Grid Bot
2025-09-21 19:43:41 | INFO     | src.bot:initialize:70 - Registering bot CPALL Grid Bot
2025-09-21 19:43:41 | DEBUG    | src.database:register_bot:361 - Bot cpall_grid_innovestx already exists with ID 37d23a1a-63df-45fe-a7c7-73c54882d682
2025-09-21 19:43:41 | INFO     | src.bot:initialize:72 - Bot CPALL Grid Bot registered with ID 37d23a1a-63df-45fe-a7c7-73c54882d682
2025-09-21 19:43:41 | INFO     | src.bot:initialize:75 - Creating exchange for bot CPALL Grid Bot
2025-09-21 19:43:41 | INFO     | src.bot:initialize:77 - Exchange created for bot CPALL Grid Bot
2025-09-21 19:43:41 | INFO     | src.bot:initialize:79 - Connecting to exchange for bot CPALL Grid Bot
2025-09-21 19:43:41 | ERROR    | src.exchanges.innovestx_exchange:_make_request:127 - InnovestX request failed: 'NoneType' object has no attribute 'encode'
2025-09-21 19:43:41 | ERROR    | src.exchanges.innovestx_exchange:connect:56 - Failed to authenticate with InnovestX
2025-09-21 19:43:41 | ERROR    | src.bot:initialize:81 - Failed to connect to exchange for bot CPALL Grid Bot
2025-09-21 19:43:41 | ERROR    | src.bot_manager:start_bot:88 - Failed to initialize bot cpall_grid_innovestx
2025-09-21 19:43:41 | INFO     | src.database:_connect:31 - Connected to PostgreSQL database
2025-09-21 19:43:41 | INFO     | src.bot:initialize:57 - Starting initialization for bot KBANK Swing
2025-09-21 19:43:41 | INFO     | src.bot:initialize:60 - Creating tables for bot KBANK Swing
2025-09-21 19:43:41 | INFO     | src.database:create_tables:113 - Database tables created successfully
2025-09-21 19:43:41 | INFO     | src.bot:initialize:62 - Tables created for bot KBANK Swing
2025-09-21 19:43:41 | INFO     | src.bot:initialize:65 - Registering platform for bot KBANK Swing
2025-09-21 19:43:41 | ERROR    | src.bot:_update_market_data:323 - Failed to update market data for ETH/USDT: module 'pandas' has no attribute 'np'
2025-09-21 19:43:41 | WARNING  | src.strategies.grid_strategy:analyze:29 - No historical data for ETH/USDT
2025-09-21 19:43:41 | ERROR    | src.bot:_update_performance_metrics:488 - Failed to update performance metrics: DatabaseManager.update_bot_status() takes from 3 to 4 positional arguments but 5 were given
2025-09-21 19:43:41 | DEBUG    | src.database:register_platform:322 - Platform innovestx already exists
2025-09-21 19:43:41 | INFO     | src.bot:initialize:67 - Platform registered for bot KBANK Swing
2025-09-21 19:43:41 | INFO     | src.bot:initialize:70 - Registering bot KBANK Swing
2025-09-21 19:43:42 | DEBUG    | src.database:register_bot:361 - Bot kbank_swing_innovestx already exists with ID 8e8e1ba8-fa40-442a-baf1-dcee905b04f6
2025-09-21 19:43:42 | INFO     | src.bot:initialize:72 - Bot KBANK Swing registered with ID 8e8e1ba8-fa40-442a-baf1-dcee905b04f6
2025-09-21 19:43:42 | INFO     | src.bot:initialize:75 - Creating exchange for bot KBANK Swing
2025-09-21 19:43:42 | INFO     | src.bot:initialize:77 - Exchange created for bot KBANK Swing
2025-09-21 19:43:42 | INFO     | src.bot:initialize:79 - Connecting to exchange for bot KBANK Swing
2025-09-21 19:43:42 | ERROR    | src.exchanges.innovestx_exchange:_make_request:127 - InnovestX request failed: 'NoneType' object has no attribute 'encode'
2025-09-21 19:43:42 | ERROR    | src.exchanges.innovestx_exchange:connect:56 - Failed to authenticate with InnovestX
2025-09-21 19:43:42 | ERROR    | src.bot:initialize:81 - Failed to connect to exchange for bot KBANK Swing
2025-09-21 19:43:42 | ERROR    | src.bot_manager:start_bot:88 - Failed to initialize bot kbank_swing_innovestx
2025-09-21 19:43:42 | INFO     | src.database:_connect:31 - Connected to PostgreSQL database
2025-09-21 19:43:42 | INFO     | src.bot:initialize:57 - Starting initialization for bot Thai Multi-Sector Bot
2025-09-21 19:43:42 | INFO     | src.bot:initialize:60 - Creating tables for bot Thai Multi-Sector Bot
2025-09-21 19:43:42 | INFO     | src.database:create_tables:113 - Database tables created successfully
2025-09-21 19:43:42 | INFO     | src.bot:initialize:62 - Tables created for bot Thai Multi-Sector Bot
2025-09-21 19:43:42 | INFO     | src.bot:initialize:65 - Registering platform for bot Thai Multi-Sector Bot
2025-09-21 19:43:42 | DEBUG    | src.database:register_platform:322 - Platform innovestx already exists
2025-09-21 19:43:42 | INFO     | src.bot:initialize:67 - Platform registered for bot Thai Multi-Sector Bot
2025-09-21 19:43:42 | INFO     | src.bot:initialize:70 - Registering bot Thai Multi-Sector Bot
2025-09-21 19:43:42 | DEBUG    | src.database:register_bot:361 - Bot thai_multi_sector_innovestx already exists with ID fe82324c-0e15-4d9a-893e-45a99ead6e10
2025-09-21 19:43:42 | INFO     | src.bot:initialize:72 - Bot Thai Multi-Sector Bot registered with ID fe82324c-0e15-4d9a-893e-45a99ead6e10
2025-09-21 19:43:42 | INFO     | src.bot:initialize:75 - Creating exchange for bot Thai Multi-Sector Bot
2025-09-21 19:43:42 | INFO     | src.bot:initialize:77 - Exchange created for bot Thai Multi-Sector Bot
2025-09-21 19:43:42 | INFO     | src.bot:initialize:79 - Connecting to exchange for bot Thai Multi-Sector Bot
2025-09-21 19:43:42 | ERROR    | src.exchanges.innovestx_exchange:_make_request:127 - InnovestX request failed: 'NoneType' object has no attribute 'encode'
2025-09-21 19:43:42 | ERROR    | src.exchanges.innovestx_exchange:connect:56 - Failed to authenticate with InnovestX
2025-09-21 19:43:42 | ERROR    | src.bot:initialize:81 - Failed to connect to exchange for bot Thai Multi-Sector Bot
2025-09-21 19:43:42 | ERROR    | src.bot_manager:start_bot:88 - Failed to initialize bot thai_multi_sector_innovestx
2025-09-21 19:43:42 | INFO     | src.database:_connect:31 - Connected to PostgreSQL database
2025-09-21 19:43:42 | INFO     | src.bot:initialize:57 - Starting initialization for bot BTC Grid Binance TH
2025-09-21 19:43:42 | INFO     | src.bot:initialize:60 - Creating tables for bot BTC Grid Binance TH
2025-09-21 19:43:42 | INFO     | src.database:create_tables:113 - Database tables created successfully
2025-09-21 19:43:42 | INFO     | src.bot:initialize:62 - Tables created for bot BTC Grid Binance TH
2025-09-21 19:43:42 | INFO     | src.bot:initialize:65 - Registering platform for bot BTC Grid Binance TH
2025-09-21 19:43:42 | DEBUG    | src.database:register_platform:322 - Platform binance_th already exists
2025-09-21 19:43:42 | INFO     | src.bot:initialize:67 - Platform registered for bot BTC Grid Binance TH
2025-09-21 19:43:42 | INFO     | src.bot:initialize:70 - Registering bot BTC Grid Binance TH
2025-09-21 19:43:43 | DEBUG    | src.database:register_bot:361 - Bot btc_grid_binance_th already exists with ID 3bd54ecf-276a-4de4-bdc5-891fc5ba8ee0
2025-09-21 19:43:43 | INFO     | src.bot:initialize:72 - Bot BTC Grid Binance TH registered with ID 3bd54ecf-276a-4de4-bdc5-891fc5ba8ee0
2025-09-21 19:43:43 | INFO     | src.bot:initialize:75 - Creating exchange for bot BTC Grid Binance TH
2025-09-21 19:43:43 | INFO     | src.bot:initialize:77 - Exchange created for bot BTC Grid Binance TH
2025-09-21 19:43:43 | INFO     | src.bot:initialize:79 - Connecting to exchange for bot BTC Grid Binance TH
2025-09-21 19:43:43 | INFO     | src.bot:run:217 - Starting bot ADA DCA Bot
2025-09-21 19:43:43 | INFO     | src.strategies.grid_strategy:_initialize_grid:98 - Initialized grid for ETH/USDT with 12 levels around $4496.4132
2025-09-21 19:43:43 | INFO     | src.database:update_bot_status:189 - Bot 4de519c6-7379-44d9-8df2-9f4c941d1d3b status updated to running
2025-09-21 19:43:43 | ERROR    | src.database:insert_bot_metrics:227 - Error inserting bot metrics: column "balance" of relation "bot_metrics" does not exist
LINE 3:                     bot_id, balance, pnl, drawdown, sharpe_r...
                                    ^

2025-09-21 19:43:44 | INFO     | src.exchanges.binance_th_exchange:connect:36 - Connected to Binance TH (test mode)
2025-09-21 19:43:44 | INFO     | src.bot:initialize:83 - Exchange connected for bot BTC Grid Binance TH
2025-09-21 19:43:44 | INFO     | src.bot:initialize:86 - Creating strategy for bot BTC Grid Binance TH
2025-09-21 19:43:44 | INFO     | src.bot:_create_strategy:197 - Created GridTradingStrategy for bot BTC Grid Binance TH
2025-09-21 19:43:44 | INFO     | src.bot:initialize:88 - Strategy created for bot BTC Grid Binance TH
2025-09-21 19:43:44 | INFO     | src.bot:initialize:91 - Updating bot status to running for bot BTC Grid Binance TH
2025-09-21 19:43:44 | INFO     | src.database:update_bot_status:189 - Bot 3bd54ecf-276a-4de4-bdc5-891fc5ba8ee0 status updated to running
2025-09-21 19:43:44 | INFO     | src.bot:initialize:93 - Bot status updated for bot BTC Grid Binance TH
2025-09-21 19:43:44 | INFO     | src.bot:initialize:95 - Bot BTC Grid Binance TH initialized successfully
2025-09-21 19:43:44 | INFO     | src.bot_manager:start_bot:97 - Started bot btc_grid_binance_th
2025-09-21 19:43:44 | INFO     | src.database:_connect:31 - Connected to PostgreSQL database
2025-09-21 19:43:44 | INFO     | src.bot:initialize:57 - Starting initialization for bot ETH Momentum Binance TH
2025-09-21 19:43:44 | INFO     | src.bot:initialize:60 - Creating tables for bot ETH Momentum Binance TH
2025-09-21 19:43:44 | INFO     | src.database:create_tables:113 - Database tables created successfully
2025-09-21 19:43:44 | INFO     | src.bot:initialize:62 - Tables created for bot ETH Momentum Binance TH
2025-09-21 19:43:44 | INFO     | src.bot:initialize:65 - Registering platform for bot ETH Momentum Binance TH
2025-09-21 19:43:44 | DEBUG    | src.database:register_platform:322 - Platform binance_th already exists
2025-09-21 19:43:44 | INFO     | src.bot:initialize:67 - Platform registered for bot ETH Momentum Binance TH
2025-09-21 19:43:44 | INFO     | src.bot:initialize:70 - Registering bot ETH Momentum Binance TH
2025-09-21 19:43:44 | DEBUG    | src.database:register_bot:361 - Bot eth_momentum_binance_th already exists with ID 53834af7-09d6-4312-b695-b1858adc10f5
2025-09-21 19:43:44 | INFO     | src.bot:initialize:72 - Bot ETH Momentum Binance TH registered with ID 53834af7-09d6-4312-b695-b1858adc10f5
2025-09-21 19:43:44 | INFO     | src.bot:initialize:75 - Creating exchange for bot ETH Momentum Binance TH
2025-09-21 19:43:44 | INFO     | src.bot:initialize:77 - Exchange created for bot ETH Momentum Binance TH
2025-09-21 19:43:44 | INFO     | src.bot:initialize:79 - Connecting to exchange for bot ETH Momentum Binance TH
2025-09-21 19:43:44 | INFO     | src.bot:run:217 - Starting bot BTC Grid Binance TH
2025-09-21 19:43:45 | INFO     | src.bot:_execute_signal:346 - Executing sell signal for ADA/USDT at $1.1426
2025-09-21 19:43:45 | ERROR    | src.exchanges.binance_exchange:get_balance:69 - Failed to get Binance balance: binance requires "apiKey" credential
2025-09-21 19:43:45 | ERROR    | src.exchanges.binance_exchange:place_order:119 - Failed to place Binance order: binance requires "apiKey" credential
2025-09-21 19:43:45 | ERROR    | src.bot:_execute_signal:397 - Failed to execute signal for ADA/USDT: binance requires "apiKey" credential
2025-09-21 19:43:45 | INFO     | src.database:update_bot_status:189 - Bot 3050619d-c54b-49ba-a4f4-e328aba8a227 status updated to running
2025-09-21 19:43:45 | ERROR    | src.database:insert_bot_metrics:227 - Error inserting bot metrics: column "balance" of relation "bot_metrics" does not exist
LINE 3:                     bot_id, balance, pnl, drawdown, sharpe_r...
                                    ^

2025-09-21 19:43:45 | ERROR    | src.exchanges.binance_th_exchange:_make_request:106 - API request failed: API Error -1121: Invalid symbol.
2025-09-21 19:43:45 | ERROR    | src.exchanges.binance_th_exchange:get_ticker:161 - Failed to get Binance TH ticker for BTC/THB: API Error -1121: Invalid symbol.
2025-09-21 19:43:45 | ERROR    | src.bot:_update_market_data:323 - Failed to update market data for BTC/THB: API Error -1121: Invalid symbol.
2025-09-21 19:43:45 | WARNING  | src.strategies.grid_strategy:analyze:29 - No historical data for BTC/THB
2025-09-21 19:43:45 | ERROR    | src.bot:_update_performance_metrics:488 - Failed to update performance metrics: DatabaseManager.update_bot_status() takes from 3 to 4 positional arguments but 5 were given
2025-09-21 19:43:46 | INFO     | src.exchanges.binance_th_exchange:connect:36 - Connected to Binance TH (test mode)
2025-09-21 19:43:46 | INFO     | src.bot:initialize:83 - Exchange connected for bot ETH Momentum Binance TH
2025-09-21 19:43:46 | INFO     | src.bot:initialize:86 - Creating strategy for bot ETH Momentum Binance TH
2025-09-21 19:43:46 | INFO     | src.bot:_create_strategy:201 - Created MomentumStrategy for bot ETH Momentum Binance TH
2025-09-21 19:43:46 | INFO     | src.bot:initialize:88 - Strategy created for bot ETH Momentum Binance TH
2025-09-21 19:43:46 | INFO     | src.bot:initialize:91 - Updating bot status to running for bot ETH Momentum Binance TH
2025-09-21 19:43:46 | INFO     | src.database:update_bot_status:189 - Bot 53834af7-09d6-4312-b695-b1858adc10f5 status updated to running
2025-09-21 19:43:46 | INFO     | src.bot:initialize:93 - Bot status updated for bot ETH Momentum Binance TH
2025-09-21 19:43:46 | INFO     | src.bot:initialize:95 - Bot ETH Momentum Binance TH initialized successfully
2025-09-21 19:43:46 | INFO     | src.bot_manager:start_bot:97 - Started bot eth_momentum_binance_th
2025-09-21 19:43:46 | INFO     | src.bot_manager:start_all_bots:143 - Started 5 trading bots
2025-09-21 19:43:46 | INFO     | src.bot:run:217 - Starting bot ETH Momentum Binance TH
2025-09-21 19:43:46 | ERROR    | src.bot:_update_market_data:323 - Failed to update market data for ADA/USDT: module 'pandas' has no attribute 'np'
2025-09-21 19:43:46 | WARNING  | src.strategies.momentum_strategy:analyze:31 - No historical data for ADA/USDT
2025-09-21 19:43:46 | ERROR    | src.bot:_update_performance_metrics:488 - Failed to update performance metrics: DatabaseManager.update_bot_status() takes from 3 to 4 positional arguments but 5 were given
2025-09-21 19:43:47 | INFO     | src.strategies.grid_strategy:_initialize_grid:98 - Initialized grid for BTC/USDT with 8 levels around $147160.4667
2025-09-21 19:43:47 | INFO     | src.database:update_bot_status:189 - Bot 3bd54ecf-276a-4de4-bdc5-891fc5ba8ee0 status updated to running
2025-09-21 19:43:47 | ERROR    | src.database:insert_bot_metrics:227 - Error inserting bot metrics: column "balance" of relation "bot_metrics" does not exist
LINE 3:                     bot_id, balance, pnl, drawdown, sharpe_r...
                                    ^

2025-09-21 19:43:48 | ERROR    | src.exchanges.binance_th_exchange:_make_request:106 - API request failed: API Error -1121: Invalid symbol.
2025-09-21 19:43:48 | ERROR    | src.exchanges.binance_th_exchange:get_ticker:161 - Failed to get Binance TH ticker for ETH/THB: API Error -1121: Invalid symbol.
2025-09-21 19:43:48 | ERROR    | src.bot:_update_market_data:323 - Failed to update market data for ETH/THB: API Error -1121: Invalid symbol.
2025-09-21 19:43:48 | WARNING  | src.strategies.momentum_strategy:analyze:31 - No historical data for ETH/THB
2025-09-21 19:43:48 | ERROR    | src.bot:_update_performance_metrics:488 - Failed to update performance metrics: DatabaseManager.update_bot_status() takes from 3 to 4 positional arguments but 5 were given
2025-09-21 19:43:48 | INFO     | src.database:update_bot_status:189 - Bot 53834af7-09d6-4312-b695-b1858adc10f5 status updated to running
2025-09-21 19:43:49 | ERROR    | src.database:insert_bot_metrics:227 - Error inserting bot metrics: column "balance" of relation "bot_metrics" does not exist
LINE 3:                     bot_id, balance, pnl, drawdown, sharpe_r...
                                    ^

2025-09-21 19:44:39 | INFO     | src.bot:_execute_signal:346 - Executing sell signal for BTC/USDT at $65606.3966
2025-09-21 19:44:39 | ERROR    | src.exchanges.binance_exchange:get_balance:69 - Failed to get Binance balance: binance requires "apiKey" credential
2025-09-21 19:44:39 | ERROR    | src.exchanges.binance_exchange:place_order:119 - Failed to place Binance order: binance requires "apiKey" credential
2025-09-21 19:44:39 | ERROR    | src.bot:_execute_signal:397 - Failed to execute signal for BTC/USDT: binance requires "apiKey" credential
2025-09-21 19:44:39 | ERROR    | src.bot:_update_market_data:323 - Failed to update market data for BTC/USDT: module 'pandas' has no attribute 'np'
2025-09-21 19:44:39 | WARNING  | src.strategies.grid_strategy:analyze:29 - No historical data for BTC/USDT
2025-09-21 19:44:39 | ERROR    | src.bot:_update_performance_metrics:488 - Failed to update performance metrics: DatabaseManager.update_bot_status() takes from 3 to 4 positional arguments but 5 were given
2025-09-21 19:44:39 | INFO     | src.database:update_bot_status:189 - Bot d670f5bd-d334-4228-bf10-930decd14a31 status updated to running
2025-09-21 19:44:39 | ERROR    | src.database:insert_bot_metrics:227 - Error inserting bot metrics: column "balance" of relation "bot_metrics" does not exist
LINE 3:                     bot_id, balance, pnl, drawdown, sharpe_r...
                                    ^

2025-09-21 19:44:43 | ERROR    | src.bot:_update_market_data:323 - Failed to update market data for ETH/USDT: module 'pandas' has no attribute 'np'
2025-09-21 19:44:43 | WARNING  | src.strategies.grid_strategy:analyze:29 - No historical data for ETH/USDT
2025-09-21 19:44:43 | ERROR    | src.bot:_update_performance_metrics:488 - Failed to update performance metrics: DatabaseManager.update_bot_status() takes from 3 to 4 positional arguments but 5 were given
2025-09-21 19:44:44 | INFO     | src.database:update_bot_status:189 - Bot 4de519c6-7379-44d9-8df2-9f4c941d1d3b status updated to running
2025-09-21 19:44:45 | ERROR    | src.database:insert_bot_metrics:227 - Error inserting bot metrics: column "balance" of relation "bot_metrics" does not exist
LINE 3:                     bot_id, balance, pnl, drawdown, sharpe_r...
                                    ^

2025-09-21 19:44:47 | INFO     | src.database:update_bot_status:189 - Bot 3050619d-c54b-49ba-a4f4-e328aba8a227 status updated to running
2025-09-21 19:44:47 | ERROR    | src.database:insert_bot_metrics:227 - Error inserting bot metrics: column "balance" of relation "bot_metrics" does not exist
LINE 3:                     bot_id, balance, pnl, drawdown, sharpe_r...
                                    ^

2025-09-21 19:44:48 | ERROR    | src.bot:_update_market_data:323 - Failed to update market data for ADA/USDT: module 'pandas' has no attribute 'np'
2025-09-21 19:44:48 | WARNING  | src.strategies.momentum_strategy:analyze:31 - No historical data for ADA/USDT
2025-09-21 19:44:48 | ERROR    | src.bot:_update_performance_metrics:488 - Failed to update performance metrics: DatabaseManager.update_bot_status() takes from 3 to 4 positional arguments but 5 were given
2025-09-21 19:44:48 | ERROR    | src.exchanges.binance_th_exchange:_make_request:106 - API request failed: API Error -1121: Invalid symbol.
2025-09-21 19:44:48 | ERROR    | src.exchanges.binance_th_exchange:get_ticker:161 - Failed to get Binance TH ticker for BTC/THB: API Error -1121: Invalid symbol.
2025-09-21 19:44:48 | ERROR    | src.bot:_update_market_data:323 - Failed to update market data for BTC/THB: API Error -1121: Invalid symbol.
2025-09-21 19:44:48 | WARNING  | src.strategies.grid_strategy:analyze:29 - No historical data for BTC/THB
2025-09-21 19:44:48 | ERROR    | src.bot:_update_performance_metrics:488 - Failed to update performance metrics: DatabaseManager.update_bot_status() takes from 3 to 4 positional arguments but 5 were given
2025-09-21 19:44:48 | INFO     | src.bot:_execute_signal:346 - Executing buy signal for BTC/USDT at $145688.8621
2025-09-21 19:44:49 | ERROR    | src.exchanges.binance_th_exchange:_make_request:106 - API request failed: API Error -1121: Invalid symbol.
2025-09-21 19:44:49 | ERROR    | src.exchanges.binance_th_exchange:get_ticker:161 - Failed to get Binance TH ticker for ETH/THB: API Error -1121: Invalid symbol.
2025-09-21 19:44:49 | ERROR    | src.bot:_update_market_data:323 - Failed to update market data for ETH/THB: API Error -1121: Invalid symbol.
2025-09-21 19:44:49 | WARNING  | src.strategies.momentum_strategy:analyze:31 - No historical data for ETH/THB
2025-09-21 19:44:49 | ERROR    | src.bot:_update_performance_metrics:488 - Failed to update performance metrics: DatabaseManager.update_bot_status() takes from 3 to 4 positional arguments but 5 were given
2025-09-21 19:44:49 | ERROR    | src.exchanges.binance_th_exchange:_make_request:106 - API request failed: API Error -4005: Quantity greater than max quantity.
2025-09-21 19:44:49 | ERROR    | src.exchanges.binance_th_exchange:place_order:211 - Failed to place order on Binance TH: API Error -4005: Quantity greater than max quantity.
2025-09-21 19:44:49 | ERROR    | src.bot:_execute_signal:397 - Failed to execute signal for BTC/USDT: API Error -4005: Quantity greater than max quantity.
2025-09-21 19:44:49 | INFO     | src.database:update_bot_status:189 - Bot 3bd54ecf-276a-4de4-bdc5-891fc5ba8ee0 status updated to running
2025-09-21 19:44:49 | ERROR    | src.database:insert_bot_metrics:227 - Error inserting bot metrics: column "balance" of relation "bot_metrics" does not exist
LINE 3:                     bot_id, balance, pnl, drawdown, sharpe_r...
                                    ^

2025-09-21 19:44:50 | INFO     | src.database:update_bot_status:189 - Bot 53834af7-09d6-4312-b695-b1858adc10f5 status updated to running
2025-09-21 19:44:50 | ERROR    | src.database:insert_bot_metrics:227 - Error inserting bot metrics: column "balance" of relation "bot_metrics" does not exist
LINE 3:                     bot_id, balance, pnl, drawdown, sharpe_r...
                                    ^

2025-09-21 19:45:40 | INFO     | src.bot:_execute_signal:346 - Executing sell signal for BTC/USDT at $65932.7965
2025-09-21 19:45:40 | ERROR    | src.exchanges.binance_exchange:get_balance:69 - Failed to get Binance balance: binance requires "apiKey" credential
2025-09-21 19:45:41 | ERROR    | src.exchanges.binance_exchange:place_order:119 - Failed to place Binance order: binance requires "apiKey" credential
2025-09-21 19:45:41 | ERROR    | src.bot:_execute_signal:397 - Failed to execute signal for BTC/USDT: binance requires "apiKey" credential
2025-09-21 19:45:41 | INFO     | src.database:update_bot_status:189 - Bot d670f5bd-d334-4228-bf10-930decd14a31 status updated to running
2025-09-21 19:45:41 | ERROR    | src.database:insert_bot_metrics:227 - Error inserting bot metrics: column "balance" of relation "bot_metrics" does not exist
LINE 3:                     bot_id, balance, pnl, drawdown, sharpe_r...
                                    ^

2025-09-21 19:45:41 | ERROR    | src.bot:_update_market_data:323 - Failed to update market data for BTC/USDT: module 'pandas' has no attribute 'np'
2025-09-21 19:45:41 | WARNING  | src.strategies.grid_strategy:analyze:29 - No historical data for BTC/USDT
2025-09-21 19:45:41 | ERROR    | src.bot:_update_performance_metrics:488 - Failed to update performance metrics: DatabaseManager.update_bot_status() takes from 3 to 4 positional arguments but 5 were given
2025-09-21 19:45:44 | ERROR    | src.bot:_update_market_data:323 - Failed to update market data for ETH/USDT: module 'pandas' has no attribute 'np'
2025-09-21 19:45:44 | WARNING  | src.strategies.grid_strategy:analyze:29 - No historical data for ETH/USDT
2025-09-21 19:45:44 | ERROR    | src.bot:_update_performance_metrics:488 - Failed to update performance metrics: DatabaseManager.update_bot_status() takes from 3 to 4 positional arguments but 5 were given
2025-09-21 19:45:46 | INFO     | src.database:update_bot_status:189 - Bot 4de519c6-7379-44d9-8df2-9f4c941d1d3b status updated to running
2025-09-21 19:45:46 | ERROR    | src.database:insert_bot_metrics:227 - Error inserting bot metrics: column "balance" of relation "bot_metrics" does not exist
LINE 3:                     bot_id, balance, pnl, drawdown, sharpe_r...
                                    ^

2025-09-21 19:45:48 | INFO     | src.database:update_bot_status:189 - Bot 3050619d-c54b-49ba-a4f4-e328aba8a227 status updated to running
2025-09-21 19:45:48 | ERROR    | src.database:insert_bot_metrics:227 - Error inserting bot metrics: column "balance" of relation "bot_metrics" does not exist
LINE 3:                     bot_id, balance, pnl, drawdown, sharpe_r...
                                    ^

2025-09-21 19:45:49 | ERROR    | src.bot:_update_market_data:323 - Failed to update market data for ADA/USDT: module 'pandas' has no attribute 'np'
2025-09-21 19:45:49 | WARNING  | src.strategies.momentum_strategy:analyze:31 - No historical data for ADA/USDT
2025-09-21 19:45:49 | ERROR    | src.bot:_update_performance_metrics:488 - Failed to update performance metrics: DatabaseManager.update_bot_status() takes from 3 to 4 positional arguments but 5 were given
2025-09-21 19:45:49 | ERROR    | src.exchanges.binance_th_exchange:_make_request:106 - API request failed: API Error -1121: Invalid symbol.
2025-09-21 19:45:49 | ERROR    | src.exchanges.binance_th_exchange:get_ticker:161 - Failed to get Binance TH ticker for BTC/THB: API Error -1121: Invalid symbol.
2025-09-21 19:45:49 | ERROR    | src.bot:_update_market_data:323 - Failed to update market data for BTC/THB: API Error -1121: Invalid symbol.
2025-09-21 19:45:49 | WARNING  | src.strategies.grid_strategy:analyze:29 - No historical data for BTC/THB
2025-09-21 19:45:49 | ERROR    | src.bot:_update_performance_metrics:488 - Failed to update performance metrics: DatabaseManager.update_bot_status() takes from 3 to 4 positional arguments but 5 were given
2025-09-21 19:45:51 | INFO     | src.bot:_execute_signal:346 - Executing buy signal for BTC/USDT at $144217.2574
2025-09-21 19:45:51 | ERROR    | src.exchanges.binance_th_exchange:_make_request:106 - API request failed: API Error -1121: Invalid symbol.
2025-09-21 19:45:51 | ERROR    | src.exchanges.binance_th_exchange:get_ticker:161 - Failed to get Binance TH ticker for ETH/THB: API Error -1121: Invalid symbol.
2025-09-21 19:45:51 | ERROR    | src.bot:_update_market_data:323 - Failed to update market data for ETH/THB: API Error -1121: Invalid symbol.
2025-09-21 19:45:51 | WARNING  | src.strategies.momentum_strategy:analyze:31 - No historical data for ETH/THB
2025-09-21 19:45:51 | ERROR    | src.bot:_update_performance_metrics:488 - Failed to update performance metrics: DatabaseManager.update_bot_status() takes from 3 to 4 positional arguments but 5 were given
2025-09-21 19:45:51 | INFO     | src.database:update_bot_status:189 - Bot 53834af7-09d6-4312-b695-b1858adc10f5 status updated to running
2025-09-21 19:45:51 | ERROR    | src.database:insert_bot_metrics:227 - Error inserting bot metrics: column "balance" of relation "bot_metrics" does not exist
LINE 3:                     bot_id, balance, pnl, drawdown, sharpe_r...
                                    ^

2025-09-21 19:45:51 | ERROR    | src.exchanges.binance_th_exchange:_make_request:106 - API request failed: API Error -4005: Quantity greater than max quantity.
2025-09-21 19:45:51 | ERROR    | src.exchanges.binance_th_exchange:place_order:211 - Failed to place order on Binance TH: API Error -4005: Quantity greater than max quantity.
2025-09-21 19:45:51 | ERROR    | src.bot:_execute_signal:397 - Failed to execute signal for BTC/USDT: API Error -4005: Quantity greater than max quantity.
2025-09-21 19:45:52 | INFO     | src.database:update_bot_status:189 - Bot 3bd54ecf-276a-4de4-bdc5-891fc5ba8ee0 status updated to running
2025-09-21 19:45:52 | ERROR    | src.database:insert_bot_metrics:227 - Error inserting bot metrics: column "balance" of relation "bot_metrics" does not exist
LINE 3:                     bot_id, balance, pnl, drawdown, sharpe_r...
                                    ^

2025-09-21 19:46:13 | INFO     | src.exchanges.binance_exchange:disconnect:45 - Disconnected from Binance
2025-09-21 19:46:13 | INFO     | src.database:update_bot_status:189 - Bot d670f5bd-d334-4228-bf10-930decd14a31 status updated to stopped
2025-09-21 19:46:13 | INFO     | src.bot:stop:496 - Bot BTC Scalper stopped
2025-09-21 19:46:13 | INFO     | src.exchanges.binance_exchange:disconnect:45 - Disconnected from Binance
2025-09-21 19:46:13 | INFO     | src.database:update_bot_status:189 - Bot d670f5bd-d334-4228-bf10-930decd14a31 status updated to stopped
2025-09-21 19:46:13 | INFO     | src.bot:stop:496 - Bot BTC Scalper stopped
2025-09-21 19:46:13 | INFO     | src.bot_manager:stop_bot:125 - Stopped bot btc_scalper_binance
2025-09-21 19:46:13 | INFO     | src.exchanges.binance_exchange:disconnect:45 - Disconnected from Binance
2025-09-21 19:46:13 | INFO     | src.database:update_bot_status:189 - Bot 4de519c6-7379-44d9-8df2-9f4c941d1d3b status updated to stopped
2025-09-21 19:46:13 | INFO     | src.bot:stop:496 - Bot ETH Grid Bot stopped
2025-09-21 19:46:14 | INFO     | src.exchanges.binance_exchange:disconnect:45 - Disconnected from Binance
2025-09-21 19:46:14 | INFO     | src.database:update_bot_status:189 - Bot 4de519c6-7379-44d9-8df2-9f4c941d1d3b status updated to stopped
2025-09-21 19:46:14 | INFO     | src.bot:stop:496 - Bot ETH Grid Bot stopped
2025-09-21 19:46:14 | INFO     | src.bot_manager:stop_bot:125 - Stopped bot eth_grid_binance
2025-09-21 19:46:14 | INFO     | src.exchanges.binance_exchange:disconnect:45 - Disconnected from Binance
2025-09-21 19:46:14 | INFO     | src.database:update_bot_status:189 - Bot 3050619d-c54b-49ba-a4f4-e328aba8a227 status updated to stopped
2025-09-21 19:46:14 | INFO     | src.bot:stop:496 - Bot ADA DCA Bot stopped
2025-09-21 19:46:14 | INFO     | src.exchanges.binance_exchange:disconnect:45 - Disconnected from Binance
2025-09-21 19:46:14 | INFO     | src.database:update_bot_status:189 - Bot 3050619d-c54b-49ba-a4f4-e328aba8a227 status updated to stopped
2025-09-21 19:46:14 | INFO     | src.bot:stop:496 - Bot ADA DCA Bot stopped
2025-09-21 19:46:14 | INFO     | src.bot_manager:stop_bot:125 - Stopped bot ada_dca_binance
2025-09-21 19:46:14 | INFO     | src.exchanges.binance_th_exchange:disconnect:49 - Disconnected from Binance TH
2025-09-21 19:46:15 | INFO     | src.database:update_bot_status:189 - Bot 3bd54ecf-276a-4de4-bdc5-891fc5ba8ee0 status updated to stopped
2025-09-21 19:46:15 | INFO     | src.bot:stop:496 - Bot BTC Grid Binance TH stopped
2025-09-21 19:46:15 | INFO     | src.exchanges.binance_th_exchange:disconnect:49 - Disconnected from Binance TH
2025-09-21 19:46:15 | INFO     | src.database:update_bot_status:189 - Bot 3bd54ecf-276a-4de4-bdc5-891fc5ba8ee0 status updated to stopped
2025-09-21 19:46:15 | INFO     | src.bot:stop:496 - Bot BTC Grid Binance TH stopped
2025-09-21 19:46:15 | INFO     | src.bot_manager:stop_bot:125 - Stopped bot btc_grid_binance_th
2025-09-21 19:46:15 | INFO     | src.exchanges.binance_th_exchange:disconnect:49 - Disconnected from Binance TH
2025-09-21 19:46:15 | INFO     | src.database:update_bot_status:189 - Bot 53834af7-09d6-4312-b695-b1858adc10f5 status updated to stopped
2025-09-21 19:46:15 | INFO     | src.bot:stop:496 - Bot ETH Momentum Binance TH stopped
2025-09-21 19:46:15 | INFO     | src.exchanges.binance_th_exchange:disconnect:49 - Disconnected from Binance TH
2025-09-21 19:46:15 | INFO     | src.database:update_bot_status:189 - Bot 53834af7-09d6-4312-b695-b1858adc10f5 status updated to stopped
2025-09-21 19:46:15 | INFO     | src.bot:stop:496 - Bot ETH Momentum Binance TH stopped
2025-09-21 19:46:15 | INFO     | src.bot_manager:stop_bot:125 - Stopped bot eth_momentum_binance_th
2025-09-21 19:46:15 | INFO     | src.bot_manager:stop_all_bots:157 - Stopped all trading bots
2025-09-21 19:46:15 | INFO     | src.bot_manager:run:221 - Bot Manager stopped
2025-09-21 19:46:16 | INFO     | __main__:main:41 - Starting Trading Bot System
2025-09-21 19:46:16 | INFO     | src.bot_manager:run:201 - Starting Bot Manager
2025-09-21 19:46:16 | INFO     | src.bot_manager:load_bot_configs:32 - Loaded 11 bot configurations
2025-09-21 19:46:16 | INFO     | src.database:_connect:31 - Connected to PostgreSQL database
2025-09-21 19:46:16 | INFO     | src.bot:initialize:57 - Starting initialization for bot BTC Scalper
2025-09-21 19:46:16 | INFO     | src.bot:initialize:60 - Creating tables for bot BTC Scalper
2025-09-21 19:46:16 | INFO     | src.database:create_tables:113 - Database tables created successfully
2025-09-21 19:46:16 | INFO     | src.bot:initialize:62 - Tables created for bot BTC Scalper
2025-09-21 19:46:16 | INFO     | src.bot:initialize:65 - Registering platform for bot BTC Scalper
2025-09-21 19:46:16 | DEBUG    | src.database:register_platform:328 - Platform binance already exists
2025-09-21 19:46:16 | INFO     | src.bot:initialize:67 - Platform registered for bot BTC Scalper
2025-09-21 19:46:16 | INFO     | src.bot:initialize:70 - Registering bot BTC Scalper
2025-09-21 19:46:16 | DEBUG    | src.database:register_bot:367 - Bot btc_scalper_binance already exists with ID d670f5bd-d334-4228-bf10-930decd14a31
2025-09-21 19:46:16 | INFO     | src.bot:initialize:72 - Bot BTC Scalper registered with ID d670f5bd-d334-4228-bf10-930decd14a31
2025-09-21 19:46:16 | INFO     | src.bot:initialize:75 - Creating exchange for bot BTC Scalper
2025-09-21 19:46:16 | INFO     | src.bot:initialize:77 - Exchange created for bot BTC Scalper
2025-09-21 19:46:16 | INFO     | src.bot:initialize:79 - Connecting to exchange for bot BTC Scalper
2025-09-21 19:46:18 | INFO     | src.exchanges.binance_exchange:connect:33 - Connected to Binance (sandbox)
2025-09-21 19:46:18 | INFO     | src.bot:initialize:83 - Exchange connected for bot BTC Scalper
2025-09-21 19:46:18 | INFO     | src.bot:initialize:86 - Creating strategy for bot BTC Scalper
2025-09-21 19:46:18 | INFO     | src.bot:_create_strategy:197 - Created GridTradingStrategy for bot BTC Scalper
2025-09-21 19:46:18 | INFO     | src.bot:initialize:88 - Strategy created for bot BTC Scalper
2025-09-21 19:46:18 | INFO     | src.bot:initialize:91 - Updating bot status to running for bot BTC Scalper
2025-09-21 19:46:18 | INFO     | src.database:update_bot_status:189 - Bot d670f5bd-d334-4228-bf10-930decd14a31 status updated to running
2025-09-21 19:46:18 | INFO     | src.bot:initialize:93 - Bot status updated for bot BTC Scalper
2025-09-21 19:46:18 | INFO     | src.bot:initialize:95 - Bot BTC Scalper initialized successfully
2025-09-21 19:46:18 | INFO     | src.bot_manager:start_bot:97 - Started bot btc_scalper_binance
2025-09-21 19:46:19 | INFO     | src.database:_connect:31 - Connected to PostgreSQL database
2025-09-21 19:46:19 | INFO     | src.bot:initialize:57 - Starting initialization for bot ETH Grid Bot
2025-09-21 19:46:19 | INFO     | src.bot:initialize:60 - Creating tables for bot ETH Grid Bot
2025-09-21 19:46:19 | INFO     | src.database:create_tables:113 - Database tables created successfully
2025-09-21 19:46:19 | INFO     | src.bot:initialize:62 - Tables created for bot ETH Grid Bot
2025-09-21 19:46:19 | INFO     | src.bot:initialize:65 - Registering platform for bot ETH Grid Bot
2025-09-21 19:46:19 | DEBUG    | src.database:register_platform:328 - Platform binance already exists
2025-09-21 19:46:19 | INFO     | src.bot:initialize:67 - Platform registered for bot ETH Grid Bot
2025-09-21 19:46:19 | INFO     | src.bot:initialize:70 - Registering bot ETH Grid Bot
2025-09-21 19:46:19 | DEBUG    | src.database:register_bot:367 - Bot eth_grid_binance already exists with ID 4de519c6-7379-44d9-8df2-9f4c941d1d3b
2025-09-21 19:46:19 | INFO     | src.bot:initialize:72 - Bot ETH Grid Bot registered with ID 4de519c6-7379-44d9-8df2-9f4c941d1d3b
2025-09-21 19:46:19 | INFO     | src.bot:initialize:75 - Creating exchange for bot ETH Grid Bot
2025-09-21 19:46:19 | INFO     | src.bot:initialize:77 - Exchange created for bot ETH Grid Bot
2025-09-21 19:46:19 | INFO     | src.bot:initialize:79 - Connecting to exchange for bot ETH Grid Bot
2025-09-21 19:46:19 | INFO     | src.bot:run:217 - Starting bot BTC Scalper
2025-09-21 19:46:21 | INFO     | src.exchanges.binance_exchange:connect:33 - Connected to Binance (sandbox)
2025-09-21 19:46:21 | INFO     | src.bot:initialize:83 - Exchange connected for bot ETH Grid Bot
2025-09-21 19:46:21 | INFO     | src.bot:initialize:86 - Creating strategy for bot ETH Grid Bot
2025-09-21 19:46:21 | INFO     | src.bot:_create_strategy:197 - Created GridTradingStrategy for bot ETH Grid Bot
2025-09-21 19:46:21 | INFO     | src.bot:initialize:88 - Strategy created for bot ETH Grid Bot
2025-09-21 19:46:21 | INFO     | src.bot:initialize:91 - Updating bot status to running for bot ETH Grid Bot
2025-09-21 19:46:21 | INFO     | src.database:update_bot_status:189 - Bot 4de519c6-7379-44d9-8df2-9f4c941d1d3b status updated to running
2025-09-21 19:46:21 | INFO     | src.bot:initialize:93 - Bot status updated for bot ETH Grid Bot
2025-09-21 19:46:21 | INFO     | src.bot:initialize:95 - Bot ETH Grid Bot initialized successfully
2025-09-21 19:46:21 | INFO     | src.bot_manager:start_bot:97 - Started bot eth_grid_binance
2025-09-21 19:46:21 | INFO     | src.database:_connect:31 - Connected to PostgreSQL database
2025-09-21 19:46:21 | INFO     | src.bot:initialize:57 - Starting initialization for bot ADA DCA Bot
2025-09-21 19:46:21 | INFO     | src.bot:initialize:60 - Creating tables for bot ADA DCA Bot
2025-09-21 19:46:21 | INFO     | src.database:create_tables:113 - Database tables created successfully
2025-09-21 19:46:21 | INFO     | src.bot:initialize:62 - Tables created for bot ADA DCA Bot
2025-09-21 19:46:21 | INFO     | src.bot:initialize:65 - Registering platform for bot ADA DCA Bot
2025-09-21 19:46:21 | DEBUG    | src.database:register_platform:328 - Platform binance already exists
2025-09-21 19:46:21 | INFO     | src.bot:initialize:67 - Platform registered for bot ADA DCA Bot
2025-09-21 19:46:21 | INFO     | src.bot:initialize:70 - Registering bot ADA DCA Bot
2025-09-21 19:46:21 | DEBUG    | src.database:register_bot:367 - Bot ada_dca_binance already exists with ID 3050619d-c54b-49ba-a4f4-e328aba8a227
2025-09-21 19:46:21 | INFO     | src.bot:initialize:72 - Bot ADA DCA Bot registered with ID 3050619d-c54b-49ba-a4f4-e328aba8a227
2025-09-21 19:46:21 | INFO     | src.bot:initialize:75 - Creating exchange for bot ADA DCA Bot
2025-09-21 19:46:21 | INFO     | src.bot:initialize:77 - Exchange created for bot ADA DCA Bot
2025-09-21 19:46:21 | INFO     | src.bot:initialize:79 - Connecting to exchange for bot ADA DCA Bot
2025-09-21 19:46:21 | INFO     | src.bot:run:217 - Starting bot ETH Grid Bot
2025-09-21 19:46:22 | INFO     | src.strategies.grid_strategy:_initialize_grid:98 - Initialized grid for BTC/USDT with 10 levels around $100342.7996
2025-09-21 19:46:22 | INFO     | src.database:update_bot_status:189 - Bot d670f5bd-d334-4228-bf10-930decd14a31 status updated to running
2025-09-21 19:46:22 | INFO     | src.database:insert_bot_metrics:228 - Bot metrics inserted for d670f5bd-d334-4228-bf10-930decd14a31
2025-09-21 19:46:23 | INFO     | src.exchanges.binance_exchange:connect:33 - Connected to Binance (sandbox)
2025-09-21 19:46:23 | INFO     | src.bot:initialize:83 - Exchange connected for bot ADA DCA Bot
2025-09-21 19:46:23 | INFO     | src.bot:initialize:86 - Creating strategy for bot ADA DCA Bot
2025-09-21 19:46:23 | INFO     | src.bot:_create_strategy:201 - Created MomentumStrategy for bot ADA DCA Bot
2025-09-21 19:46:23 | INFO     | src.bot:initialize:88 - Strategy created for bot ADA DCA Bot
2025-09-21 19:46:23 | INFO     | src.bot:initialize:91 - Updating bot status to running for bot ADA DCA Bot
2025-09-21 19:46:23 | INFO     | src.database:update_bot_status:189 - Bot 3050619d-c54b-49ba-a4f4-e328aba8a227 status updated to running
2025-09-21 19:46:23 | INFO     | src.bot:initialize:93 - Bot status updated for bot ADA DCA Bot
2025-09-21 19:46:23 | INFO     | src.bot:initialize:95 - Bot ADA DCA Bot initialized successfully
2025-09-21 19:46:23 | INFO     | src.bot_manager:start_bot:97 - Started bot ada_dca_binance
2025-09-21 19:46:24 | INFO     | src.database:_connect:31 - Connected to PostgreSQL database
2025-09-21 19:46:24 | INFO     | src.bot:initialize:57 - Starting initialization for bot BTC Long Term
2025-09-21 19:46:24 | INFO     | src.bot:initialize:60 - Creating tables for bot BTC Long Term
2025-09-21 19:46:24 | INFO     | src.database:create_tables:113 - Database tables created successfully
2025-09-21 19:46:24 | INFO     | src.bot:initialize:62 - Tables created for bot BTC Long Term
2025-09-21 19:46:24 | INFO     | src.bot:initialize:65 - Registering platform for bot BTC Long Term
2025-09-21 19:46:24 | DEBUG    | src.database:register_platform:328 - Platform coinbase already exists
2025-09-21 19:46:24 | INFO     | src.bot:initialize:67 - Platform registered for bot BTC Long Term
2025-09-21 19:46:24 | INFO     | src.bot:initialize:70 - Registering bot BTC Long Term
2025-09-21 19:46:24 | DEBUG    | src.database:register_bot:367 - Bot btc_long_coinbase already exists with ID b627a9ae-22a7-45f8-b5b9-45a9c219f298
2025-09-21 19:46:24 | INFO     | src.bot:initialize:72 - Bot BTC Long Term registered with ID b627a9ae-22a7-45f8-b5b9-45a9c219f298
2025-09-21 19:46:24 | INFO     | src.bot:initialize:75 - Creating exchange for bot BTC Long Term
2025-09-21 19:46:24 | ERROR    | src.bot:initialize:99 - Failed to initialize bot BTC Long Term: Unsupported platform: coinbase
2025-09-21 19:46:24 | ERROR    | src.bot:initialize:100 - Exception type: <class 'ValueError'>
2025-09-21 19:46:24 | ERROR    | src.bot:initialize:102 - Traceback: Traceback (most recent call last):
  File "/home/bookchaowalit/book/book_projects/personal-project/trading_bot_v2/trading-bots/src/bot.py", line 76, in initialize
    self.exchange = self._create_exchange()
                    ^^^^^^^^^^^^^^^^^^^^^^^
  File "/home/bookchaowalit/book/book_projects/personal-project/trading_bot_v2/trading-bots/src/bot.py", line 190, in _create_exchange
    raise ValueError(f"Unsupported platform: {self.platform}")
ValueError: Unsupported platform: coinbase

2025-09-21 19:46:24 | INFO     | src.database:update_bot_status:189 - Bot b627a9ae-22a7-45f8-b5b9-45a9c219f298 status updated to error
2025-09-21 19:46:24 | ERROR    | src.bot_manager:start_bot:88 - Failed to initialize bot btc_long_coinbase
2025-09-21 19:46:24 | INFO     | src.database:_connect:31 - Connected to PostgreSQL database
2025-09-21 19:46:24 | INFO     | src.bot:initialize:57 - Starting initialization for bot ETH Swing
2025-09-21 19:46:24 | INFO     | src.bot:initialize:60 - Creating tables for bot ETH Swing
2025-09-21 19:46:24 | INFO     | src.database:create_tables:113 - Database tables created successfully
2025-09-21 19:46:24 | INFO     | src.bot:initialize:62 - Tables created for bot ETH Swing
2025-09-21 19:46:24 | INFO     | src.bot:initialize:65 - Registering platform for bot ETH Swing
2025-09-21 19:46:24 | DEBUG    | src.database:register_platform:328 - Platform coinbase already exists
2025-09-21 19:46:24 | INFO     | src.bot:initialize:67 - Platform registered for bot ETH Swing
2025-09-21 19:46:24 | INFO     | src.bot:initialize:70 - Registering bot ETH Swing
2025-09-21 19:46:24 | DEBUG    | src.database:register_bot:367 - Bot eth_swing_coinbase already exists with ID 09f08fe4-5358-4708-b06f-311e13cad54f
2025-09-21 19:46:24 | INFO     | src.bot:initialize:72 - Bot ETH Swing registered with ID 09f08fe4-5358-4708-b06f-311e13cad54f
2025-09-21 19:46:24 | INFO     | src.bot:initialize:75 - Creating exchange for bot ETH Swing
2025-09-21 19:46:24 | ERROR    | src.bot:initialize:99 - Failed to initialize bot ETH Swing: Unsupported platform: coinbase
2025-09-21 19:46:24 | ERROR    | src.bot:initialize:100 - Exception type: <class 'ValueError'>
2025-09-21 19:46:24 | ERROR    | src.bot:initialize:102 - Traceback: Traceback (most recent call last):
  File "/home/bookchaowalit/book/book_projects/personal-project/trading_bot_v2/trading-bots/src/bot.py", line 76, in initialize
    self.exchange = self._create_exchange()
                    ^^^^^^^^^^^^^^^^^^^^^^^
  File "/home/bookchaowalit/book/book_projects/personal-project/trading_bot_v2/trading-bots/src/bot.py", line 190, in _create_exchange
    raise ValueError(f"Unsupported platform: {self.platform}")
ValueError: Unsupported platform: coinbase

2025-09-21 19:46:25 | INFO     | src.database:update_bot_status:189 - Bot 09f08fe4-5358-4708-b06f-311e13cad54f status updated to error
2025-09-21 19:46:25 | ERROR    | src.bot_manager:start_bot:88 - Failed to initialize bot eth_swing_coinbase
2025-09-21 19:46:25 | INFO     | src.database:_connect:31 - Connected to PostgreSQL database
2025-09-21 19:46:25 | INFO     | src.bot:initialize:57 - Starting initialization for bot PTT Momentum
2025-09-21 19:46:25 | INFO     | src.bot:initialize:60 - Creating tables for bot PTT Momentum
2025-09-21 19:46:25 | INFO     | src.database:create_tables:113 - Database tables created successfully
2025-09-21 19:46:25 | INFO     | src.bot:initialize:62 - Tables created for bot PTT Momentum
2025-09-21 19:46:25 | INFO     | src.bot:initialize:65 - Registering platform for bot PTT Momentum
2025-09-21 19:46:25 | DEBUG    | src.database:register_platform:328 - Platform innovestx already exists
2025-09-21 19:46:25 | INFO     | src.bot:initialize:67 - Platform registered for bot PTT Momentum
2025-09-21 19:46:25 | INFO     | src.bot:initialize:70 - Registering bot PTT Momentum
2025-09-21 19:46:25 | DEBUG    | src.database:register_bot:367 - Bot ptt_momentum_innovestx already exists with ID 5524a407-1c50-44a0-ad0f-bcc186b31da6
2025-09-21 19:46:25 | INFO     | src.bot:initialize:72 - Bot PTT Momentum registered with ID 5524a407-1c50-44a0-ad0f-bcc186b31da6
2025-09-21 19:46:25 | INFO     | src.bot:initialize:75 - Creating exchange for bot PTT Momentum
2025-09-21 19:46:25 | INFO     | src.bot:initialize:77 - Exchange created for bot PTT Momentum
2025-09-21 19:46:25 | INFO     | src.bot:initialize:79 - Connecting to exchange for bot PTT Momentum
2025-09-21 19:46:25 | ERROR    | src.exchanges.innovestx_exchange:_make_request:127 - InnovestX request failed: 'NoneType' object has no attribute 'encode'
2025-09-21 19:46:25 | ERROR    | src.exchanges.innovestx_exchange:connect:56 - Failed to authenticate with InnovestX
2025-09-21 19:46:25 | ERROR    | src.bot:initialize:81 - Failed to connect to exchange for bot PTT Momentum
2025-09-21 19:46:25 | ERROR    | src.bot_manager:start_bot:88 - Failed to initialize bot ptt_momentum_innovestx
2025-09-21 19:46:25 | INFO     | src.database:_connect:31 - Connected to PostgreSQL database
2025-09-21 19:46:25 | INFO     | src.bot:initialize:57 - Starting initialization for bot CPALL Grid Bot
2025-09-21 19:46:25 | INFO     | src.bot:initialize:60 - Creating tables for bot CPALL Grid Bot
2025-09-21 19:46:25 | INFO     | src.database:create_tables:113 - Database tables created successfully
2025-09-21 19:46:25 | INFO     | src.bot:initialize:62 - Tables created for bot CPALL Grid Bot
2025-09-21 19:46:25 | INFO     | src.bot:initialize:65 - Registering platform for bot CPALL Grid Bot
2025-09-21 19:46:25 | DEBUG    | src.database:register_platform:328 - Platform innovestx already exists
2025-09-21 19:46:25 | INFO     | src.bot:initialize:67 - Platform registered for bot CPALL Grid Bot
2025-09-21 19:46:25 | INFO     | src.bot:initialize:70 - Registering bot CPALL Grid Bot
2025-09-21 19:46:25 | DEBUG    | src.database:register_bot:367 - Bot cpall_grid_innovestx already exists with ID 37d23a1a-63df-45fe-a7c7-73c54882d682
2025-09-21 19:46:25 | INFO     | src.bot:initialize:72 - Bot CPALL Grid Bot registered with ID 37d23a1a-63df-45fe-a7c7-73c54882d682
2025-09-21 19:46:25 | INFO     | src.bot:initialize:75 - Creating exchange for bot CPALL Grid Bot
2025-09-21 19:46:25 | INFO     | src.bot:initialize:77 - Exchange created for bot CPALL Grid Bot
2025-09-21 19:46:25 | INFO     | src.bot:initialize:79 - Connecting to exchange for bot CPALL Grid Bot
2025-09-21 19:46:25 | ERROR    | src.exchanges.innovestx_exchange:_make_request:127 - InnovestX request failed: 'NoneType' object has no attribute 'encode'
2025-09-21 19:46:25 | ERROR    | src.exchanges.innovestx_exchange:connect:56 - Failed to authenticate with InnovestX
2025-09-21 19:46:25 | ERROR    | src.bot:initialize:81 - Failed to connect to exchange for bot CPALL Grid Bot
2025-09-21 19:46:25 | ERROR    | src.bot_manager:start_bot:88 - Failed to initialize bot cpall_grid_innovestx
2025-09-21 19:46:26 | INFO     | src.database:_connect:31 - Connected to PostgreSQL database
2025-09-21 19:46:26 | INFO     | src.bot:initialize:57 - Starting initialization for bot KBANK Swing
2025-09-21 19:46:26 | INFO     | src.bot:initialize:60 - Creating tables for bot KBANK Swing
2025-09-21 19:46:26 | INFO     | src.database:create_tables:113 - Database tables created successfully
2025-09-21 19:46:26 | INFO     | src.bot:initialize:62 - Tables created for bot KBANK Swing
2025-09-21 19:46:26 | INFO     | src.bot:initialize:65 - Registering platform for bot KBANK Swing
2025-09-21 19:46:26 | DEBUG    | src.database:register_platform:328 - Platform innovestx already exists
2025-09-21 19:46:26 | INFO     | src.bot:initialize:67 - Platform registered for bot KBANK Swing
2025-09-21 19:46:26 | INFO     | src.bot:initialize:70 - Registering bot KBANK Swing
2025-09-21 19:46:26 | DEBUG    | src.database:register_bot:367 - Bot kbank_swing_innovestx already exists with ID 8e8e1ba8-fa40-442a-baf1-dcee905b04f6
2025-09-21 19:46:26 | INFO     | src.bot:initialize:72 - Bot KBANK Swing registered with ID 8e8e1ba8-fa40-442a-baf1-dcee905b04f6
2025-09-21 19:46:26 | INFO     | src.bot:initialize:75 - Creating exchange for bot KBANK Swing
2025-09-21 19:46:26 | INFO     | src.bot:initialize:77 - Exchange created for bot KBANK Swing
2025-09-21 19:46:26 | INFO     | src.bot:initialize:79 - Connecting to exchange for bot KBANK Swing
2025-09-21 19:46:26 | ERROR    | src.exchanges.innovestx_exchange:_make_request:127 - InnovestX request failed: 'NoneType' object has no attribute 'encode'
2025-09-21 19:46:26 | ERROR    | src.exchanges.innovestx_exchange:connect:56 - Failed to authenticate with InnovestX
2025-09-21 19:46:26 | ERROR    | src.bot:initialize:81 - Failed to connect to exchange for bot KBANK Swing
2025-09-21 19:46:26 | ERROR    | src.bot_manager:start_bot:88 - Failed to initialize bot kbank_swing_innovestx
2025-09-21 19:46:26 | INFO     | src.database:_connect:31 - Connected to PostgreSQL database
2025-09-21 19:46:26 | INFO     | src.bot:initialize:57 - Starting initialization for bot Thai Multi-Sector Bot
2025-09-21 19:46:26 | INFO     | src.bot:initialize:60 - Creating tables for bot Thai Multi-Sector Bot
2025-09-21 19:46:26 | INFO     | src.database:create_tables:113 - Database tables created successfully
2025-09-21 19:46:26 | INFO     | src.bot:initialize:62 - Tables created for bot Thai Multi-Sector Bot
2025-09-21 19:46:26 | INFO     | src.bot:initialize:65 - Registering platform for bot Thai Multi-Sector Bot
2025-09-21 19:46:26 | DEBUG    | src.database:register_platform:328 - Platform innovestx already exists
2025-09-21 19:46:26 | INFO     | src.bot:initialize:67 - Platform registered for bot Thai Multi-Sector Bot
2025-09-21 19:46:26 | INFO     | src.bot:initialize:70 - Registering bot Thai Multi-Sector Bot
2025-09-21 19:46:26 | DEBUG    | src.database:register_bot:367 - Bot thai_multi_sector_innovestx already exists with ID fe82324c-0e15-4d9a-893e-45a99ead6e10
2025-09-21 19:46:26 | INFO     | src.bot:initialize:72 - Bot Thai Multi-Sector Bot registered with ID fe82324c-0e15-4d9a-893e-45a99ead6e10
2025-09-21 19:46:26 | INFO     | src.bot:initialize:75 - Creating exchange for bot Thai Multi-Sector Bot
2025-09-21 19:46:26 | INFO     | src.bot:initialize:77 - Exchange created for bot Thai Multi-Sector Bot
2025-09-21 19:46:26 | INFO     | src.bot:initialize:79 - Connecting to exchange for bot Thai Multi-Sector Bot
2025-09-21 19:46:26 | ERROR    | src.exchanges.innovestx_exchange:_make_request:127 - InnovestX request failed: 'NoneType' object has no attribute 'encode'
2025-09-21 19:46:26 | ERROR    | src.exchanges.innovestx_exchange:connect:56 - Failed to authenticate with InnovestX
2025-09-21 19:46:26 | ERROR    | src.bot:initialize:81 - Failed to connect to exchange for bot Thai Multi-Sector Bot
2025-09-21 19:46:26 | ERROR    | src.bot_manager:start_bot:88 - Failed to initialize bot thai_multi_sector_innovestx
2025-09-21 19:46:27 | INFO     | src.database:_connect:31 - Connected to PostgreSQL database
2025-09-21 19:46:27 | INFO     | src.bot:initialize:57 - Starting initialization for bot BTC Grid Binance TH
2025-09-21 19:46:27 | INFO     | src.bot:initialize:60 - Creating tables for bot BTC Grid Binance TH
2025-09-21 19:46:27 | INFO     | src.database:create_tables:113 - Database tables created successfully
2025-09-21 19:46:27 | INFO     | src.bot:initialize:62 - Tables created for bot BTC Grid Binance TH
2025-09-21 19:46:27 | INFO     | src.bot:initialize:65 - Registering platform for bot BTC Grid Binance TH
2025-09-21 19:46:27 | DEBUG    | src.database:register_platform:328 - Platform binance_th already exists
2025-09-21 19:46:27 | INFO     | src.bot:initialize:67 - Platform registered for bot BTC Grid Binance TH
2025-09-21 19:46:27 | INFO     | src.bot:initialize:70 - Registering bot BTC Grid Binance TH
2025-09-21 19:46:27 | DEBUG    | src.database:register_bot:367 - Bot btc_grid_binance_th already exists with ID 3bd54ecf-276a-4de4-bdc5-891fc5ba8ee0
2025-09-21 19:46:27 | INFO     | src.bot:initialize:72 - Bot BTC Grid Binance TH registered with ID 3bd54ecf-276a-4de4-bdc5-891fc5ba8ee0
2025-09-21 19:46:27 | INFO     | src.bot:initialize:75 - Creating exchange for bot BTC Grid Binance TH
2025-09-21 19:46:27 | INFO     | src.bot:initialize:77 - Exchange created for bot BTC Grid Binance TH
2025-09-21 19:46:27 | INFO     | src.bot:initialize:79 - Connecting to exchange for bot BTC Grid Binance TH
2025-09-21 19:46:27 | INFO     | src.bot:run:217 - Starting bot ADA DCA Bot
2025-09-21 19:46:27 | INFO     | src.strategies.grid_strategy:_initialize_grid:98 - Initialized grid for ETH/USDT with 12 levels around $5893.5134
2025-09-21 19:46:28 | INFO     | src.database:update_bot_status:189 - Bot 4de519c6-7379-44d9-8df2-9f4c941d1d3b status updated to running
2025-09-21 19:46:28 | INFO     | src.database:insert_bot_metrics:228 - Bot metrics inserted for 4de519c6-7379-44d9-8df2-9f4c941d1d3b
2025-09-21 19:46:28 | INFO     | src.exchanges.binance_th_exchange:connect:36 - Connected to Binance TH (test mode)
2025-09-21 19:46:28 | INFO     | src.bot:initialize:83 - Exchange connected for bot BTC Grid Binance TH
2025-09-21 19:46:28 | INFO     | src.bot:initialize:86 - Creating strategy for bot BTC Grid Binance TH
2025-09-21 19:46:28 | INFO     | src.bot:_create_strategy:197 - Created GridTradingStrategy for bot BTC Grid Binance TH
2025-09-21 19:46:28 | INFO     | src.bot:initialize:88 - Strategy created for bot BTC Grid Binance TH
2025-09-21 19:46:28 | INFO     | src.bot:initialize:91 - Updating bot status to running for bot BTC Grid Binance TH
2025-09-21 19:46:28 | INFO     | src.database:update_bot_status:189 - Bot 3bd54ecf-276a-4de4-bdc5-891fc5ba8ee0 status updated to running
2025-09-21 19:46:28 | INFO     | src.bot:initialize:93 - Bot status updated for bot BTC Grid Binance TH
2025-09-21 19:46:28 | INFO     | src.bot:initialize:95 - Bot BTC Grid Binance TH initialized successfully
2025-09-21 19:46:28 | INFO     | src.bot_manager:start_bot:97 - Started bot btc_grid_binance_th
2025-09-21 19:46:28 | INFO     | src.database:_connect:31 - Connected to PostgreSQL database
2025-09-21 19:46:28 | INFO     | src.bot:initialize:57 - Starting initialization for bot ETH Momentum Binance TH
2025-09-21 19:46:28 | INFO     | src.bot:initialize:60 - Creating tables for bot ETH Momentum Binance TH
2025-09-21 19:46:29 | INFO     | src.database:create_tables:113 - Database tables created successfully
2025-09-21 19:46:29 | INFO     | src.bot:initialize:62 - Tables created for bot ETH Momentum Binance TH
2025-09-21 19:46:29 | INFO     | src.bot:initialize:65 - Registering platform for bot ETH Momentum Binance TH
2025-09-21 19:46:29 | DEBUG    | src.database:register_platform:328 - Platform binance_th already exists
2025-09-21 19:46:29 | INFO     | src.bot:initialize:67 - Platform registered for bot ETH Momentum Binance TH
2025-09-21 19:46:29 | INFO     | src.bot:initialize:70 - Registering bot ETH Momentum Binance TH
2025-09-21 19:46:29 | DEBUG    | src.database:register_bot:367 - Bot eth_momentum_binance_th already exists with ID 53834af7-09d6-4312-b695-b1858adc10f5
2025-09-21 19:46:29 | INFO     | src.bot:initialize:72 - Bot ETH Momentum Binance TH registered with ID 53834af7-09d6-4312-b695-b1858adc10f5
2025-09-21 19:46:29 | INFO     | src.bot:initialize:75 - Creating exchange for bot ETH Momentum Binance TH
2025-09-21 19:46:29 | INFO     | src.bot:initialize:77 - Exchange created for bot ETH Momentum Binance TH
2025-09-21 19:46:29 | INFO     | src.bot:initialize:79 - Connecting to exchange for bot ETH Momentum Binance TH
2025-09-21 19:46:29 | INFO     | src.bot:run:217 - Starting bot BTC Grid Binance TH
2025-09-21 19:46:29 | INFO     | src.bot:_execute_signal:346 - Executing sell signal for ADA/USDT at $0.7558
2025-09-21 19:46:30 | INFO     | src.exchanges.binance_th_exchange:connect:36 - Connected to Binance TH (test mode)
2025-09-21 19:46:30 | INFO     | src.bot:initialize:83 - Exchange connected for bot ETH Momentum Binance TH
2025-09-21 19:46:30 | INFO     | src.bot:initialize:86 - Creating strategy for bot ETH Momentum Binance TH
2025-09-21 19:46:30 | INFO     | src.bot:_create_strategy:201 - Created MomentumStrategy for bot ETH Momentum Binance TH
2025-09-21 19:46:30 | INFO     | src.bot:initialize:88 - Strategy created for bot ETH Momentum Binance TH
2025-09-21 19:46:30 | INFO     | src.bot:initialize:91 - Updating bot status to running for bot ETH Momentum Binance TH
2025-09-21 19:46:30 | INFO     | src.database:update_bot_status:189 - Bot 53834af7-09d6-4312-b695-b1858adc10f5 status updated to running
2025-09-21 19:46:30 | INFO     | src.bot:initialize:93 - Bot status updated for bot ETH Momentum Binance TH
2025-09-21 19:46:30 | INFO     | src.bot:initialize:95 - Bot ETH Momentum Binance TH initialized successfully
2025-09-21 19:46:30 | INFO     | src.bot_manager:start_bot:97 - Started bot eth_momentum_binance_th
2025-09-21 19:46:30 | INFO     | src.bot_manager:start_all_bots:143 - Started 5 trading bots
2025-09-21 19:46:30 | INFO     | src.bot:run:217 - Starting bot ETH Momentum Binance TH
2025-09-21 19:46:30 | ERROR    | src.exchanges.binance_exchange:get_balance:69 - Failed to get Binance balance: binance {"code":-2014,"msg":"API-key format invalid."}
2025-09-21 19:46:31 | ERROR    | src.exchanges.binance_exchange:place_order:119 - Failed to place Binance order: binance {"code":-2014,"msg":"API-key format invalid."}
2025-09-21 19:46:31 | ERROR    | src.bot:_execute_signal:397 - Failed to execute signal for ADA/USDT: binance {"code":-2014,"msg":"API-key format invalid."}
2025-09-21 19:46:31 | INFO     | src.database:update_bot_status:189 - Bot 3050619d-c54b-49ba-a4f4-e328aba8a227 status updated to running
2025-09-21 19:46:31 | INFO     | src.database:insert_bot_metrics:228 - Bot metrics inserted for 3050619d-c54b-49ba-a4f4-e328aba8a227
2025-09-21 19:46:31 | INFO     | src.strategies.grid_strategy:_initialize_grid:98 - Initialized grid for BTC/USDT with 8 levels around $104420.7271
2025-09-21 19:46:31 | INFO     | src.database:update_bot_status:189 - Bot 3bd54ecf-276a-4de4-bdc5-891fc5ba8ee0 status updated to running
2025-09-21 19:46:31 | INFO     | src.database:insert_bot_metrics:228 - Bot metrics inserted for 3bd54ecf-276a-4de4-bdc5-891fc5ba8ee0
2025-09-21 19:46:32 | INFO     | src.bot:_execute_signal:346 - Executing buy signal for ETH/USDT at $4502.6255
2025-09-21 19:46:33 | ERROR    | src.exchanges.binance_th_exchange:_make_request:106 - API request failed: API Error -1111: Parameter 'quantity' has too much precision.
2025-09-21 19:46:33 | ERROR    | src.exchanges.binance_th_exchange:place_order:211 - Failed to place order on Binance TH: API Error -1111: Parameter 'quantity' has too much precision.
2025-09-21 19:46:33 | ERROR    | src.bot:_execute_signal:397 - Failed to execute signal for ETH/USDT: API Error -1111: Parameter 'quantity' has too much precision.
2025-09-21 19:46:33 | INFO     | src.database:update_bot_status:189 - Bot 53834af7-09d6-4312-b695-b1858adc10f5 status updated to running
2025-09-21 19:46:33 | INFO     | src.database:insert_bot_metrics:228 - Bot metrics inserted for 53834af7-09d6-4312-b695-b1858adc10f5
2025-09-21 19:46:35 | INFO     | src.exchanges.binance_th_exchange:disconnect:49 - Disconnected from Binance TH
2025-09-21 19:46:35 | INFO     | src.database:update_bot_status:189 - Bot 53834af7-09d6-4312-b695-b1858adc10f5 status updated to stopped
2025-09-21 19:46:35 | INFO     | src.bot:stop:496 - Bot ETH Momentum Binance TH stopped
2025-09-21 19:46:35 | INFO     | src.exchanges.binance_th_exchange:disconnect:49 - Disconnected from Binance TH
2025-09-21 19:46:42 | ERROR    | src.bot:_update_market_data:323 - Failed to update market data for BTC/USDT: module 'pandas' has no attribute 'np'
2025-09-21 19:46:42 | WARNING  | src.strategies.grid_strategy:analyze:29 - No historical data for BTC/USDT
2025-09-21 19:46:42 | ERROR    | src.bot:_update_performance_metrics:488 - Failed to update performance metrics: DatabaseManager.update_bot_status() takes from 3 to 4 positional arguments but 5 were given
2025-09-21 19:46:46 | ERROR    | src.bot:_update_market_data:323 - Failed to update market data for ETH/USDT: module 'pandas' has no attribute 'np'
2025-09-21 19:46:46 | WARNING  | src.strategies.grid_strategy:analyze:29 - No historical data for ETH/USDT
2025-09-21 19:46:46 | ERROR    | src.bot:_update_performance_metrics:488 - Failed to update performance metrics: DatabaseManager.update_bot_status() takes from 3 to 4 positional arguments but 5 were given
2025-09-21 19:46:50 | ERROR    | src.bot:_update_market_data:323 - Failed to update market data for ADA/USDT: module 'pandas' has no attribute 'np'
2025-09-21 19:46:50 | WARNING  | src.strategies.momentum_strategy:analyze:31 - No historical data for ADA/USDT
2025-09-21 19:46:50 | ERROR    | src.bot:_update_performance_metrics:488 - Failed to update performance metrics: DatabaseManager.update_bot_status() takes from 3 to 4 positional arguments but 5 were given
2025-09-21 19:46:50 | ERROR    | src.exchanges.binance_th_exchange:_make_request:106 - API request failed: API Error -1121: Invalid symbol.
2025-09-21 19:46:50 | ERROR    | src.exchanges.binance_th_exchange:get_ticker:161 - Failed to get Binance TH ticker for BTC/THB: API Error -1121: Invalid symbol.
2025-09-21 19:46:50 | ERROR    | src.bot:_update_market_data:323 - Failed to update market data for BTC/THB: API Error -1121: Invalid symbol.
2025-09-21 19:46:50 | WARNING  | src.strategies.grid_strategy:analyze:29 - No historical data for BTC/THB
2025-09-21 19:46:50 | ERROR    | src.bot:_update_performance_metrics:488 - Failed to update performance metrics: DatabaseManager.update_bot_status() takes from 3 to 4 positional arguments but 5 were given
2025-09-21 19:46:52 | ERROR    | src.exchanges.binance_th_exchange:_make_request:106 - API request failed: API Error -1121: Invalid symbol.
2025-09-21 19:46:52 | ERROR    | src.exchanges.binance_th_exchange:get_ticker:161 - Failed to get Binance TH ticker for ETH/THB: API Error -1121: Invalid symbol.
2025-09-21 19:46:52 | ERROR    | src.bot:_update_market_data:323 - Failed to update market data for ETH/THB: API Error -1121: Invalid symbol.
2025-09-21 19:46:52 | WARNING  | src.strategies.momentum_strategy:analyze:31 - No historical data for ETH/THB
2025-09-21 19:46:52 | ERROR    | src.bot:_update_performance_metrics:488 - Failed to update performance metrics: DatabaseManager.update_bot_status() takes from 3 to 4 positional arguments but 5 were given
2025-09-21 19:46:58 | INFO     | __main__:main:41 - Starting Trading Bot System
2025-09-21 19:46:58 | INFO     | src.bot_manager:run:201 - Starting Bot Manager
2025-09-21 19:46:58 | INFO     | src.bot_manager:load_bot_configs:32 - Loaded 11 bot configurations
2025-09-21 19:46:58 | INFO     | src.database:_connect:31 - Connected to PostgreSQL database
2025-09-21 19:46:58 | INFO     | src.bot:initialize:57 - Starting initialization for bot BTC Scalper
2025-09-21 19:46:58 | INFO     | src.bot:initialize:60 - Creating tables for bot BTC Scalper
2025-09-21 19:46:58 | INFO     | src.database:create_tables:113 - Database tables created successfully
2025-09-21 19:46:58 | INFO     | src.bot:initialize:62 - Tables created for bot BTC Scalper
2025-09-21 19:46:58 | INFO     | src.bot:initialize:65 - Registering platform for bot BTC Scalper
2025-09-21 19:46:58 | DEBUG    | src.database:register_platform:328 - Platform binance already exists
2025-09-21 19:46:58 | INFO     | src.bot:initialize:67 - Platform registered for bot BTC Scalper
2025-09-21 19:46:58 | INFO     | src.bot:initialize:70 - Registering bot BTC Scalper
2025-09-21 19:46:58 | DEBUG    | src.database:register_bot:367 - Bot btc_scalper_binance already exists with ID d670f5bd-d334-4228-bf10-930decd14a31
2025-09-21 19:46:58 | INFO     | src.bot:initialize:72 - Bot BTC Scalper registered with ID d670f5bd-d334-4228-bf10-930decd14a31
2025-09-21 19:46:58 | INFO     | src.bot:initialize:75 - Creating exchange for bot BTC Scalper
2025-09-21 19:46:58 | INFO     | src.bot:initialize:77 - Exchange created for bot BTC Scalper
2025-09-21 19:46:58 | INFO     | src.bot:initialize:79 - Connecting to exchange for bot BTC Scalper
2025-09-21 19:47:01 | INFO     | src.exchanges.binance_exchange:connect:33 - Connected to Binance (sandbox)
2025-09-21 19:47:01 | INFO     | src.bot:initialize:83 - Exchange connected for bot BTC Scalper
2025-09-21 19:47:01 | INFO     | src.bot:initialize:86 - Creating strategy for bot BTC Scalper
2025-09-21 19:47:01 | INFO     | src.bot:_create_strategy:197 - Created GridTradingStrategy for bot BTC Scalper
2025-09-21 19:47:01 | INFO     | src.bot:initialize:88 - Strategy created for bot BTC Scalper
2025-09-21 19:47:01 | INFO     | src.bot:initialize:91 - Updating bot status to running for bot BTC Scalper
2025-09-21 19:47:01 | INFO     | src.database:update_bot_status:189 - Bot d670f5bd-d334-4228-bf10-930decd14a31 status updated to running
2025-09-21 19:47:01 | INFO     | src.bot:initialize:93 - Bot status updated for bot BTC Scalper
2025-09-21 19:47:01 | INFO     | src.bot:initialize:95 - Bot BTC Scalper initialized successfully
2025-09-21 19:47:01 | INFO     | src.bot_manager:start_bot:97 - Started bot btc_scalper_binance
2025-09-21 19:47:01 | INFO     | src.database:_connect:31 - Connected to PostgreSQL database
2025-09-21 19:47:01 | INFO     | src.bot:initialize:57 - Starting initialization for bot ETH Grid Bot
2025-09-21 19:47:01 | INFO     | src.bot:initialize:60 - Creating tables for bot ETH Grid Bot
2025-09-21 19:47:01 | INFO     | src.database:create_tables:113 - Database tables created successfully
2025-09-21 19:47:01 | INFO     | src.bot:initialize:62 - Tables created for bot ETH Grid Bot
2025-09-21 19:47:01 | INFO     | src.bot:initialize:65 - Registering platform for bot ETH Grid Bot
2025-09-21 19:47:01 | DEBUG    | src.database:register_platform:328 - Platform binance already exists
2025-09-21 19:47:01 | INFO     | src.bot:initialize:67 - Platform registered for bot ETH Grid Bot
2025-09-21 19:47:01 | INFO     | src.bot:initialize:70 - Registering bot ETH Grid Bot
2025-09-21 19:47:01 | DEBUG    | src.database:register_bot:367 - Bot eth_grid_binance already exists with ID 4de519c6-7379-44d9-8df2-9f4c941d1d3b
2025-09-21 19:47:01 | INFO     | src.bot:initialize:72 - Bot ETH Grid Bot registered with ID 4de519c6-7379-44d9-8df2-9f4c941d1d3b
2025-09-21 19:47:01 | INFO     | src.bot:initialize:75 - Creating exchange for bot ETH Grid Bot
2025-09-21 19:47:01 | INFO     | src.bot:initialize:77 - Exchange created for bot ETH Grid Bot
2025-09-21 19:47:01 | INFO     | src.bot:initialize:79 - Connecting to exchange for bot ETH Grid Bot
2025-09-21 19:47:01 | INFO     | src.bot:run:217 - Starting bot BTC Scalper
2025-09-21 19:47:03 | INFO     | src.exchanges.binance_exchange:connect:33 - Connected to Binance (sandbox)
2025-09-21 19:47:03 | INFO     | src.bot:initialize:83 - Exchange connected for bot ETH Grid Bot
2025-09-21 19:47:03 | INFO     | src.bot:initialize:86 - Creating strategy for bot ETH Grid Bot
2025-09-21 19:47:03 | INFO     | src.bot:_create_strategy:197 - Created GridTradingStrategy for bot ETH Grid Bot
2025-09-21 19:47:03 | INFO     | src.bot:initialize:88 - Strategy created for bot ETH Grid Bot
2025-09-21 19:47:03 | INFO     | src.bot:initialize:91 - Updating bot status to running for bot ETH Grid Bot
2025-09-21 19:47:04 | INFO     | src.database:update_bot_status:189 - Bot 4de519c6-7379-44d9-8df2-9f4c941d1d3b status updated to running
2025-09-21 19:47:04 | INFO     | src.bot:initialize:93 - Bot status updated for bot ETH Grid Bot
2025-09-21 19:47:04 | INFO     | src.bot:initialize:95 - Bot ETH Grid Bot initialized successfully
2025-09-21 19:47:04 | INFO     | src.bot_manager:start_bot:97 - Started bot eth_grid_binance
2025-09-21 19:47:04 | INFO     | src.database:_connect:31 - Connected to PostgreSQL database
2025-09-21 19:47:04 | INFO     | src.bot:initialize:57 - Starting initialization for bot ADA DCA Bot
2025-09-21 19:47:04 | INFO     | src.bot:initialize:60 - Creating tables for bot ADA DCA Bot
2025-09-21 19:47:04 | INFO     | src.database:create_tables:113 - Database tables created successfully
2025-09-21 19:47:04 | INFO     | src.bot:initialize:62 - Tables created for bot ADA DCA Bot
2025-09-21 19:47:04 | INFO     | src.bot:initialize:65 - Registering platform for bot ADA DCA Bot
2025-09-21 19:47:04 | DEBUG    | src.database:register_platform:328 - Platform binance already exists
2025-09-21 19:47:04 | INFO     | src.bot:initialize:67 - Platform registered for bot ADA DCA Bot
2025-09-21 19:47:04 | INFO     | src.bot:initialize:70 - Registering bot ADA DCA Bot
2025-09-21 19:47:04 | DEBUG    | src.database:register_bot:367 - Bot ada_dca_binance already exists with ID 3050619d-c54b-49ba-a4f4-e328aba8a227
2025-09-21 19:47:04 | INFO     | src.bot:initialize:72 - Bot ADA DCA Bot registered with ID 3050619d-c54b-49ba-a4f4-e328aba8a227
2025-09-21 19:47:04 | INFO     | src.bot:initialize:75 - Creating exchange for bot ADA DCA Bot
2025-09-21 19:47:04 | INFO     | src.bot:initialize:77 - Exchange created for bot ADA DCA Bot
2025-09-21 19:47:04 | INFO     | src.bot:initialize:79 - Connecting to exchange for bot ADA DCA Bot
2025-09-21 19:47:04 | INFO     | src.bot:run:217 - Starting bot ETH Grid Bot
2025-09-21 19:47:05 | INFO     | src.strategies.grid_strategy:_initialize_grid:98 - Initialized grid for BTC/USDT with 10 levels around $93695.5539
2025-09-21 19:47:05 | INFO     | src.database:update_bot_status:189 - Bot d670f5bd-d334-4228-bf10-930decd14a31 status updated to running
2025-09-21 19:47:05 | INFO     | src.database:insert_bot_metrics:228 - Bot metrics inserted for d670f5bd-d334-4228-bf10-930decd14a31
2025-09-21 19:47:06 | INFO     | src.exchanges.binance_exchange:connect:33 - Connected to Binance (sandbox)
2025-09-21 19:47:06 | INFO     | src.bot:initialize:83 - Exchange connected for bot ADA DCA Bot
2025-09-21 19:47:06 | INFO     | src.bot:initialize:86 - Creating strategy for bot ADA DCA Bot
2025-09-21 19:47:06 | INFO     | src.bot:_create_strategy:201 - Created MomentumStrategy for bot ADA DCA Bot
2025-09-21 19:47:06 | INFO     | src.bot:initialize:88 - Strategy created for bot ADA DCA Bot
2025-09-21 19:47:06 | INFO     | src.bot:initialize:91 - Updating bot status to running for bot ADA DCA Bot
2025-09-21 19:47:06 | INFO     | src.database:update_bot_status:189 - Bot 3050619d-c54b-49ba-a4f4-e328aba8a227 status updated to running
2025-09-21 19:47:06 | INFO     | src.bot:initialize:93 - Bot status updated for bot ADA DCA Bot
2025-09-21 19:47:06 | INFO     | src.bot:initialize:95 - Bot ADA DCA Bot initialized successfully
2025-09-21 19:47:06 | INFO     | src.bot_manager:start_bot:97 - Started bot ada_dca_binance
2025-09-21 19:47:06 | INFO     | src.database:_connect:31 - Connected to PostgreSQL database
2025-09-21 19:47:06 | INFO     | src.bot:initialize:57 - Starting initialization for bot BTC Long Term
2025-09-21 19:47:06 | INFO     | src.bot:initialize:60 - Creating tables for bot BTC Long Term
2025-09-21 19:47:07 | INFO     | src.database:create_tables:113 - Database tables created successfully
2025-09-21 19:47:07 | INFO     | src.bot:initialize:62 - Tables created for bot BTC Long Term
2025-09-21 19:47:07 | INFO     | src.bot:initialize:65 - Registering platform for bot BTC Long Term
2025-09-21 19:47:07 | DEBUG    | src.database:register_platform:328 - Platform coinbase already exists
2025-09-21 19:47:07 | INFO     | src.bot:initialize:67 - Platform registered for bot BTC Long Term
2025-09-21 19:47:07 | INFO     | src.bot:initialize:70 - Registering bot BTC Long Term
2025-09-21 19:47:07 | DEBUG    | src.database:register_bot:367 - Bot btc_long_coinbase already exists with ID b627a9ae-22a7-45f8-b5b9-45a9c219f298
2025-09-21 19:47:07 | INFO     | src.bot:initialize:72 - Bot BTC Long Term registered with ID b627a9ae-22a7-45f8-b5b9-45a9c219f298
2025-09-21 19:47:07 | INFO     | src.bot:initialize:75 - Creating exchange for bot BTC Long Term
2025-09-21 19:47:07 | ERROR    | src.bot:initialize:99 - Failed to initialize bot BTC Long Term: Unsupported platform: coinbase
2025-09-21 19:47:07 | ERROR    | src.bot:initialize:100 - Exception type: <class 'ValueError'>
2025-09-21 19:47:07 | ERROR    | src.bot:initialize:102 - Traceback: Traceback (most recent call last):
  File "/home/bookchaowalit/book/book_projects/personal-project/trading_bot_v2/trading-bots/src/bot.py", line 76, in initialize
    self.exchange = self._create_exchange()
                    ^^^^^^^^^^^^^^^^^^^^^^^
  File "/home/bookchaowalit/book/book_projects/personal-project/trading_bot_v2/trading-bots/src/bot.py", line 190, in _create_exchange
    raise ValueError(f"Unsupported platform: {self.platform}")
ValueError: Unsupported platform: coinbase

2025-09-21 19:47:07 | INFO     | src.database:update_bot_status:189 - Bot b627a9ae-22a7-45f8-b5b9-45a9c219f298 status updated to error
2025-09-21 19:47:07 | ERROR    | src.bot_manager:start_bot:88 - Failed to initialize bot btc_long_coinbase
2025-09-21 19:47:07 | INFO     | src.database:_connect:31 - Connected to PostgreSQL database
2025-09-21 19:47:07 | INFO     | src.bot:initialize:57 - Starting initialization for bot ETH Swing
2025-09-21 19:47:07 | INFO     | src.bot:initialize:60 - Creating tables for bot ETH Swing
2025-09-21 19:47:07 | INFO     | src.database:create_tables:113 - Database tables created successfully
2025-09-21 19:47:07 | INFO     | src.bot:initialize:62 - Tables created for bot ETH Swing
2025-09-21 19:47:07 | INFO     | src.bot:initialize:65 - Registering platform for bot ETH Swing
2025-09-21 19:47:07 | DEBUG    | src.database:register_platform:328 - Platform coinbase already exists
2025-09-21 19:47:07 | INFO     | src.bot:initialize:67 - Platform registered for bot ETH Swing
2025-09-21 19:47:07 | INFO     | src.bot:initialize:70 - Registering bot ETH Swing
2025-09-21 19:47:07 | DEBUG    | src.database:register_bot:367 - Bot eth_swing_coinbase already exists with ID 09f08fe4-5358-4708-b06f-311e13cad54f
2025-09-21 19:47:07 | INFO     | src.bot:initialize:72 - Bot ETH Swing registered with ID 09f08fe4-5358-4708-b06f-311e13cad54f
2025-09-21 19:47:07 | INFO     | src.bot:initialize:75 - Creating exchange for bot ETH Swing
2025-09-21 19:47:07 | ERROR    | src.bot:initialize:99 - Failed to initialize bot ETH Swing: Unsupported platform: coinbase
2025-09-21 19:47:07 | ERROR    | src.bot:initialize:100 - Exception type: <class 'ValueError'>
2025-09-21 19:47:07 | ERROR    | src.bot:initialize:102 - Traceback: Traceback (most recent call last):
  File "/home/bookchaowalit/book/book_projects/personal-project/trading_bot_v2/trading-bots/src/bot.py", line 76, in initialize
    self.exchange = self._create_exchange()
                    ^^^^^^^^^^^^^^^^^^^^^^^
  File "/home/bookchaowalit/book/book_projects/personal-project/trading_bot_v2/trading-bots/src/bot.py", line 190, in _create_exchange
    raise ValueError(f"Unsupported platform: {self.platform}")
ValueError: Unsupported platform: coinbase

2025-09-21 19:47:07 | INFO     | src.database:update_bot_status:189 - Bot 09f08fe4-5358-4708-b06f-311e13cad54f status updated to error
2025-09-21 19:47:07 | ERROR    | src.bot_manager:start_bot:88 - Failed to initialize bot eth_swing_coinbase
2025-09-21 19:47:08 | INFO     | src.database:_connect:31 - Connected to PostgreSQL database
2025-09-21 19:47:08 | INFO     | src.bot:initialize:57 - Starting initialization for bot PTT Momentum
2025-09-21 19:47:08 | INFO     | src.bot:initialize:60 - Creating tables for bot PTT Momentum
2025-09-21 19:47:08 | INFO     | src.database:create_tables:113 - Database tables created successfully
2025-09-21 19:47:08 | INFO     | src.bot:initialize:62 - Tables created for bot PTT Momentum
2025-09-21 19:47:08 | INFO     | src.bot:initialize:65 - Registering platform for bot PTT Momentum
2025-09-21 19:47:08 | DEBUG    | src.database:register_platform:328 - Platform innovestx already exists
2025-09-21 19:47:08 | INFO     | src.bot:initialize:67 - Platform registered for bot PTT Momentum
2025-09-21 19:47:08 | INFO     | src.bot:initialize:70 - Registering bot PTT Momentum
2025-09-21 19:47:08 | DEBUG    | src.database:register_bot:367 - Bot ptt_momentum_innovestx already exists with ID 5524a407-1c50-44a0-ad0f-bcc186b31da6
2025-09-21 19:47:08 | INFO     | src.bot:initialize:72 - Bot PTT Momentum registered with ID 5524a407-1c50-44a0-ad0f-bcc186b31da6
2025-09-21 19:47:08 | INFO     | src.bot:initialize:75 - Creating exchange for bot PTT Momentum
2025-09-21 19:47:08 | INFO     | src.bot:initialize:77 - Exchange created for bot PTT Momentum
2025-09-21 19:47:08 | INFO     | src.bot:initialize:79 - Connecting to exchange for bot PTT Momentum
2025-09-21 19:47:08 | ERROR    | src.exchanges.innovestx_exchange:_make_request:127 - InnovestX request failed: 'NoneType' object has no attribute 'encode'
2025-09-21 19:47:08 | ERROR    | src.exchanges.innovestx_exchange:connect:56 - Failed to authenticate with InnovestX
2025-09-21 19:47:08 | ERROR    | src.bot:initialize:81 - Failed to connect to exchange for bot PTT Momentum
2025-09-21 19:47:08 | ERROR    | src.bot_manager:start_bot:88 - Failed to initialize bot ptt_momentum_innovestx
2025-09-21 19:47:08 | INFO     | src.database:_connect:31 - Connected to PostgreSQL database
2025-09-21 19:47:08 | INFO     | src.bot:initialize:57 - Starting initialization for bot CPALL Grid Bot
2025-09-21 19:47:08 | INFO     | src.bot:initialize:60 - Creating tables for bot CPALL Grid Bot
2025-09-21 19:47:08 | INFO     | src.database:create_tables:113 - Database tables created successfully
2025-09-21 19:47:08 | INFO     | src.bot:initialize:62 - Tables created for bot CPALL Grid Bot
2025-09-21 19:47:08 | INFO     | src.bot:initialize:65 - Registering platform for bot CPALL Grid Bot
2025-09-21 19:47:08 | DEBUG    | src.database:register_platform:328 - Platform innovestx already exists
2025-09-21 19:47:08 | INFO     | src.bot:initialize:67 - Platform registered for bot CPALL Grid Bot
2025-09-21 19:47:08 | INFO     | src.bot:initialize:70 - Registering bot CPALL Grid Bot
2025-09-21 19:47:08 | DEBUG    | src.database:register_bot:367 - Bot cpall_grid_innovestx already exists with ID 37d23a1a-63df-45fe-a7c7-73c54882d682
2025-09-21 19:47:08 | INFO     | src.bot:initialize:72 - Bot CPALL Grid Bot registered with ID 37d23a1a-63df-45fe-a7c7-73c54882d682
2025-09-21 19:47:08 | INFO     | src.bot:initialize:75 - Creating exchange for bot CPALL Grid Bot
2025-09-21 19:47:08 | INFO     | src.bot:initialize:77 - Exchange created for bot CPALL Grid Bot
2025-09-21 19:47:08 | INFO     | src.bot:initialize:79 - Connecting to exchange for bot CPALL Grid Bot
2025-09-21 19:47:08 | ERROR    | src.exchanges.innovestx_exchange:_make_request:127 - InnovestX request failed: 'NoneType' object has no attribute 'encode'
2025-09-21 19:47:08 | ERROR    | src.exchanges.innovestx_exchange:connect:56 - Failed to authenticate with InnovestX
2025-09-21 19:47:08 | ERROR    | src.bot:initialize:81 - Failed to connect to exchange for bot CPALL Grid Bot
2025-09-21 19:47:08 | ERROR    | src.bot_manager:start_bot:88 - Failed to initialize bot cpall_grid_innovestx
2025-09-21 19:47:08 | INFO     | src.database:_connect:31 - Connected to PostgreSQL database
2025-09-21 19:47:08 | INFO     | src.bot:initialize:57 - Starting initialization for bot KBANK Swing
2025-09-21 19:47:08 | INFO     | src.bot:initialize:60 - Creating tables for bot KBANK Swing
2025-09-21 19:47:09 | INFO     | src.database:create_tables:113 - Database tables created successfully
2025-09-21 19:47:09 | INFO     | src.bot:initialize:62 - Tables created for bot KBANK Swing
2025-09-21 19:47:09 | INFO     | src.bot:initialize:65 - Registering platform for bot KBANK Swing
2025-09-21 19:47:09 | DEBUG    | src.database:register_platform:328 - Platform innovestx already exists
2025-09-21 19:47:09 | INFO     | src.bot:initialize:67 - Platform registered for bot KBANK Swing
2025-09-21 19:47:09 | INFO     | src.bot:initialize:70 - Registering bot KBANK Swing
2025-09-21 19:47:09 | DEBUG    | src.database:register_bot:367 - Bot kbank_swing_innovestx already exists with ID 8e8e1ba8-fa40-442a-baf1-dcee905b04f6
2025-09-21 19:47:09 | INFO     | src.bot:initialize:72 - Bot KBANK Swing registered with ID 8e8e1ba8-fa40-442a-baf1-dcee905b04f6
2025-09-21 19:47:09 | INFO     | src.bot:initialize:75 - Creating exchange for bot KBANK Swing
2025-09-21 19:47:09 | INFO     | src.bot:initialize:77 - Exchange created for bot KBANK Swing
2025-09-21 19:47:09 | INFO     | src.bot:initialize:79 - Connecting to exchange for bot KBANK Swing
2025-09-21 19:47:09 | ERROR    | src.exchanges.innovestx_exchange:_make_request:127 - InnovestX request failed: 'NoneType' object has no attribute 'encode'
2025-09-21 19:47:09 | ERROR    | src.exchanges.innovestx_exchange:connect:56 - Failed to authenticate with InnovestX
2025-09-21 19:47:09 | ERROR    | src.bot:initialize:81 - Failed to connect to exchange for bot KBANK Swing
2025-09-21 19:47:09 | ERROR    | src.bot_manager:start_bot:88 - Failed to initialize bot kbank_swing_innovestx
2025-09-21 19:47:09 | INFO     | src.database:_connect:31 - Connected to PostgreSQL database
2025-09-21 19:47:09 | INFO     | src.bot:initialize:57 - Starting initialization for bot Thai Multi-Sector Bot
2025-09-21 19:47:09 | INFO     | src.bot:initialize:60 - Creating tables for bot Thai Multi-Sector Bot
2025-09-21 19:47:09 | INFO     | src.database:create_tables:113 - Database tables created successfully
2025-09-21 19:47:09 | INFO     | src.bot:initialize:62 - Tables created for bot Thai Multi-Sector Bot
2025-09-21 19:47:09 | INFO     | src.bot:initialize:65 - Registering platform for bot Thai Multi-Sector Bot
2025-09-21 19:47:09 | DEBUG    | src.database:register_platform:328 - Platform innovestx already exists
2025-09-21 19:47:09 | INFO     | src.bot:initialize:67 - Platform registered for bot Thai Multi-Sector Bot
2025-09-21 19:47:09 | INFO     | src.bot:initialize:70 - Registering bot Thai Multi-Sector Bot
2025-09-21 19:47:09 | DEBUG    | src.database:register_bot:367 - Bot thai_multi_sector_innovestx already exists with ID fe82324c-0e15-4d9a-893e-45a99ead6e10
2025-09-21 19:47:09 | INFO     | src.bot:initialize:72 - Bot Thai Multi-Sector Bot registered with ID fe82324c-0e15-4d9a-893e-45a99ead6e10
2025-09-21 19:47:09 | INFO     | src.bot:initialize:75 - Creating exchange for bot Thai Multi-Sector Bot
2025-09-21 19:47:09 | INFO     | src.bot:initialize:77 - Exchange created for bot Thai Multi-Sector Bot
2025-09-21 19:47:09 | INFO     | src.bot:initialize:79 - Connecting to exchange for bot Thai Multi-Sector Bot
2025-09-21 19:47:09 | ERROR    | src.exchanges.innovestx_exchange:_make_request:127 - InnovestX request failed: 'NoneType' object has no attribute 'encode'
2025-09-21 19:47:09 | ERROR    | src.exchanges.innovestx_exchange:connect:56 - Failed to authenticate with InnovestX
2025-09-21 19:47:09 | ERROR    | src.bot:initialize:81 - Failed to connect to exchange for bot Thai Multi-Sector Bot
2025-09-21 19:47:09 | ERROR    | src.bot_manager:start_bot:88 - Failed to initialize bot thai_multi_sector_innovestx
2025-09-21 19:47:09 | INFO     | src.database:_connect:31 - Connected to PostgreSQL database
2025-09-21 19:47:09 | INFO     | src.bot:initialize:57 - Starting initialization for bot BTC Grid Binance TH
2025-09-21 19:47:09 | INFO     | src.bot:initialize:60 - Creating tables for bot BTC Grid Binance TH
2025-09-21 19:47:10 | INFO     | src.database:create_tables:113 - Database tables created successfully
2025-09-21 19:47:10 | INFO     | src.bot:initialize:62 - Tables created for bot BTC Grid Binance TH
2025-09-21 19:47:10 | INFO     | src.bot:initialize:65 - Registering platform for bot BTC Grid Binance TH
2025-09-21 19:47:10 | DEBUG    | src.database:register_platform:328 - Platform binance_th already exists
2025-09-21 19:47:10 | INFO     | src.bot:initialize:67 - Platform registered for bot BTC Grid Binance TH
2025-09-21 19:47:10 | INFO     | src.bot:initialize:70 - Registering bot BTC Grid Binance TH
2025-09-21 19:47:10 | DEBUG    | src.database:register_bot:367 - Bot btc_grid_binance_th already exists with ID 3bd54ecf-276a-4de4-bdc5-891fc5ba8ee0
2025-09-21 19:47:10 | INFO     | src.bot:initialize:72 - Bot BTC Grid Binance TH registered with ID 3bd54ecf-276a-4de4-bdc5-891fc5ba8ee0
2025-09-21 19:47:10 | INFO     | src.bot:initialize:75 - Creating exchange for bot BTC Grid Binance TH
2025-09-21 19:47:10 | INFO     | src.bot:initialize:77 - Exchange created for bot BTC Grid Binance TH
2025-09-21 19:47:10 | INFO     | src.bot:initialize:79 - Connecting to exchange for bot BTC Grid Binance TH
2025-09-21 19:47:10 | INFO     | src.bot:run:217 - Starting bot ADA DCA Bot
2025-09-21 19:47:10 | INFO     | src.strategies.grid_strategy:_initialize_grid:98 - Initialized grid for ETH/USDT with 12 levels around $3027.5285
2025-09-21 19:47:10 | INFO     | src.database:update_bot_status:189 - Bot 4de519c6-7379-44d9-8df2-9f4c941d1d3b status updated to running
2025-09-21 19:47:10 | INFO     | src.database:insert_bot_metrics:228 - Bot metrics inserted for 4de519c6-7379-44d9-8df2-9f4c941d1d3b
2025-09-21 19:47:11 | INFO     | src.exchanges.binance_th_exchange:connect:36 - Connected to Binance TH (test mode)
2025-09-21 19:47:11 | INFO     | src.bot:initialize:83 - Exchange connected for bot BTC Grid Binance TH
2025-09-21 19:47:11 | INFO     | src.bot:initialize:86 - Creating strategy for bot BTC Grid Binance TH
2025-09-21 19:47:11 | INFO     | src.bot:_create_strategy:197 - Created GridTradingStrategy for bot BTC Grid Binance TH
2025-09-21 19:47:11 | INFO     | src.bot:initialize:88 - Strategy created for bot BTC Grid Binance TH
2025-09-21 19:47:11 | INFO     | src.bot:initialize:91 - Updating bot status to running for bot BTC Grid Binance TH
2025-09-21 19:47:11 | INFO     | src.database:update_bot_status:189 - Bot 3bd54ecf-276a-4de4-bdc5-891fc5ba8ee0 status updated to running
2025-09-21 19:47:11 | INFO     | src.bot:initialize:93 - Bot status updated for bot BTC Grid Binance TH
2025-09-21 19:47:11 | INFO     | src.bot:initialize:95 - Bot BTC Grid Binance TH initialized successfully
2025-09-21 19:47:11 | INFO     | src.bot_manager:start_bot:97 - Started bot btc_grid_binance_th
2025-09-21 19:47:11 | INFO     | src.database:_connect:31 - Connected to PostgreSQL database
2025-09-21 19:47:11 | INFO     | src.bot:initialize:57 - Starting initialization for bot ETH Momentum Binance TH
2025-09-21 19:47:11 | INFO     | src.bot:initialize:60 - Creating tables for bot ETH Momentum Binance TH
2025-09-21 19:47:11 | INFO     | src.database:create_tables:113 - Database tables created successfully
2025-09-21 19:47:11 | INFO     | src.bot:initialize:62 - Tables created for bot ETH Momentum Binance TH
2025-09-21 19:47:11 | INFO     | src.bot:initialize:65 - Registering platform for bot ETH Momentum Binance TH
2025-09-21 19:47:11 | DEBUG    | src.database:register_platform:328 - Platform binance_th already exists
2025-09-21 19:47:11 | INFO     | src.bot:initialize:67 - Platform registered for bot ETH Momentum Binance TH
2025-09-21 19:47:11 | INFO     | src.bot:initialize:70 - Registering bot ETH Momentum Binance TH
2025-09-21 19:47:11 | DEBUG    | src.database:register_bot:367 - Bot eth_momentum_binance_th already exists with ID 53834af7-09d6-4312-b695-b1858adc10f5
2025-09-21 19:47:11 | INFO     | src.bot:initialize:72 - Bot ETH Momentum Binance TH registered with ID 53834af7-09d6-4312-b695-b1858adc10f5
2025-09-21 19:47:11 | INFO     | src.bot:initialize:75 - Creating exchange for bot ETH Momentum Binance TH
2025-09-21 19:47:11 | INFO     | src.bot:initialize:77 - Exchange created for bot ETH Momentum Binance TH
2025-09-21 19:47:11 | INFO     | src.bot:initialize:79 - Connecting to exchange for bot ETH Momentum Binance TH
2025-09-21 19:47:11 | INFO     | src.bot:run:217 - Starting bot BTC Grid Binance TH
2025-09-21 19:47:37 | INFO     | __main__:main:41 - Starting Trading Bot System
2025-09-21 19:47:37 | INFO     | src.bot_manager:run:201 - Starting Bot Manager
2025-09-21 19:47:37 | INFO     | src.bot_manager:load_bot_configs:32 - Loaded 11 bot configurations
2025-09-21 19:47:37 | INFO     | src.database:_connect:31 - Connected to PostgreSQL database
2025-09-21 19:47:37 | INFO     | src.bot:initialize:57 - Starting initialization for bot BTC Scalper
2025-09-21 19:47:37 | INFO     | src.bot:initialize:60 - Creating tables for bot BTC Scalper
2025-09-21 19:47:37 | INFO     | src.database:create_tables:113 - Database tables created successfully
2025-09-21 19:47:37 | INFO     | src.bot:initialize:62 - Tables created for bot BTC Scalper
2025-09-21 19:47:37 | INFO     | src.bot:initialize:65 - Registering platform for bot BTC Scalper
2025-09-21 19:47:38 | DEBUG    | src.database:register_platform:328 - Platform binance already exists
2025-09-21 19:47:38 | INFO     | src.bot:initialize:67 - Platform registered for bot BTC Scalper
2025-09-21 19:47:38 | INFO     | src.bot:initialize:70 - Registering bot BTC Scalper
2025-09-21 19:47:38 | DEBUG    | src.database:register_bot:367 - Bot btc_scalper_binance already exists with ID d670f5bd-d334-4228-bf10-930decd14a31
2025-09-21 19:47:38 | INFO     | src.bot:initialize:72 - Bot BTC Scalper registered with ID d670f5bd-d334-4228-bf10-930decd14a31
2025-09-21 19:47:38 | INFO     | src.bot:initialize:75 - Creating exchange for bot BTC Scalper
2025-09-21 19:47:38 | INFO     | src.bot:initialize:77 - Exchange created for bot BTC Scalper
2025-09-21 19:47:38 | INFO     | src.bot:initialize:79 - Connecting to exchange for bot BTC Scalper
2025-09-21 19:47:40 | INFO     | src.exchanges.binance_exchange:connect:33 - Connected to Binance (sandbox)
2025-09-21 19:47:40 | INFO     | src.bot:initialize:83 - Exchange connected for bot BTC Scalper
2025-09-21 19:47:40 | INFO     | src.bot:initialize:86 - Creating strategy for bot BTC Scalper
2025-09-21 19:47:40 | INFO     | src.bot:_create_strategy:197 - Created GridTradingStrategy for bot BTC Scalper
2025-09-21 19:47:40 | INFO     | src.bot:initialize:88 - Strategy created for bot BTC Scalper
2025-09-21 19:47:40 | INFO     | src.bot:initialize:91 - Updating bot status to running for bot BTC Scalper
2025-09-21 19:47:40 | INFO     | src.database:update_bot_status:189 - Bot d670f5bd-d334-4228-bf10-930decd14a31 status updated to running
2025-09-21 19:47:40 | INFO     | src.bot:initialize:93 - Bot status updated for bot BTC Scalper
2025-09-21 19:47:40 | INFO     | src.bot:initialize:95 - Bot BTC Scalper initialized successfully
2025-09-21 19:47:40 | INFO     | src.bot_manager:start_bot:97 - Started bot btc_scalper_binance
2025-09-21 19:47:41 | INFO     | src.database:_connect:31 - Connected to PostgreSQL database
2025-09-21 19:47:41 | INFO     | src.bot:initialize:57 - Starting initialization for bot ETH Grid Bot
2025-09-21 19:47:41 | INFO     | src.bot:initialize:60 - Creating tables for bot ETH Grid Bot
2025-09-21 19:47:41 | INFO     | src.database:create_tables:113 - Database tables created successfully
2025-09-21 19:47:41 | INFO     | src.bot:initialize:62 - Tables created for bot ETH Grid Bot
2025-09-21 19:47:41 | INFO     | src.bot:initialize:65 - Registering platform for bot ETH Grid Bot
2025-09-21 19:47:41 | DEBUG    | src.database:register_platform:328 - Platform binance already exists
2025-09-21 19:47:41 | INFO     | src.bot:initialize:67 - Platform registered for bot ETH Grid Bot
2025-09-21 19:47:41 | INFO     | src.bot:initialize:70 - Registering bot ETH Grid Bot
2025-09-21 19:47:41 | DEBUG    | src.database:register_bot:367 - Bot eth_grid_binance already exists with ID 4de519c6-7379-44d9-8df2-9f4c941d1d3b
2025-09-21 19:47:41 | INFO     | src.bot:initialize:72 - Bot ETH Grid Bot registered with ID 4de519c6-7379-44d9-8df2-9f4c941d1d3b
2025-09-21 19:47:41 | INFO     | src.bot:initialize:75 - Creating exchange for bot ETH Grid Bot
2025-09-21 19:47:41 | INFO     | src.bot:initialize:77 - Exchange created for bot ETH Grid Bot
2025-09-21 19:47:41 | INFO     | src.bot:initialize:79 - Connecting to exchange for bot ETH Grid Bot
2025-09-21 19:47:41 | INFO     | src.bot:run:217 - Starting bot BTC Scalper
2025-09-21 19:47:43 | INFO     | src.exchanges.binance_exchange:connect:33 - Connected to Binance (sandbox)
2025-09-21 19:47:43 | INFO     | src.bot:initialize:83 - Exchange connected for bot ETH Grid Bot
2025-09-21 19:47:43 | INFO     | src.bot:initialize:86 - Creating strategy for bot ETH Grid Bot
2025-09-21 19:47:43 | INFO     | src.bot:_create_strategy:197 - Created GridTradingStrategy for bot ETH Grid Bot
2025-09-21 19:47:43 | INFO     | src.bot:initialize:88 - Strategy created for bot ETH Grid Bot
2025-09-21 19:47:43 | INFO     | src.bot:initialize:91 - Updating bot status to running for bot ETH Grid Bot
2025-09-21 19:47:43 | INFO     | src.database:update_bot_status:189 - Bot 4de519c6-7379-44d9-8df2-9f4c941d1d3b status updated to running
2025-09-21 19:47:43 | INFO     | src.bot:initialize:93 - Bot status updated for bot ETH Grid Bot
2025-09-21 19:47:43 | INFO     | src.bot:initialize:95 - Bot ETH Grid Bot initialized successfully
2025-09-21 19:47:43 | INFO     | src.bot_manager:start_bot:97 - Started bot eth_grid_binance
2025-09-21 19:47:44 | INFO     | src.database:_connect:31 - Connected to PostgreSQL database
2025-09-21 19:47:44 | INFO     | src.bot:initialize:57 - Starting initialization for bot ADA DCA Bot
2025-09-21 19:47:44 | INFO     | src.bot:initialize:60 - Creating tables for bot ADA DCA Bot
2025-09-21 19:47:44 | INFO     | src.database:create_tables:113 - Database tables created successfully
2025-09-21 19:47:44 | INFO     | src.bot:initialize:62 - Tables created for bot ADA DCA Bot
2025-09-21 19:47:44 | INFO     | src.bot:initialize:65 - Registering platform for bot ADA DCA Bot
2025-09-21 19:47:44 | ERROR    | src.bot:_update_market_data:323 - Failed to update market data for BTC/USDT: module 'pandas' has no attribute 'np'
2025-09-21 19:47:44 | WARNING  | src.strategies.grid_strategy:analyze:29 - No historical data for BTC/USDT
2025-09-21 19:47:44 | ERROR    | src.bot:_update_performance_metrics:488 - Failed to update performance metrics: DatabaseManager.update_bot_status() takes from 3 to 4 positional arguments but 5 were given
2025-09-21 19:47:44 | DEBUG    | src.database:register_platform:328 - Platform binance already exists
2025-09-21 19:47:44 | INFO     | src.bot:initialize:67 - Platform registered for bot ADA DCA Bot
2025-09-21 19:47:44 | INFO     | src.bot:initialize:70 - Registering bot ADA DCA Bot
2025-09-21 19:47:44 | DEBUG    | src.database:register_bot:367 - Bot ada_dca_binance already exists with ID 3050619d-c54b-49ba-a4f4-e328aba8a227
2025-09-21 19:47:44 | INFO     | src.bot:initialize:72 - Bot ADA DCA Bot registered with ID 3050619d-c54b-49ba-a4f4-e328aba8a227
2025-09-21 19:47:44 | INFO     | src.bot:initialize:75 - Creating exchange for bot ADA DCA Bot
2025-09-21 19:47:44 | INFO     | src.bot:initialize:77 - Exchange created for bot ADA DCA Bot
2025-09-21 19:47:44 | INFO     | src.bot:initialize:79 - Connecting to exchange for bot ADA DCA Bot
2025-09-21 19:47:44 | INFO     | src.bot:run:217 - Starting bot ETH Grid Bot
2025-09-21 19:47:44 | INFO     | src.strategies.grid_strategy:_initialize_grid:98 - Initialized grid for BTC/USDT with 10 levels around $167459.0272
2025-09-21 19:47:44 | INFO     | src.database:update_bot_status:189 - Bot d670f5bd-d334-4228-bf10-930decd14a31 status updated to running
2025-09-21 19:47:44 | INFO     | src.database:insert_bot_metrics:228 - Bot metrics inserted for d670f5bd-d334-4228-bf10-930decd14a31
2025-09-21 19:47:46 | INFO     | src.exchanges.binance_exchange:connect:33 - Connected to Binance (sandbox)
2025-09-21 19:47:46 | INFO     | src.bot:initialize:83 - Exchange connected for bot ADA DCA Bot
2025-09-21 19:47:46 | INFO     | src.bot:initialize:86 - Creating strategy for bot ADA DCA Bot
2025-09-21 19:47:46 | INFO     | src.bot:_create_strategy:201 - Created MomentumStrategy for bot ADA DCA Bot
2025-09-21 19:47:46 | INFO     | src.bot:initialize:88 - Strategy created for bot ADA DCA Bot
2025-09-21 19:47:46 | INFO     | src.bot:initialize:91 - Updating bot status to running for bot ADA DCA Bot
2025-09-21 19:47:46 | INFO     | src.database:update_bot_status:189 - Bot 3050619d-c54b-49ba-a4f4-e328aba8a227 status updated to running
2025-09-21 19:47:46 | INFO     | src.bot:initialize:93 - Bot status updated for bot ADA DCA Bot
2025-09-21 19:47:46 | INFO     | src.bot:initialize:95 - Bot ADA DCA Bot initialized successfully
2025-09-21 19:47:46 | INFO     | src.bot_manager:start_bot:97 - Started bot ada_dca_binance
2025-09-21 19:47:46 | INFO     | src.database:_connect:31 - Connected to PostgreSQL database
2025-09-21 19:47:46 | INFO     | src.bot:initialize:57 - Starting initialization for bot BTC Long Term
2025-09-21 19:47:46 | INFO     | src.bot:initialize:60 - Creating tables for bot BTC Long Term
2025-09-21 19:47:47 | INFO     | src.database:create_tables:113 - Database tables created successfully
2025-09-21 19:47:47 | INFO     | src.bot:initialize:62 - Tables created for bot BTC Long Term
2025-09-21 19:47:47 | INFO     | src.bot:initialize:65 - Registering platform for bot BTC Long Term
2025-09-21 19:47:47 | DEBUG    | src.database:register_platform:328 - Platform coinbase already exists
2025-09-21 19:47:47 | INFO     | src.bot:initialize:67 - Platform registered for bot BTC Long Term
2025-09-21 19:47:47 | INFO     | src.bot:initialize:70 - Registering bot BTC Long Term
2025-09-21 19:47:47 | DEBUG    | src.database:register_bot:367 - Bot btc_long_coinbase already exists with ID b627a9ae-22a7-45f8-b5b9-45a9c219f298
2025-09-21 19:47:47 | INFO     | src.bot:initialize:72 - Bot BTC Long Term registered with ID b627a9ae-22a7-45f8-b5b9-45a9c219f298
2025-09-21 19:47:47 | INFO     | src.bot:initialize:75 - Creating exchange for bot BTC Long Term
2025-09-21 19:47:47 | ERROR    | src.bot:initialize:99 - Failed to initialize bot BTC Long Term: Unsupported platform: coinbase
2025-09-21 19:47:47 | ERROR    | src.bot:initialize:100 - Exception type: <class 'ValueError'>
2025-09-21 19:47:47 | ERROR    | src.bot:initialize:102 - Traceback: Traceback (most recent call last):
  File "/home/bookchaowalit/book/book_projects/personal-project/trading_bot_v2/trading-bots/src/bot.py", line 76, in initialize
    self.exchange = self._create_exchange()
                    ^^^^^^^^^^^^^^^^^^^^^^^
  File "/home/bookchaowalit/book/book_projects/personal-project/trading_bot_v2/trading-bots/src/bot.py", line 190, in _create_exchange
    raise ValueError(f"Unsupported platform: {self.platform}")
ValueError: Unsupported platform: coinbase

2025-09-21 19:47:47 | INFO     | src.database:update_bot_status:189 - Bot b627a9ae-22a7-45f8-b5b9-45a9c219f298 status updated to error
2025-09-21 19:47:47 | ERROR    | src.bot_manager:start_bot:88 - Failed to initialize bot btc_long_coinbase
2025-09-21 19:47:47 | INFO     | src.database:_connect:31 - Connected to PostgreSQL database
2025-09-21 19:47:47 | INFO     | src.bot:initialize:57 - Starting initialization for bot ETH Swing
2025-09-21 19:47:47 | INFO     | src.bot:initialize:60 - Creating tables for bot ETH Swing
2025-09-21 19:47:47 | ERROR    | src.bot:_update_market_data:323 - Failed to update market data for ETH/USDT: module 'pandas' has no attribute 'np'
2025-09-21 19:47:47 | WARNING  | src.strategies.grid_strategy:analyze:29 - No historical data for ETH/USDT
2025-09-21 19:47:47 | ERROR    | src.bot:_update_performance_metrics:488 - Failed to update performance metrics: DatabaseManager.update_bot_status() takes from 3 to 4 positional arguments but 5 were given
2025-09-21 19:47:47 | INFO     | src.database:create_tables:113 - Database tables created successfully
2025-09-21 19:47:47 | INFO     | src.bot:initialize:62 - Tables created for bot ETH Swing
2025-09-21 19:47:47 | INFO     | src.bot:initialize:65 - Registering platform for bot ETH Swing
2025-09-21 19:47:47 | DEBUG    | src.database:register_platform:328 - Platform coinbase already exists
2025-09-21 19:47:47 | INFO     | src.bot:initialize:67 - Platform registered for bot ETH Swing
2025-09-21 19:47:47 | INFO     | src.bot:initialize:70 - Registering bot ETH Swing
2025-09-21 19:47:47 | DEBUG    | src.database:register_bot:367 - Bot eth_swing_coinbase already exists with ID 09f08fe4-5358-4708-b06f-311e13cad54f
2025-09-21 19:47:47 | INFO     | src.bot:initialize:72 - Bot ETH Swing registered with ID 09f08fe4-5358-4708-b06f-311e13cad54f
2025-09-21 19:47:47 | INFO     | src.bot:initialize:75 - Creating exchange for bot ETH Swing
2025-09-21 19:47:47 | ERROR    | src.bot:initialize:99 - Failed to initialize bot ETH Swing: Unsupported platform: coinbase
2025-09-21 19:47:47 | ERROR    | src.bot:initialize:100 - Exception type: <class 'ValueError'>
2025-09-21 19:47:47 | ERROR    | src.bot:initialize:102 - Traceback: Traceback (most recent call last):
  File "/home/bookchaowalit/book/book_projects/personal-project/trading_bot_v2/trading-bots/src/bot.py", line 76, in initialize
    self.exchange = self._create_exchange()
                    ^^^^^^^^^^^^^^^^^^^^^^^
  File "/home/bookchaowalit/book/book_projects/personal-project/trading_bot_v2/trading-bots/src/bot.py", line 190, in _create_exchange
    raise ValueError(f"Unsupported platform: {self.platform}")
ValueError: Unsupported platform: coinbase

2025-09-21 19:47:47 | INFO     | src.database:update_bot_status:189 - Bot 09f08fe4-5358-4708-b06f-311e13cad54f status updated to error
2025-09-21 19:47:47 | ERROR    | src.bot_manager:start_bot:88 - Failed to initialize bot eth_swing_coinbase
2025-09-21 19:47:47 | INFO     | src.database:_connect:31 - Connected to PostgreSQL database
2025-09-21 19:47:47 | INFO     | src.bot:initialize:57 - Starting initialization for bot PTT Momentum
2025-09-21 19:47:47 | INFO     | src.bot:initialize:60 - Creating tables for bot PTT Momentum
2025-09-21 19:47:48 | INFO     | src.database:create_tables:113 - Database tables created successfully
2025-09-21 19:47:48 | INFO     | src.bot:initialize:62 - Tables created for bot PTT Momentum
2025-09-21 19:47:48 | INFO     | src.bot:initialize:65 - Registering platform for bot PTT Momentum
2025-09-21 19:47:48 | DEBUG    | src.database:register_platform:328 - Platform innovestx already exists
2025-09-21 19:47:48 | INFO     | src.bot:initialize:67 - Platform registered for bot PTT Momentum
2025-09-21 19:47:48 | INFO     | src.bot:initialize:70 - Registering bot PTT Momentum
2025-09-21 19:47:48 | DEBUG    | src.database:register_bot:367 - Bot ptt_momentum_innovestx already exists with ID 5524a407-1c50-44a0-ad0f-bcc186b31da6
2025-09-21 19:47:48 | INFO     | src.bot:initialize:72 - Bot PTT Momentum registered with ID 5524a407-1c50-44a0-ad0f-bcc186b31da6
2025-09-21 19:47:48 | INFO     | src.bot:initialize:75 - Creating exchange for bot PTT Momentum
2025-09-21 19:47:48 | INFO     | src.bot:initialize:77 - Exchange created for bot PTT Momentum
2025-09-21 19:47:48 | INFO     | src.bot:initialize:79 - Connecting to exchange for bot PTT Momentum
2025-09-21 19:47:48 | ERROR    | src.exchanges.innovestx_exchange:_make_request:127 - InnovestX request failed: 'NoneType' object has no attribute 'encode'
2025-09-21 19:47:48 | ERROR    | src.exchanges.innovestx_exchange:connect:56 - Failed to authenticate with InnovestX
2025-09-21 19:47:48 | ERROR    | src.bot:initialize:81 - Failed to connect to exchange for bot PTT Momentum
2025-09-21 19:47:48 | ERROR    | src.bot_manager:start_bot:88 - Failed to initialize bot ptt_momentum_innovestx
2025-09-21 19:47:48 | INFO     | src.database:_connect:31 - Connected to PostgreSQL database
2025-09-21 19:47:48 | INFO     | src.bot:initialize:57 - Starting initialization for bot CPALL Grid Bot
2025-09-21 19:47:48 | INFO     | src.bot:initialize:60 - Creating tables for bot CPALL Grid Bot
2025-09-21 19:47:48 | INFO     | src.database:create_tables:113 - Database tables created successfully
2025-09-21 19:47:48 | INFO     | src.bot:initialize:62 - Tables created for bot CPALL Grid Bot
2025-09-21 19:47:48 | INFO     | src.bot:initialize:65 - Registering platform for bot CPALL Grid Bot
2025-09-21 19:47:48 | DEBUG    | src.database:register_platform:328 - Platform innovestx already exists
2025-09-21 19:47:48 | INFO     | src.bot:initialize:67 - Platform registered for bot CPALL Grid Bot
2025-09-21 19:47:48 | INFO     | src.bot:initialize:70 - Registering bot CPALL Grid Bot
2025-09-21 19:47:48 | DEBUG    | src.database:register_bot:367 - Bot cpall_grid_innovestx already exists with ID 37d23a1a-63df-45fe-a7c7-73c54882d682
2025-09-21 19:47:48 | INFO     | src.bot:initialize:72 - Bot CPALL Grid Bot registered with ID 37d23a1a-63df-45fe-a7c7-73c54882d682
2025-09-21 19:47:48 | INFO     | src.bot:initialize:75 - Creating exchange for bot CPALL Grid Bot
2025-09-21 19:47:48 | INFO     | src.bot:initialize:77 - Exchange created for bot CPALL Grid Bot
2025-09-21 19:47:48 | INFO     | src.bot:initialize:79 - Connecting to exchange for bot CPALL Grid Bot
2025-09-21 19:47:48 | ERROR    | src.exchanges.innovestx_exchange:_make_request:127 - InnovestX request failed: 'NoneType' object has no attribute 'encode'
2025-09-21 19:47:48 | ERROR    | src.exchanges.innovestx_exchange:connect:56 - Failed to authenticate with InnovestX
2025-09-21 19:47:48 | ERROR    | src.bot:initialize:81 - Failed to connect to exchange for bot CPALL Grid Bot
2025-09-21 19:47:48 | ERROR    | src.bot_manager:start_bot:88 - Failed to initialize bot cpall_grid_innovestx
2025-09-21 19:47:48 | INFO     | src.database:_connect:31 - Connected to PostgreSQL database
2025-09-21 19:47:48 | INFO     | src.bot:initialize:57 - Starting initialization for bot KBANK Swing
2025-09-21 19:47:48 | INFO     | src.bot:initialize:60 - Creating tables for bot KBANK Swing
2025-09-21 19:47:49 | INFO     | src.database:create_tables:113 - Database tables created successfully
2025-09-21 19:47:49 | INFO     | src.bot:initialize:62 - Tables created for bot KBANK Swing
2025-09-21 19:47:49 | INFO     | src.bot:initialize:65 - Registering platform for bot KBANK Swing
2025-09-21 19:47:49 | DEBUG    | src.database:register_platform:328 - Platform innovestx already exists
2025-09-21 19:47:49 | INFO     | src.bot:initialize:67 - Platform registered for bot KBANK Swing
2025-09-21 19:47:49 | INFO     | src.bot:initialize:70 - Registering bot KBANK Swing
2025-09-21 19:47:49 | DEBUG    | src.database:register_bot:367 - Bot kbank_swing_innovestx already exists with ID 8e8e1ba8-fa40-442a-baf1-dcee905b04f6
2025-09-21 19:47:49 | INFO     | src.bot:initialize:72 - Bot KBANK Swing registered with ID 8e8e1ba8-fa40-442a-baf1-dcee905b04f6
2025-09-21 19:47:49 | INFO     | src.bot:initialize:75 - Creating exchange for bot KBANK Swing
2025-09-21 19:47:49 | INFO     | src.bot:initialize:77 - Exchange created for bot KBANK Swing
2025-09-21 19:47:49 | INFO     | src.bot:initialize:79 - Connecting to exchange for bot KBANK Swing
2025-09-21 19:47:49 | ERROR    | src.exchanges.innovestx_exchange:_make_request:127 - InnovestX request failed: 'NoneType' object has no attribute 'encode'
2025-09-21 19:47:49 | ERROR    | src.exchanges.innovestx_exchange:connect:56 - Failed to authenticate with InnovestX
2025-09-21 19:47:49 | ERROR    | src.bot:initialize:81 - Failed to connect to exchange for bot KBANK Swing
2025-09-21 19:47:49 | ERROR    | src.bot_manager:start_bot:88 - Failed to initialize bot kbank_swing_innovestx
2025-09-21 19:47:49 | INFO     | src.database:_connect:31 - Connected to PostgreSQL database
2025-09-21 19:47:49 | INFO     | src.bot:initialize:57 - Starting initialization for bot Thai Multi-Sector Bot
2025-09-21 19:47:49 | INFO     | src.bot:initialize:60 - Creating tables for bot Thai Multi-Sector Bot
2025-09-21 19:47:49 | INFO     | src.database:create_tables:113 - Database tables created successfully
2025-09-21 19:47:49 | INFO     | src.bot:initialize:62 - Tables created for bot Thai Multi-Sector Bot
2025-09-21 19:47:49 | INFO     | src.bot:initialize:65 - Registering platform for bot Thai Multi-Sector Bot
2025-09-21 19:47:49 | DEBUG    | src.database:register_platform:328 - Platform innovestx already exists
2025-09-21 19:47:49 | INFO     | src.bot:initialize:67 - Platform registered for bot Thai Multi-Sector Bot
2025-09-21 19:47:49 | INFO     | src.bot:initialize:70 - Registering bot Thai Multi-Sector Bot
2025-09-21 19:47:49 | DEBUG    | src.database:register_bot:367 - Bot thai_multi_sector_innovestx already exists with ID fe82324c-0e15-4d9a-893e-45a99ead6e10
2025-09-21 19:47:49 | INFO     | src.bot:initialize:72 - Bot Thai Multi-Sector Bot registered with ID fe82324c-0e15-4d9a-893e-45a99ead6e10
2025-09-21 19:47:49 | INFO     | src.bot:initialize:75 - Creating exchange for bot Thai Multi-Sector Bot
2025-09-21 19:47:49 | INFO     | src.bot:initialize:77 - Exchange created for bot Thai Multi-Sector Bot
2025-09-21 19:47:49 | INFO     | src.bot:initialize:79 - Connecting to exchange for bot Thai Multi-Sector Bot
2025-09-21 19:47:49 | ERROR    | src.exchanges.innovestx_exchange:_make_request:127 - InnovestX request failed: 'NoneType' object has no attribute 'encode'
2025-09-21 19:47:49 | ERROR    | src.exchanges.innovestx_exchange:connect:56 - Failed to authenticate with InnovestX
2025-09-21 19:47:49 | ERROR    | src.bot:initialize:81 - Failed to connect to exchange for bot Thai Multi-Sector Bot
2025-09-21 19:47:49 | ERROR    | src.bot_manager:start_bot:88 - Failed to initialize bot thai_multi_sector_innovestx
2025-09-21 19:47:49 | INFO     | src.database:_connect:31 - Connected to PostgreSQL database
2025-09-21 19:47:49 | INFO     | src.bot:initialize:57 - Starting initialization for bot BTC Grid Binance TH
2025-09-21 19:47:49 | INFO     | src.bot:initialize:60 - Creating tables for bot BTC Grid Binance TH
2025-09-21 19:47:50 | INFO     | src.database:create_tables:113 - Database tables created successfully
2025-09-21 19:47:50 | INFO     | src.bot:initialize:62 - Tables created for bot BTC Grid Binance TH
2025-09-21 19:47:50 | INFO     | src.bot:initialize:65 - Registering platform for bot BTC Grid Binance TH
2025-09-21 19:47:50 | DEBUG    | src.database:register_platform:328 - Platform binance_th already exists
2025-09-21 19:47:50 | INFO     | src.bot:initialize:67 - Platform registered for bot BTC Grid Binance TH
2025-09-21 19:47:50 | INFO     | src.bot:initialize:70 - Registering bot BTC Grid Binance TH
2025-09-21 19:47:50 | DEBUG    | src.database:register_bot:367 - Bot btc_grid_binance_th already exists with ID 3bd54ecf-276a-4de4-bdc5-891fc5ba8ee0
2025-09-21 19:47:50 | INFO     | src.bot:initialize:72 - Bot BTC Grid Binance TH registered with ID 3bd54ecf-276a-4de4-bdc5-891fc5ba8ee0
2025-09-21 19:47:50 | INFO     | src.bot:initialize:75 - Creating exchange for bot BTC Grid Binance TH
2025-09-21 19:47:50 | INFO     | src.bot:initialize:77 - Exchange created for bot BTC Grid Binance TH
2025-09-21 19:47:50 | INFO     | src.bot:initialize:79 - Connecting to exchange for bot BTC Grid Binance TH
2025-09-21 19:47:50 | INFO     | src.bot:run:217 - Starting bot ADA DCA Bot
2025-09-21 19:47:50 | INFO     | src.strategies.grid_strategy:_initialize_grid:98 - Initialized grid for ETH/USDT with 12 levels around $4608.1612
2025-09-21 19:47:50 | INFO     | src.database:update_bot_status:189 - Bot 4de519c6-7379-44d9-8df2-9f4c941d1d3b status updated to running
2025-09-21 19:47:50 | INFO     | src.database:insert_bot_metrics:228 - Bot metrics inserted for 4de519c6-7379-44d9-8df2-9f4c941d1d3b
2025-09-21 19:47:51 | INFO     | src.exchanges.binance_th_exchange:connect:36 - Connected to Binance TH (test mode)
2025-09-21 19:47:51 | INFO     | src.bot:initialize:83 - Exchange connected for bot BTC Grid Binance TH
2025-09-21 19:47:51 | INFO     | src.bot:initialize:86 - Creating strategy for bot BTC Grid Binance TH
2025-09-21 19:47:51 | INFO     | src.bot:_create_strategy:197 - Created GridTradingStrategy for bot BTC Grid Binance TH
2025-09-21 19:47:51 | INFO     | src.bot:initialize:88 - Strategy created for bot BTC Grid Binance TH
2025-09-21 19:47:51 | INFO     | src.bot:initialize:91 - Updating bot status to running for bot BTC Grid Binance TH
2025-09-21 19:47:51 | INFO     | src.database:update_bot_status:189 - Bot 3bd54ecf-276a-4de4-bdc5-891fc5ba8ee0 status updated to running
2025-09-21 19:47:51 | INFO     | src.bot:initialize:93 - Bot status updated for bot BTC Grid Binance TH
2025-09-21 19:47:51 | INFO     | src.bot:initialize:95 - Bot BTC Grid Binance TH initialized successfully
2025-09-21 19:47:51 | INFO     | src.bot_manager:start_bot:97 - Started bot btc_grid_binance_th
2025-09-21 19:47:51 | INFO     | src.database:_connect:31 - Connected to PostgreSQL database
2025-09-21 19:47:51 | INFO     | src.bot:initialize:57 - Starting initialization for bot ETH Momentum Binance TH
2025-09-21 19:47:51 | INFO     | src.bot:initialize:60 - Creating tables for bot ETH Momentum Binance TH
2025-09-21 19:47:51 | INFO     | src.database:create_tables:113 - Database tables created successfully
2025-09-21 19:47:51 | INFO     | src.bot:initialize:62 - Tables created for bot ETH Momentum Binance TH
2025-09-21 19:47:51 | INFO     | src.bot:initialize:65 - Registering platform for bot ETH Momentum Binance TH
2025-09-21 19:47:51 | DEBUG    | src.database:register_platform:328 - Platform binance_th already exists
2025-09-21 19:47:51 | INFO     | src.bot:initialize:67 - Platform registered for bot ETH Momentum Binance TH
2025-09-21 19:47:51 | INFO     | src.bot:initialize:70 - Registering bot ETH Momentum Binance TH
2025-09-21 19:47:51 | DEBUG    | src.database:register_bot:367 - Bot eth_momentum_binance_th already exists with ID 53834af7-09d6-4312-b695-b1858adc10f5
2025-09-21 19:47:51 | INFO     | src.bot:initialize:72 - Bot ETH Momentum Binance TH registered with ID 53834af7-09d6-4312-b695-b1858adc10f5
2025-09-21 19:47:51 | INFO     | src.bot:initialize:75 - Creating exchange for bot ETH Momentum Binance TH
2025-09-21 19:47:51 | INFO     | src.bot:initialize:77 - Exchange created for bot ETH Momentum Binance TH
2025-09-21 19:47:51 | INFO     | src.bot:initialize:79 - Connecting to exchange for bot ETH Momentum Binance TH
2025-09-21 19:47:51 | INFO     | src.bot:run:217 - Starting bot BTC Grid Binance TH
2025-09-21 19:47:52 | ERROR    | src.bot:_update_market_data:323 - Failed to update market data for ADA/USDT: module 'pandas' has no attribute 'np'
2025-09-21 19:47:52 | WARNING  | src.strategies.momentum_strategy:analyze:31 - No historical data for ADA/USDT
2025-09-21 19:47:52 | ERROR    | src.bot:_update_performance_metrics:488 - Failed to update performance metrics: DatabaseManager.update_bot_status() takes from 3 to 4 positional arguments but 5 were given
2025-09-21 19:47:52 | ERROR    | src.exchanges.binance_th_exchange:_make_request:106 - API request failed: API Error -1121: Invalid symbol.
2025-09-21 19:47:52 | ERROR    | src.exchanges.binance_th_exchange:get_ticker:161 - Failed to get Binance TH ticker for BTC/THB: API Error -1121: Invalid symbol.
2025-09-21 19:47:52 | ERROR    | src.bot:_update_market_data:323 - Failed to update market data for BTC/THB: API Error -1121: Invalid symbol.
2025-09-21 19:47:52 | WARNING  | src.strategies.grid_strategy:analyze:29 - No historical data for BTC/THB
2025-09-21 19:47:52 | ERROR    | src.bot:_update_performance_metrics:488 - Failed to update performance metrics: DatabaseManager.update_bot_status() takes from 3 to 4 positional arguments but 5 were given
2025-09-21 19:47:52 | INFO     | src.database:update_bot_status:189 - Bot 3050619d-c54b-49ba-a4f4-e328aba8a227 status updated to running
2025-09-21 19:47:52 | INFO     | src.database:insert_bot_metrics:228 - Bot metrics inserted for 3050619d-c54b-49ba-a4f4-e328aba8a227
2025-09-21 19:47:53 | INFO     | src.exchanges.binance_th_exchange:connect:36 - Connected to Binance TH (test mode)
2025-09-21 19:47:53 | INFO     | src.bot:initialize:83 - Exchange connected for bot ETH Momentum Binance TH
2025-09-21 19:47:53 | INFO     | src.bot:initialize:86 - Creating strategy for bot ETH Momentum Binance TH
2025-09-21 19:47:53 | INFO     | src.bot:_create_strategy:201 - Created MomentumStrategy for bot ETH Momentum Binance TH
2025-09-21 19:47:53 | INFO     | src.bot:initialize:88 - Strategy created for bot ETH Momentum Binance TH
2025-09-21 19:47:53 | INFO     | src.bot:initialize:91 - Updating bot status to running for bot ETH Momentum Binance TH
2025-09-21 19:47:53 | INFO     | src.database:update_bot_status:189 - Bot 53834af7-09d6-4312-b695-b1858adc10f5 status updated to running
2025-09-21 19:47:53 | INFO     | src.bot:initialize:93 - Bot status updated for bot ETH Momentum Binance TH
2025-09-21 19:47:53 | INFO     | src.bot:initialize:95 - Bot ETH Momentum Binance TH initialized successfully
2025-09-21 19:47:53 | INFO     | src.bot_manager:start_bot:97 - Started bot eth_momentum_binance_th
2025-09-21 19:47:53 | INFO     | src.bot_manager:start_all_bots:143 - Started 5 trading bots
2025-09-21 19:47:53 | INFO     | src.bot:run:217 - Starting bot ETH Momentum Binance TH
2025-09-21 19:47:53 | ERROR    | src.exchanges.binance_th_exchange:_make_request:106 - API request failed: API Error -1121: Invalid symbol.
2025-09-21 19:47:53 | ERROR    | src.exchanges.binance_th_exchange:get_ticker:161 - Failed to get Binance TH ticker for ETH/THB: API Error -1121: Invalid symbol.
2025-09-21 19:47:53 | ERROR    | src.bot:_update_market_data:323 - Failed to update market data for ETH/THB: API Error -1121: Invalid symbol.
2025-09-21 19:47:53 | WARNING  | src.strategies.momentum_strategy:analyze:31 - No historical data for ETH/THB
2025-09-21 19:47:53 | ERROR    | src.bot:_update_performance_metrics:488 - Failed to update performance metrics: DatabaseManager.update_bot_status() takes from 3 to 4 positional arguments but 5 were given
2025-09-21 19:47:54 | INFO     | src.strategies.grid_strategy:_initialize_grid:98 - Initialized grid for BTC/USDT with 8 levels around $90569.6715
2025-09-21 19:47:54 | INFO     | src.database:update_bot_status:189 - Bot 3bd54ecf-276a-4de4-bdc5-891fc5ba8ee0 status updated to running
2025-09-21 19:47:54 | INFO     | src.database:insert_bot_metrics:228 - Bot metrics inserted for 3bd54ecf-276a-4de4-bdc5-891fc5ba8ee0
2025-09-21 19:47:55 | INFO     | src.bot:_execute_signal:346 - Executing buy signal for ETH/USDT at $4448.6029
2025-09-21 19:47:56 | ERROR    | src.exchanges.binance_th_exchange:_make_request:106 - API request failed: API Error -1111: Parameter 'quantity' has too much precision.
2025-09-21 19:47:56 | ERROR    | src.exchanges.binance_th_exchange:place_order:211 - Failed to place order on Binance TH: API Error -1111: Parameter 'quantity' has too much precision.
2025-09-21 19:47:56 | ERROR    | src.bot:_execute_signal:397 - Failed to execute signal for ETH/USDT: API Error -1111: Parameter 'quantity' has too much precision.
2025-09-21 19:47:56 | INFO     | src.database:update_bot_status:189 - Bot 53834af7-09d6-4312-b695-b1858adc10f5 status updated to running
2025-09-21 19:47:57 | INFO     | src.database:insert_bot_metrics:228 - Bot metrics inserted for 53834af7-09d6-4312-b695-b1858adc10f5
2025-09-21 19:48:45 | ERROR    | src.bot:_update_market_data:323 - Failed to update market data for BTC/USDT: module 'pandas' has no attribute 'np'
2025-09-21 19:48:45 | WARNING  | src.strategies.grid_strategy:analyze:29 - No historical data for BTC/USDT
2025-09-21 19:48:45 | ERROR    | src.bot:_update_performance_metrics:488 - Failed to update performance metrics: DatabaseManager.update_bot_status() takes from 3 to 4 positional arguments but 5 were given
2025-09-21 19:48:46 | INFO     | src.bot:_execute_signal:346 - Executing buy signal for BTC/USDT at $166621.7321
2025-09-21 19:48:46 | ERROR    | src.exchanges.binance_exchange:get_balance:69 - Failed to get Binance balance: binance {"code":-2014,"msg":"API-key format invalid."}
2025-09-21 19:48:47 | ERROR    | src.exchanges.binance_exchange:place_order:119 - Failed to place Binance order: binance {"code":-2014,"msg":"API-key format invalid."}
2025-09-21 19:48:47 | ERROR    | src.bot:_execute_signal:397 - Failed to execute signal for BTC/USDT: binance {"code":-2014,"msg":"API-key format invalid."}
2025-09-21 19:48:47 | INFO     | src.database:update_bot_status:189 - Bot d670f5bd-d334-4228-bf10-930decd14a31 status updated to running
2025-09-21 19:48:47 | INFO     | src.database:insert_bot_metrics:228 - Bot metrics inserted for d670f5bd-d334-4228-bf10-930decd14a31
2025-09-21 19:48:48 | ERROR    | src.bot:_update_market_data:323 - Failed to update market data for ETH/USDT: module 'pandas' has no attribute 'np'
2025-09-21 19:48:48 | WARNING  | src.strategies.grid_strategy:analyze:29 - No historical data for ETH/USDT
2025-09-21 19:48:48 | ERROR    | src.bot:_update_performance_metrics:488 - Failed to update performance metrics: DatabaseManager.update_bot_status() takes from 3 to 4 positional arguments but 5 were given
2025-09-21 19:48:51 | INFO     | src.bot:_execute_signal:346 - Executing buy signal for ETH/USDT at $4571.2959
2025-09-21 19:48:52 | ERROR    | src.exchanges.binance_exchange:get_balance:69 - Failed to get Binance balance: binance {"code":-2014,"msg":"API-key format invalid."}
2025-09-21 19:48:52 | ERROR    | src.exchanges.binance_exchange:place_order:119 - Failed to place Binance order: binance {"code":-2014,"msg":"API-key format invalid."}
2025-09-21 19:48:52 | ERROR    | src.bot:_execute_signal:397 - Failed to execute signal for ETH/USDT: binance {"code":-2014,"msg":"API-key format invalid."}
2025-09-21 19:48:52 | INFO     | src.database:update_bot_status:189 - Bot 4de519c6-7379-44d9-8df2-9f4c941d1d3b status updated to running
2025-09-21 19:48:52 | INFO     | src.database:insert_bot_metrics:228 - Bot metrics inserted for 4de519c6-7379-44d9-8df2-9f4c941d1d3b
2025-09-21 19:48:53 | ERROR    | src.bot:_update_market_data:323 - Failed to update market data for ADA/USDT: module 'pandas' has no attribute 'np'
2025-09-21 19:48:53 | WARNING  | src.strategies.momentum_strategy:analyze:31 - No historical data for ADA/USDT
2025-09-21 19:48:53 | ERROR    | src.bot:_update_performance_metrics:488 - Failed to update performance metrics: DatabaseManager.update_bot_status() takes from 3 to 4 positional arguments but 5 were given
2025-09-21 19:48:53 | ERROR    | src.exchanges.binance_th_exchange:_make_request:106 - API request failed: API Error -1121: Invalid symbol.
2025-09-21 19:48:53 | ERROR    | src.exchanges.binance_th_exchange:get_ticker:161 - Failed to get Binance TH ticker for BTC/THB: API Error -1121: Invalid symbol.
2025-09-21 19:48:53 | ERROR    | src.bot:_update_market_data:323 - Failed to update market data for BTC/THB: API Error -1121: Invalid symbol.
2025-09-21 19:48:53 | WARNING  | src.strategies.grid_strategy:analyze:29 - No historical data for BTC/THB
2025-09-21 19:48:53 | ERROR    | src.bot:_update_performance_metrics:488 - Failed to update performance metrics: DatabaseManager.update_bot_status() takes from 3 to 4 positional arguments but 5 were given
2025-09-21 19:48:54 | INFO     | src.database:update_bot_status:189 - Bot 3050619d-c54b-49ba-a4f4-e328aba8a227 status updated to running
2025-09-21 19:48:54 | INFO     | src.database:insert_bot_metrics:228 - Bot metrics inserted for 3050619d-c54b-49ba-a4f4-e328aba8a227
2025-09-21 19:48:55 | ERROR    | src.exchanges.binance_th_exchange:_make_request:106 - API request failed: API Error -1121: Invalid symbol.
2025-09-21 19:48:55 | ERROR    | src.exchanges.binance_th_exchange:get_ticker:161 - Failed to get Binance TH ticker for ETH/THB: API Error -1121: Invalid symbol.
2025-09-21 19:48:55 | ERROR    | src.bot:_update_market_data:323 - Failed to update market data for ETH/THB: API Error -1121: Invalid symbol.
2025-09-21 19:48:55 | WARNING  | src.strategies.momentum_strategy:analyze:31 - No historical data for ETH/THB
2025-09-21 19:48:55 | ERROR    | src.bot:_update_performance_metrics:488 - Failed to update performance metrics: DatabaseManager.update_bot_status() takes from 3 to 4 positional arguments but 5 were given
2025-09-21 19:48:55 | INFO     | src.bot:_execute_signal:346 - Executing sell signal for BTC/USDT at $91475.3682
2025-09-21 19:48:56 | ERROR    | src.exchanges.binance_th_exchange:_make_request:106 - API request failed: API Error -4005: Quantity greater than max quantity.
2025-09-21 19:48:56 | ERROR    | src.exchanges.binance_th_exchange:place_order:211 - Failed to place order on Binance TH: API Error -4005: Quantity greater than max quantity.
2025-09-21 19:48:56 | ERROR    | src.bot:_execute_signal:397 - Failed to execute signal for BTC/USDT: API Error -4005: Quantity greater than max quantity.
2025-09-21 19:48:56 | INFO     | src.database:update_bot_status:189 - Bot 3bd54ecf-276a-4de4-bdc5-891fc5ba8ee0 status updated to running
2025-09-21 19:48:56 | INFO     | src.database:insert_bot_metrics:228 - Bot metrics inserted for 3bd54ecf-276a-4de4-bdc5-891fc5ba8ee0
2025-09-21 19:48:58 | INFO     | src.bot:_execute_signal:346 - Executing buy signal for ETH/USDT at $4464.6900
2025-09-21 19:48:59 | ERROR    | src.exchanges.binance_th_exchange:_make_request:106 - API request failed: API Error -1111: Parameter 'quantity' has too much precision.
2025-09-21 19:48:59 | ERROR    | src.exchanges.binance_th_exchange:place_order:211 - Failed to place order on Binance TH: API Error -1111: Parameter 'quantity' has too much precision.
2025-09-21 19:48:59 | ERROR    | src.bot:_execute_signal:397 - Failed to execute signal for ETH/USDT: API Error -1111: Parameter 'quantity' has too much precision.
2025-09-21 19:48:59 | INFO     | src.database:update_bot_status:189 - Bot 53834af7-09d6-4312-b695-b1858adc10f5 status updated to running
2025-09-21 19:48:59 | INFO     | src.database:insert_bot_metrics:228 - Bot metrics inserted for 53834af7-09d6-4312-b695-b1858adc10f5
2025-09-21 19:49:46 | ERROR    | src.bot:_update_market_data:323 - Failed to update market data for BTC/USDT: module 'pandas' has no attribute 'np'
2025-09-21 19:49:46 | WARNING  | src.strategies.grid_strategy:analyze:29 - No historical data for BTC/USDT
2025-09-21 19:49:46 | ERROR    | src.bot:_update_performance_metrics:488 - Failed to update performance metrics: DatabaseManager.update_bot_status() takes from 3 to 4 positional arguments but 5 were given
2025-09-21 19:49:48 | INFO     | src.bot:_execute_signal:346 - Executing buy signal for BTC/USDT at $165784.4369
2025-09-21 19:49:49 | ERROR    | src.exchanges.binance_exchange:get_balance:69 - Failed to get Binance balance: binance {"code":-2014,"msg":"API-key format invalid."}
2025-09-21 19:49:49 | ERROR    | src.bot:_update_market_data:323 - Failed to update market data for ETH/USDT: module 'pandas' has no attribute 'np'
2025-09-21 19:49:49 | WARNING  | src.strategies.grid_strategy:analyze:29 - No historical data for ETH/USDT
2025-09-21 19:49:49 | ERROR    | src.bot:_update_performance_metrics:488 - Failed to update performance metrics: DatabaseManager.update_bot_status() takes from 3 to 4 positional arguments but 5 were given
2025-09-21 19:49:49 | ERROR    | src.exchanges.binance_exchange:place_order:119 - Failed to place Binance order: binance {"code":-2014,"msg":"API-key format invalid."}
2025-09-21 19:49:49 | ERROR    | src.bot:_execute_signal:397 - Failed to execute signal for BTC/USDT: binance {"code":-2014,"msg":"API-key format invalid."}
2025-09-21 19:49:50 | INFO     | src.database:update_bot_status:189 - Bot d670f5bd-d334-4228-bf10-930decd14a31 status updated to running
2025-09-21 19:49:50 | INFO     | src.database:insert_bot_metrics:228 - Bot metrics inserted for d670f5bd-d334-4228-bf10-930decd14a31
2025-09-21 19:49:54 | INFO     | src.bot:_execute_signal:346 - Executing buy signal for ETH/USDT at $4534.4306
2025-09-21 19:49:54 | ERROR    | src.bot:_update_market_data:323 - Failed to update market data for ADA/USDT: module 'pandas' has no attribute 'np'
2025-09-21 19:49:54 | WARNING  | src.strategies.momentum_strategy:analyze:31 - No historical data for ADA/USDT
2025-09-21 19:49:54 | ERROR    | src.bot:_update_performance_metrics:488 - Failed to update performance metrics: DatabaseManager.update_bot_status() takes from 3 to 4 positional arguments but 5 were given
2025-09-21 19:49:54 | ERROR    | src.exchanges.binance_exchange:get_balance:69 - Failed to get Binance balance: binance {"code":-2014,"msg":"API-key format invalid."}
2025-09-21 19:49:55 | ERROR    | src.exchanges.binance_exchange:place_order:119 - Failed to place Binance order: binance {"code":-2014,"msg":"API-key format invalid."}
2025-09-21 19:49:55 | ERROR    | src.bot:_execute_signal:397 - Failed to execute signal for ETH/USDT: binance {"code":-2014,"msg":"API-key format invalid."}
2025-09-21 19:49:55 | INFO     | src.database:update_bot_status:189 - Bot 4de519c6-7379-44d9-8df2-9f4c941d1d3b status updated to running
2025-09-21 19:49:55 | ERROR    | src.exchanges.binance_th_exchange:_make_request:106 - API request failed: API Error -1121: Invalid symbol.
2025-09-21 19:49:55 | ERROR    | src.exchanges.binance_th_exchange:get_ticker:161 - Failed to get Binance TH ticker for BTC/THB: API Error -1121: Invalid symbol.
2025-09-21 19:49:55 | ERROR    | src.bot:_update_market_data:323 - Failed to update market data for BTC/THB: API Error -1121: Invalid symbol.
2025-09-21 19:49:55 | WARNING  | src.strategies.grid_strategy:analyze:29 - No historical data for BTC/THB
2025-09-21 19:49:55 | ERROR    | src.bot:_update_performance_metrics:488 - Failed to update performance metrics: DatabaseManager.update_bot_status() takes from 3 to 4 positional arguments but 5 were given
2025-09-21 19:49:55 | INFO     | src.database:insert_bot_metrics:228 - Bot metrics inserted for 4de519c6-7379-44d9-8df2-9f4c941d1d3b
2025-09-21 19:49:56 | INFO     | src.database:update_bot_status:189 - Bot 3050619d-c54b-49ba-a4f4-e328aba8a227 status updated to running
2025-09-21 19:49:56 | INFO     | src.database:insert_bot_metrics:228 - Bot metrics inserted for 3050619d-c54b-49ba-a4f4-e328aba8a227
2025-09-21 19:49:56 | ERROR    | src.exchanges.binance_th_exchange:_make_request:106 - API request failed: API Error -1121: Invalid symbol.
2025-09-21 19:49:56 | ERROR    | src.exchanges.binance_th_exchange:get_ticker:161 - Failed to get Binance TH ticker for ETH/THB: API Error -1121: Invalid symbol.
2025-09-21 19:49:56 | ERROR    | src.bot:_update_market_data:323 - Failed to update market data for ETH/THB: API Error -1121: Invalid symbol.
2025-09-21 19:49:56 | WARNING  | src.strategies.momentum_strategy:analyze:31 - No historical data for ETH/THB
2025-09-21 19:49:56 | ERROR    | src.bot:_update_performance_metrics:488 - Failed to update performance metrics: DatabaseManager.update_bot_status() takes from 3 to 4 positional arguments but 5 were given
2025-09-21 19:49:58 | INFO     | src.bot:_execute_signal:346 - Executing sell signal for BTC/USDT at $92381.0649
2025-09-21 19:49:59 | ERROR    | src.exchanges.binance_th_exchange:_make_request:106 - API request failed: API Error -4005: Quantity greater than max quantity.
2025-09-21 19:49:59 | ERROR    | src.exchanges.binance_th_exchange:place_order:211 - Failed to place order on Binance TH: API Error -4005: Quantity greater than max quantity.
2025-09-21 19:49:59 | ERROR    | src.bot:_execute_signal:397 - Failed to execute signal for BTC/USDT: API Error -4005: Quantity greater than max quantity.
2025-09-21 19:49:59 | INFO     | src.database:update_bot_status:189 - Bot 3bd54ecf-276a-4de4-bdc5-891fc5ba8ee0 status updated to running
2025-09-21 19:49:59 | INFO     | src.database:insert_bot_metrics:228 - Bot metrics inserted for 3bd54ecf-276a-4de4-bdc5-891fc5ba8ee0
2025-09-21 19:50:00 | INFO     | src.bot:_execute_signal:346 - Executing buy signal for ETH/USDT at $4464.9400
2025-09-21 19:50:01 | ERROR    | src.exchanges.binance_th_exchange:_make_request:106 - API request failed: API Error -1111: Parameter 'quantity' has too much precision.
2025-09-21 19:50:01 | ERROR    | src.exchanges.binance_th_exchange:place_order:211 - Failed to place order on Binance TH: API Error -1111: Parameter 'quantity' has too much precision.
2025-09-21 19:50:01 | ERROR    | src.bot:_execute_signal:397 - Failed to execute signal for ETH/USDT: API Error -1111: Parameter 'quantity' has too much precision.
2025-09-21 19:50:01 | INFO     | src.database:update_bot_status:189 - Bot 53834af7-09d6-4312-b695-b1858adc10f5 status updated to running
2025-09-21 19:50:02 | INFO     | src.database:insert_bot_metrics:228 - Bot metrics inserted for 53834af7-09d6-4312-b695-b1858adc10f5
2025-09-21 19:50:48 | ERROR    | src.bot:_update_market_data:323 - Failed to update market data for BTC/USDT: module 'pandas' has no attribute 'np'
2025-09-21 19:50:48 | WARNING  | src.strategies.grid_strategy:analyze:29 - No historical data for BTC/USDT
2025-09-21 19:50:48 | ERROR    | src.bot:_update_performance_metrics:488 - Failed to update performance metrics: DatabaseManager.update_bot_status() takes from 3 to 4 positional arguments but 5 were given
2025-09-21 19:50:50 | ERROR    | src.bot:_update_market_data:323 - Failed to update market data for ETH/USDT: module 'pandas' has no attribute 'np'
2025-09-21 19:50:50 | WARNING  | src.strategies.grid_strategy:analyze:29 - No historical data for ETH/USDT
2025-09-21 19:50:50 | ERROR    | src.bot:_update_performance_metrics:488 - Failed to update performance metrics: DatabaseManager.update_bot_status() takes from 3 to 4 positional arguments but 5 were given
2025-09-21 19:50:51 | INFO     | src.bot:_execute_signal:346 - Executing buy signal for BTC/USDT at $164947.1418
2025-09-21 19:50:51 | ERROR    | src.exchanges.binance_exchange:get_balance:69 - Failed to get Binance balance: binance {"code":-2014,"msg":"API-key format invalid."}
2025-09-21 19:50:52 | ERROR    | src.exchanges.binance_exchange:place_order:119 - Failed to place Binance order: binance {"code":-2014,"msg":"API-key format invalid."}
2025-09-21 19:50:52 | ERROR    | src.bot:_execute_signal:397 - Failed to execute signal for BTC/USDT: binance {"code":-2014,"msg":"API-key format invalid."}
2025-09-21 19:50:52 | INFO     | src.database:update_bot_status:189 - Bot d670f5bd-d334-4228-bf10-930decd14a31 status updated to running
2025-09-21 19:50:52 | INFO     | src.database:insert_bot_metrics:228 - Bot metrics inserted for d670f5bd-d334-4228-bf10-930decd14a31
2025-09-21 19:50:56 | ERROR    | src.bot:_update_market_data:323 - Failed to update market data for ADA/USDT: module 'pandas' has no attribute 'np'
2025-09-21 19:50:56 | WARNING  | src.strategies.momentum_strategy:analyze:31 - No historical data for ADA/USDT
2025-09-21 19:50:56 | ERROR    | src.bot:_update_performance_metrics:488 - Failed to update performance metrics: DatabaseManager.update_bot_status() takes from 3 to 4 positional arguments but 5 were given
2025-09-21 19:50:56 | ERROR    | src.exchanges.binance_th_exchange:_make_request:106 - API request failed: API Error -1121: Invalid symbol.
2025-09-21 19:50:56 | ERROR    | src.exchanges.binance_th_exchange:get_ticker:161 - Failed to get Binance TH ticker for BTC/THB: API Error -1121: Invalid symbol.
2025-09-21 19:50:56 | ERROR    | src.bot:_update_market_data:323 - Failed to update market data for BTC/THB: API Error -1121: Invalid symbol.
2025-09-21 19:50:56 | WARNING  | src.strategies.grid_strategy:analyze:29 - No historical data for BTC/THB
2025-09-21 19:50:56 | ERROR    | src.bot:_update_performance_metrics:488 - Failed to update performance metrics: DatabaseManager.update_bot_status() takes from 3 to 4 positional arguments but 5 were given
2025-09-21 19:50:56 | INFO     | src.bot:_execute_signal:346 - Executing buy signal for ETH/USDT at $4497.5653
2025-09-21 19:50:57 | ERROR    | src.exchanges.binance_exchange:get_balance:69 - Failed to get Binance balance: binance {"code":-2014,"msg":"API-key format invalid."}
2025-09-21 19:50:57 | INFO     | src.database:update_bot_status:189 - Bot 3050619d-c54b-49ba-a4f4-e328aba8a227 status updated to running
2025-09-21 19:50:57 | INFO     | src.database:insert_bot_metrics:228 - Bot metrics inserted for 3050619d-c54b-49ba-a4f4-e328aba8a227
2025-09-21 19:50:57 | ERROR    | src.exchanges.binance_th_exchange:_make_request:106 - API request failed: API Error -1121: Invalid symbol.
2025-09-21 19:50:57 | ERROR    | src.exchanges.binance_th_exchange:get_ticker:161 - Failed to get Binance TH ticker for ETH/THB: API Error -1121: Invalid symbol.
2025-09-21 19:50:57 | ERROR    | src.bot:_update_market_data:323 - Failed to update market data for ETH/THB: API Error -1121: Invalid symbol.
2025-09-21 19:50:57 | WARNING  | src.strategies.momentum_strategy:analyze:31 - No historical data for ETH/THB
2025-09-21 19:50:57 | ERROR    | src.bot:_update_performance_metrics:488 - Failed to update performance metrics: DatabaseManager.update_bot_status() takes from 3 to 4 positional arguments but 5 were given
2025-09-21 19:50:57 | ERROR    | src.exchanges.binance_exchange:place_order:119 - Failed to place Binance order: binance {"code":-2014,"msg":"API-key format invalid."}
2025-09-21 19:50:57 | ERROR    | src.bot:_execute_signal:397 - Failed to execute signal for ETH/USDT: binance {"code":-2014,"msg":"API-key format invalid."}
2025-09-21 19:50:57 | INFO     | src.database:update_bot_status:189 - Bot 4de519c6-7379-44d9-8df2-9f4c941d1d3b status updated to running
2025-09-21 19:50:57 | INFO     | src.database:insert_bot_metrics:228 - Bot metrics inserted for 4de519c6-7379-44d9-8df2-9f4c941d1d3b
2025-09-21 19:51:00 | INFO     | src.bot:_execute_signal:346 - Executing sell signal for BTC/USDT at $93286.7616
2025-09-21 19:51:02 | ERROR    | src.exchanges.binance_th_exchange:_make_request:106 - API request failed: API Error -4005: Quantity greater than max quantity.
2025-09-21 19:51:02 | ERROR    | src.exchanges.binance_th_exchange:place_order:211 - Failed to place order on Binance TH: API Error -4005: Quantity greater than max quantity.
2025-09-21 19:51:02 | ERROR    | src.bot:_execute_signal:397 - Failed to execute signal for BTC/USDT: API Error -4005: Quantity greater than max quantity.
2025-09-21 19:51:02 | INFO     | src.database:update_bot_status:189 - Bot 3bd54ecf-276a-4de4-bdc5-891fc5ba8ee0 status updated to running
2025-09-21 19:51:02 | INFO     | src.database:insert_bot_metrics:228 - Bot metrics inserted for 3bd54ecf-276a-4de4-bdc5-891fc5ba8ee0
2025-09-21 19:51:03 | INFO     | src.database:update_bot_status:189 - Bot 53834af7-09d6-4312-b695-b1858adc10f5 status updated to running
2025-09-21 19:51:03 | INFO     | src.database:insert_bot_metrics:228 - Bot metrics inserted for 53834af7-09d6-4312-b695-b1858adc10f5
2025-09-21 19:51:49 | ERROR    | src.bot:_update_market_data:323 - Failed to update market data for BTC/USDT: module 'pandas' has no attribute 'np'
2025-09-21 19:51:49 | WARNING  | src.strategies.grid_strategy:analyze:29 - No historical data for BTC/USDT
2025-09-21 19:51:49 | ERROR    | src.bot:_update_performance_metrics:488 - Failed to update performance metrics: DatabaseManager.update_bot_status() takes from 3 to 4 positional arguments but 5 were given
2025-09-21 19:51:52 | ERROR    | src.bot:_update_market_data:323 - Failed to update market data for ETH/USDT: module 'pandas' has no attribute 'np'
2025-09-21 19:51:52 | WARNING  | src.strategies.grid_strategy:analyze:29 - No historical data for ETH/USDT
2025-09-21 19:51:52 | ERROR    | src.bot:_update_performance_metrics:488 - Failed to update performance metrics: DatabaseManager.update_bot_status() takes from 3 to 4 positional arguments but 5 were given
2025-09-21 19:51:55 | INFO     | src.bot:_execute_signal:346 - Executing buy signal for BTC/USDT at $164109.8467
2025-09-21 19:51:55 | ERROR    | src.exchanges.binance_exchange:get_balance:69 - Failed to get Binance balance: binance {"code":-2014,"msg":"API-key format invalid."}
2025-09-21 19:51:56 | ERROR    | src.exchanges.binance_exchange:place_order:119 - Failed to place Binance order: binance {"code":-2014,"msg":"API-key format invalid."}
2025-09-21 19:51:56 | ERROR    | src.bot:_execute_signal:397 - Failed to execute signal for BTC/USDT: binance {"code":-2014,"msg":"API-key format invalid."}
2025-09-21 19:51:56 | INFO     | src.database:update_bot_status:189 - Bot d670f5bd-d334-4228-bf10-930decd14a31 status updated to running
2025-09-21 19:51:56 | INFO     | src.database:insert_bot_metrics:228 - Bot metrics inserted for d670f5bd-d334-4228-bf10-930decd14a31
2025-09-21 19:51:57 | ERROR    | src.exchanges.binance_th_exchange:_make_request:106 - API request failed: API Error -1121: Invalid symbol.
2025-09-21 19:51:57 | ERROR    | src.exchanges.binance_th_exchange:get_ticker:161 - Failed to get Binance TH ticker for BTC/THB: API Error -1121: Invalid symbol.
2025-09-21 19:51:57 | ERROR    | src.bot:_update_market_data:323 - Failed to update market data for BTC/THB: API Error -1121: Invalid symbol.
2025-09-21 19:51:57 | WARNING  | src.strategies.grid_strategy:analyze:29 - No historical data for BTC/THB
2025-09-21 19:51:57 | ERROR    | src.bot:_update_performance_metrics:488 - Failed to update performance metrics: DatabaseManager.update_bot_status() takes from 3 to 4 positional arguments but 5 were given
2025-09-21 19:51:58 | ERROR    | src.bot:_update_market_data:323 - Failed to update market data for ADA/USDT: module 'pandas' has no attribute 'np'
2025-09-21 19:51:58 | WARNING  | src.strategies.momentum_strategy:analyze:31 - No historical data for ADA/USDT
2025-09-21 19:51:58 | ERROR    | src.bot:_update_performance_metrics:488 - Failed to update performance metrics: DatabaseManager.update_bot_status() takes from 3 to 4 positional arguments but 5 were given
2025-09-21 19:51:58 | INFO     | src.database:update_bot_status:189 - Bot 3050619d-c54b-49ba-a4f4-e328aba8a227 status updated to running
2025-09-21 19:51:58 | ERROR    | src.exchanges.binance_th_exchange:_make_request:106 - API request failed: API Error -1121: Invalid symbol.
2025-09-21 19:51:58 | ERROR    | src.exchanges.binance_th_exchange:get_ticker:161 - Failed to get Binance TH ticker for ETH/THB: API Error -1121: Invalid symbol.
2025-09-21 19:51:58 | ERROR    | src.bot:_update_market_data:323 - Failed to update market data for ETH/THB: API Error -1121: Invalid symbol.
2025-09-21 19:51:58 | WARNING  | src.strategies.momentum_strategy:analyze:31 - No historical data for ETH/THB
2025-09-21 19:51:58 | ERROR    | src.bot:_update_performance_metrics:488 - Failed to update performance metrics: DatabaseManager.update_bot_status() takes from 3 to 4 positional arguments but 5 were given
2025-09-21 19:51:58 | INFO     | src.database:insert_bot_metrics:228 - Bot metrics inserted for 3050619d-c54b-49ba-a4f4-e328aba8a227
2025-09-21 19:51:59 | INFO     | src.database:update_bot_status:189 - Bot 4de519c6-7379-44d9-8df2-9f4c941d1d3b status updated to running
2025-09-21 19:51:59 | INFO     | src.database:insert_bot_metrics:228 - Bot metrics inserted for 4de519c6-7379-44d9-8df2-9f4c941d1d3b
2025-09-21 19:52:03 | INFO     | src.bot:_execute_signal:346 - Executing sell signal for BTC/USDT at $94192.4583
2025-09-21 19:52:04 | ERROR    | src.exchanges.binance_th_exchange:_make_request:106 - API request failed: API Error -4005: Quantity greater than max quantity.
2025-09-21 19:52:04 | ERROR    | src.exchanges.binance_th_exchange:place_order:211 - Failed to place order on Binance TH: API Error -4005: Quantity greater than max quantity.
2025-09-21 19:52:04 | ERROR    | src.bot:_execute_signal:397 - Failed to execute signal for BTC/USDT: API Error -4005: Quantity greater than max quantity.
2025-09-21 19:52:04 | INFO     | src.database:update_bot_status:189 - Bot 3bd54ecf-276a-4de4-bdc5-891fc5ba8ee0 status updated to running
2025-09-21 19:52:04 | INFO     | src.database:insert_bot_metrics:228 - Bot metrics inserted for 3bd54ecf-276a-4de4-bdc5-891fc5ba8ee0
2025-09-21 19:52:04 | INFO     | src.bot:_execute_signal:346 - Executing buy signal for ETH/USDT at $4468.7100
2025-09-21 19:52:05 | ERROR    | src.exchanges.binance_th_exchange:_make_request:106 - API request failed: API Error -1111: Parameter 'quantity' has too much precision.
2025-09-21 19:52:05 | ERROR    | src.exchanges.binance_th_exchange:place_order:211 - Failed to place order on Binance TH: API Error -1111: Parameter 'quantity' has too much precision.
2025-09-21 19:52:05 | ERROR    | src.bot:_execute_signal:397 - Failed to execute signal for ETH/USDT: API Error -1111: Parameter 'quantity' has too much precision.
2025-09-21 19:52:05 | INFO     | src.database:update_bot_status:189 - Bot 53834af7-09d6-4312-b695-b1858adc10f5 status updated to running
2025-09-21 19:52:06 | INFO     | src.database:insert_bot_metrics:228 - Bot metrics inserted for 53834af7-09d6-4312-b695-b1858adc10f5
2025-09-21 19:52:50 | ERROR    | src.bot:_update_market_data:323 - Failed to update market data for BTC/USDT: module 'pandas' has no attribute 'np'
2025-09-21 19:52:50 | WARNING  | src.strategies.grid_strategy:analyze:29 - No historical data for BTC/USDT
2025-09-21 19:52:50 | ERROR    | src.bot:_update_performance_metrics:488 - Failed to update performance metrics: DatabaseManager.update_bot_status() takes from 3 to 4 positional arguments but 5 were given
2025-09-21 19:52:53 | ERROR    | src.bot:_update_market_data:323 - Failed to update market data for ETH/USDT: module 'pandas' has no attribute 'np'
2025-09-21 19:52:53 | WARNING  | src.strategies.grid_strategy:analyze:29 - No historical data for ETH/USDT
2025-09-21 19:52:53 | ERROR    | src.bot:_update_performance_metrics:488 - Failed to update performance metrics: DatabaseManager.update_bot_status() takes from 3 to 4 positional arguments but 5 were given
2025-09-21 19:52:57 | INFO     | src.bot:_execute_signal:346 - Executing buy signal for BTC/USDT at $163272.5515
2025-09-21 19:52:58 | ERROR    | src.exchanges.binance_exchange:get_balance:69 - Failed to get Binance balance: binance {"code":-2014,"msg":"API-key format invalid."}
2025-09-21 19:52:59 | ERROR    | src.exchanges.binance_exchange:place_order:119 - Failed to place Binance order: binance {"code":-2014,"msg":"API-key format invalid."}
2025-09-21 19:52:59 | ERROR    | src.bot:_execute_signal:397 - Failed to execute signal for BTC/USDT: binance {"code":-2014,"msg":"API-key format invalid."}
2025-09-21 19:52:59 | INFO     | src.database:update_bot_status:189 - Bot d670f5bd-d334-4228-bf10-930decd14a31 status updated to running
2025-09-21 19:52:59 | INFO     | src.database:insert_bot_metrics:228 - Bot metrics inserted for d670f5bd-d334-4228-bf10-930decd14a31
2025-09-21 19:52:59 | ERROR    | src.exchanges.binance_th_exchange:_make_request:106 - API request failed: API Error -1121: Invalid symbol.
2025-09-21 19:52:59 | ERROR    | src.exchanges.binance_th_exchange:get_ticker:161 - Failed to get Binance TH ticker for BTC/THB: API Error -1121: Invalid symbol.
2025-09-21 19:52:59 | ERROR    | src.bot:_update_market_data:323 - Failed to update market data for BTC/THB: API Error -1121: Invalid symbol.
2025-09-21 19:52:59 | WARNING  | src.strategies.grid_strategy:analyze:29 - No historical data for BTC/THB
2025-09-21 19:52:59 | ERROR    | src.bot:_update_performance_metrics:488 - Failed to update performance metrics: DatabaseManager.update_bot_status() takes from 3 to 4 positional arguments but 5 were given
2025-09-21 19:52:59 | ERROR    | src.bot:_update_market_data:323 - Failed to update market data for ADA/USDT: module 'pandas' has no attribute 'np'
2025-09-21 19:52:59 | WARNING  | src.strategies.momentum_strategy:analyze:31 - No historical data for ADA/USDT
2025-09-21 19:52:59 | ERROR    | src.bot:_update_performance_metrics:488 - Failed to update performance metrics: DatabaseManager.update_bot_status() takes from 3 to 4 positional arguments but 5 were given
2025-09-21 19:53:00 | INFO     | src.database:update_bot_status:189 - Bot 3050619d-c54b-49ba-a4f4-e328aba8a227 status updated to running
2025-09-21 19:53:00 | ERROR    | src.exchanges.binance_th_exchange:_make_request:106 - API request failed: API Error -1121: Invalid symbol.
2025-09-21 19:53:00 | ERROR    | src.exchanges.binance_th_exchange:get_ticker:161 - Failed to get Binance TH ticker for ETH/THB: API Error -1121: Invalid symbol.
2025-09-21 19:53:00 | ERROR    | src.bot:_update_market_data:323 - Failed to update market data for ETH/THB: API Error -1121: Invalid symbol.
2025-09-21 19:53:00 | WARNING  | src.strategies.momentum_strategy:analyze:31 - No historical data for ETH/THB
2025-09-21 19:53:00 | ERROR    | src.bot:_update_performance_metrics:488 - Failed to update performance metrics: DatabaseManager.update_bot_status() takes from 3 to 4 positional arguments but 5 were given
2025-09-21 19:53:00 | INFO     | src.database:insert_bot_metrics:228 - Bot metrics inserted for 3050619d-c54b-49ba-a4f4-e328aba8a227
2025-09-21 19:53:00 | INFO     | src.database:update_bot_status:189 - Bot 4de519c6-7379-44d9-8df2-9f4c941d1d3b status updated to running
2025-09-21 19:53:00 | INFO     | src.database:insert_bot_metrics:228 - Bot metrics inserted for 4de519c6-7379-44d9-8df2-9f4c941d1d3b
2025-09-21 19:53:06 | INFO     | src.database:update_bot_status:189 - Bot 3bd54ecf-276a-4de4-bdc5-891fc5ba8ee0 status updated to running
2025-09-21 19:53:06 | INFO     | src.database:insert_bot_metrics:228 - Bot metrics inserted for 3bd54ecf-276a-4de4-bdc5-891fc5ba8ee0
2025-09-21 19:53:07 | INFO     | src.bot:_execute_signal:346 - Executing buy signal for ETH/USDT at $4468.7200
2025-09-21 19:53:08 | ERROR    | src.exchanges.binance_th_exchange:_make_request:106 - API request failed: API Error -1111: Parameter 'quantity' has too much precision.
2025-09-21 19:53:08 | ERROR    | src.exchanges.binance_th_exchange:place_order:211 - Failed to place order on Binance TH: API Error -1111: Parameter 'quantity' has too much precision.
2025-09-21 19:53:08 | ERROR    | src.bot:_execute_signal:397 - Failed to execute signal for ETH/USDT: API Error -1111: Parameter 'quantity' has too much precision.
2025-09-21 19:53:08 | INFO     | src.database:update_bot_status:189 - Bot 53834af7-09d6-4312-b695-b1858adc10f5 status updated to running
2025-09-21 19:53:09 | INFO     | src.database:insert_bot_metrics:228 - Bot metrics inserted for 53834af7-09d6-4312-b695-b1858adc10f5
2025-09-21 19:53:52 | ERROR    | src.bot:_update_market_data:323 - Failed to update market data for BTC/USDT: module 'pandas' has no attribute 'np'
2025-09-21 19:53:52 | WARNING  | src.strategies.grid_strategy:analyze:29 - No historical data for BTC/USDT
2025-09-21 19:53:52 | ERROR    | src.bot:_update_performance_metrics:488 - Failed to update performance metrics: DatabaseManager.update_bot_status() takes from 3 to 4 positional arguments but 5 were given
2025-09-21 19:53:54 | ERROR    | src.bot:_update_market_data:323 - Failed to update market data for ETH/USDT: module 'pandas' has no attribute 'np'
2025-09-21 19:53:54 | WARNING  | src.strategies.grid_strategy:analyze:29 - No historical data for ETH/USDT
2025-09-21 19:53:54 | ERROR    | src.bot:_update_performance_metrics:488 - Failed to update performance metrics: DatabaseManager.update_bot_status() takes from 3 to 4 positional arguments but 5 were given
2025-09-21 19:54:00 | INFO     | src.database:update_bot_status:189 - Bot d670f5bd-d334-4228-bf10-930decd14a31 status updated to running
2025-09-21 19:54:00 | ERROR    | src.exchanges.binance_th_exchange:_make_request:106 - API request failed: API Error -1121: Invalid symbol.
2025-09-21 19:54:00 | ERROR    | src.exchanges.binance_th_exchange:get_ticker:161 - Failed to get Binance TH ticker for BTC/THB: API Error -1121: Invalid symbol.
2025-09-21 19:54:00 | ERROR    | src.bot:_update_market_data:323 - Failed to update market data for BTC/THB: API Error -1121: Invalid symbol.
2025-09-21 19:54:00 | WARNING  | src.strategies.grid_strategy:analyze:29 - No historical data for BTC/THB
2025-09-21 19:54:00 | ERROR    | src.bot:_update_performance_metrics:488 - Failed to update performance metrics: DatabaseManager.update_bot_status() takes from 3 to 4 positional arguments but 5 were given
2025-09-21 19:54:00 | INFO     | src.database:insert_bot_metrics:228 - Bot metrics inserted for d670f5bd-d334-4228-bf10-930decd14a31
2025-09-21 19:54:01 | ERROR    | src.exchanges.binance_th_exchange:_make_request:106 - API request failed: API Error -1121: Invalid symbol.
2025-09-21 19:54:01 | ERROR    | src.exchanges.binance_th_exchange:get_ticker:161 - Failed to get Binance TH ticker for ETH/THB: API Error -1121: Invalid symbol.
2025-09-21 19:54:01 | ERROR    | src.bot:_update_market_data:323 - Failed to update market data for ETH/THB: API Error -1121: Invalid symbol.
2025-09-21 19:54:01 | WARNING  | src.strategies.momentum_strategy:analyze:31 - No historical data for ETH/THB
2025-09-21 19:54:01 | ERROR    | src.bot:_update_performance_metrics:488 - Failed to update performance metrics: DatabaseManager.update_bot_status() takes from 3 to 4 positional arguments but 5 were given
2025-09-21 19:54:01 | ERROR    | src.bot:_update_market_data:323 - Failed to update market data for ADA/USDT: module 'pandas' has no attribute 'np'
2025-09-21 19:54:01 | WARNING  | src.strategies.momentum_strategy:analyze:31 - No historical data for ADA/USDT
2025-09-21 19:54:01 | ERROR    | src.bot:_update_performance_metrics:488 - Failed to update performance metrics: DatabaseManager.update_bot_status() takes from 3 to 4 positional arguments but 5 were given
2025-09-21 19:54:01 | INFO     | src.database:update_bot_status:189 - Bot 3050619d-c54b-49ba-a4f4-e328aba8a227 status updated to running
2025-09-21 19:54:01 | INFO     | src.database:insert_bot_metrics:228 - Bot metrics inserted for 3050619d-c54b-49ba-a4f4-e328aba8a227
2025-09-21 19:54:02 | INFO     | src.database:update_bot_status:189 - Bot 4de519c6-7379-44d9-8df2-9f4c941d1d3b status updated to running
2025-09-21 19:54:02 | INFO     | src.database:insert_bot_metrics:228 - Bot metrics inserted for 4de519c6-7379-44d9-8df2-9f4c941d1d3b
2025-09-21 19:54:07 | INFO     | src.database:update_bot_status:189 - Bot 3bd54ecf-276a-4de4-bdc5-891fc5ba8ee0 status updated to running
2025-09-21 19:54:07 | INFO     | src.database:insert_bot_metrics:228 - Bot metrics inserted for 3bd54ecf-276a-4de4-bdc5-891fc5ba8ee0
2025-09-21 19:54:11 | INFO     | src.bot:_execute_signal:346 - Executing buy signal for ETH/USDT at $4468.7200
2025-09-21 19:54:12 | ERROR    | src.exchanges.binance_th_exchange:_make_request:106 - API request failed: API Error -1111: Parameter 'quantity' has too much precision.
2025-09-21 19:54:12 | ERROR    | src.exchanges.binance_th_exchange:place_order:211 - Failed to place order on Binance TH: API Error -1111: Parameter 'quantity' has too much precision.
2025-09-21 19:54:12 | ERROR    | src.bot:_execute_signal:397 - Failed to execute signal for ETH/USDT: API Error -1111: Parameter 'quantity' has too much precision.
2025-09-21 19:54:12 | INFO     | src.database:update_bot_status:189 - Bot 53834af7-09d6-4312-b695-b1858adc10f5 status updated to running
2025-09-21 19:54:12 | INFO     | src.database:insert_bot_metrics:228 - Bot metrics inserted for 53834af7-09d6-4312-b695-b1858adc10f5
2025-09-21 19:54:53 | ERROR    | src.bot:_update_market_data:323 - Failed to update market data for BTC/USDT: module 'pandas' has no attribute 'np'
2025-09-21 19:54:53 | WARNING  | src.strategies.grid_strategy:analyze:29 - No historical data for BTC/USDT
2025-09-21 19:54:53 | ERROR    | src.bot:_update_performance_metrics:488 - Failed to update performance metrics: DatabaseManager.update_bot_status() takes from 3 to 4 positional arguments but 5 were given
2025-09-21 19:54:55 | ERROR    | src.bot:_update_market_data:323 - Failed to update market data for ETH/USDT: module 'pandas' has no attribute 'np'
2025-09-21 19:54:55 | WARNING  | src.strategies.grid_strategy:analyze:29 - No historical data for ETH/USDT
2025-09-21 19:54:55 | ERROR    | src.bot:_update_performance_metrics:488 - Failed to update performance metrics: DatabaseManager.update_bot_status() takes from 3 to 4 positional arguments but 5 were given
2025-09-21 19:55:02 | INFO     | src.database:update_bot_status:189 - Bot d670f5bd-d334-4228-bf10-930decd14a31 status updated to running
2025-09-21 19:55:02 | INFO     | src.database:insert_bot_metrics:228 - Bot metrics inserted for d670f5bd-d334-4228-bf10-930decd14a31
2025-09-21 19:55:02 | ERROR    | src.exchanges.binance_th_exchange:_make_request:106 - API request failed: API Error -1121: Invalid symbol.
2025-09-21 19:55:02 | ERROR    | src.exchanges.binance_th_exchange:get_ticker:161 - Failed to get Binance TH ticker for ETH/THB: API Error -1121: Invalid symbol.
2025-09-21 19:55:02 | ERROR    | src.bot:_update_market_data:323 - Failed to update market data for ETH/THB: API Error -1121: Invalid symbol.
2025-09-21 19:55:02 | WARNING  | src.strategies.momentum_strategy:analyze:31 - No historical data for ETH/THB
2025-09-21 19:55:02 | ERROR    | src.bot:_update_performance_metrics:488 - Failed to update performance metrics: DatabaseManager.update_bot_status() takes from 3 to 4 positional arguments but 5 were given
2025-09-21 19:55:02 | ERROR    | src.bot:_update_market_data:323 - Failed to update market data for ADA/USDT: module 'pandas' has no attribute 'np'
2025-09-21 19:55:02 | WARNING  | src.strategies.momentum_strategy:analyze:31 - No historical data for ADA/USDT
2025-09-21 19:55:02 | ERROR    | src.bot:_update_performance_metrics:488 - Failed to update performance metrics: DatabaseManager.update_bot_status() takes from 3 to 4 positional arguments but 5 were given
2025-09-21 19:55:03 | INFO     | src.database:update_bot_status:189 - Bot 3050619d-c54b-49ba-a4f4-e328aba8a227 status updated to running
2025-09-21 19:55:03 | INFO     | src.database:insert_bot_metrics:228 - Bot metrics inserted for 3050619d-c54b-49ba-a4f4-e328aba8a227
2025-09-21 19:55:03 | ERROR    | src.exchanges.binance_th_exchange:_make_request:106 - API request failed: API Error -1121: Invalid symbol.
2025-09-21 19:55:03 | ERROR    | src.exchanges.binance_th_exchange:get_ticker:161 - Failed to get Binance TH ticker for BTC/THB: API Error -1121: Invalid symbol.
2025-09-21 19:55:03 | ERROR    | src.bot:_update_market_data:323 - Failed to update market data for BTC/THB: API Error -1121: Invalid symbol.
2025-09-21 19:55:03 | WARNING  | src.strategies.grid_strategy:analyze:29 - No historical data for BTC/THB
2025-09-21 19:55:03 | ERROR    | src.bot:_update_performance_metrics:488 - Failed to update performance metrics: DatabaseManager.update_bot_status() takes from 3 to 4 positional arguments but 5 were given
2025-09-21 19:55:03 | INFO     | src.database:update_bot_status:189 - Bot 4de519c6-7379-44d9-8df2-9f4c941d1d3b status updated to running
2025-09-21 19:55:04 | INFO     | src.database:insert_bot_metrics:228 - Bot metrics inserted for 4de519c6-7379-44d9-8df2-9f4c941d1d3b
2025-09-21 19:55:08 | INFO     | src.database:update_bot_status:189 - Bot 3bd54ecf-276a-4de4-bdc5-891fc5ba8ee0 status updated to running
2025-09-21 19:55:08 | INFO     | src.database:insert_bot_metrics:228 - Bot metrics inserted for 3bd54ecf-276a-4de4-bdc5-891fc5ba8ee0
2025-09-21 19:55:13 | INFO     | src.database:update_bot_status:189 - Bot 53834af7-09d6-4312-b695-b1858adc10f5 status updated to running
2025-09-21 19:55:13 | INFO     | src.database:insert_bot_metrics:228 - Bot metrics inserted for 53834af7-09d6-4312-b695-b1858adc10f5
2025-09-21 19:55:54 | ERROR    | src.bot:_update_market_data:323 - Failed to update market data for BTC/USDT: module 'pandas' has no attribute 'np'
2025-09-21 19:55:54 | WARNING  | src.strategies.grid_strategy:analyze:29 - No historical data for BTC/USDT
2025-09-21 19:55:54 | ERROR    | src.bot:_update_performance_metrics:488 - Failed to update performance metrics: DatabaseManager.update_bot_status() takes from 3 to 4 positional arguments but 5 were given
2025-09-21 19:55:56 | ERROR    | src.bot:_update_market_data:323 - Failed to update market data for ETH/USDT: module 'pandas' has no attribute 'np'
2025-09-21 19:55:56 | WARNING  | src.strategies.grid_strategy:analyze:29 - No historical data for ETH/USDT
2025-09-21 19:55:56 | ERROR    | src.bot:_update_performance_metrics:488 - Failed to update performance metrics: DatabaseManager.update_bot_status() takes from 3 to 4 positional arguments but 5 were given
2025-09-21 19:56:03 | ERROR    | src.exchanges.binance_th_exchange:_make_request:106 - API request failed: API Error -1121: Invalid symbol.
2025-09-21 19:56:03 | ERROR    | src.exchanges.binance_th_exchange:get_ticker:161 - Failed to get Binance TH ticker for ETH/THB: API Error -1121: Invalid symbol.
2025-09-21 19:56:03 | ERROR    | src.bot:_update_market_data:323 - Failed to update market data for ETH/THB: API Error -1121: Invalid symbol.
2025-09-21 19:56:03 | WARNING  | src.strategies.momentum_strategy:analyze:31 - No historical data for ETH/THB
2025-09-21 19:56:03 | ERROR    | src.bot:_update_performance_metrics:488 - Failed to update performance metrics: DatabaseManager.update_bot_status() takes from 3 to 4 positional arguments but 5 were given
2025-09-21 19:56:03 | INFO     | src.database:update_bot_status:189 - Bot d670f5bd-d334-4228-bf10-930decd14a31 status updated to running
2025-09-21 19:56:03 | INFO     | src.database:insert_bot_metrics:228 - Bot metrics inserted for d670f5bd-d334-4228-bf10-930decd14a31
2025-09-21 19:56:04 | ERROR    | src.bot:_update_market_data:323 - Failed to update market data for ADA/USDT: module 'pandas' has no attribute 'np'
2025-09-21 19:56:04 | WARNING  | src.strategies.momentum_strategy:analyze:31 - No historical data for ADA/USDT
2025-09-21 19:56:04 | ERROR    | src.bot:_update_performance_metrics:488 - Failed to update performance metrics: DatabaseManager.update_bot_status() takes from 3 to 4 positional arguments but 5 were given
2025-09-21 19:56:04 | ERROR    | src.exchanges.binance_th_exchange:_make_request:106 - API request failed: API Error -1121: Invalid symbol.
2025-09-21 19:56:04 | ERROR    | src.exchanges.binance_th_exchange:get_ticker:161 - Failed to get Binance TH ticker for BTC/THB: API Error -1121: Invalid symbol.
2025-09-21 19:56:04 | ERROR    | src.bot:_update_market_data:323 - Failed to update market data for BTC/THB: API Error -1121: Invalid symbol.
2025-09-21 19:56:04 | WARNING  | src.strategies.grid_strategy:analyze:29 - No historical data for BTC/THB
2025-09-21 19:56:04 | ERROR    | src.bot:_update_performance_metrics:488 - Failed to update performance metrics: DatabaseManager.update_bot_status() takes from 3 to 4 positional arguments but 5 were given
2025-09-21 19:56:05 | INFO     | src.database:update_bot_status:189 - Bot 3050619d-c54b-49ba-a4f4-e328aba8a227 status updated to running
2025-09-21 19:56:05 | INFO     | src.database:insert_bot_metrics:228 - Bot metrics inserted for 3050619d-c54b-49ba-a4f4-e328aba8a227
2025-09-21 19:56:05 | INFO     | src.database:update_bot_status:189 - Bot 4de519c6-7379-44d9-8df2-9f4c941d1d3b status updated to running
2025-09-21 19:56:05 | INFO     | src.database:insert_bot_metrics:228 - Bot metrics inserted for 4de519c6-7379-44d9-8df2-9f4c941d1d3b
2025-09-21 19:56:10 | INFO     | src.database:update_bot_status:189 - Bot 3bd54ecf-276a-4de4-bdc5-891fc5ba8ee0 status updated to running
2025-09-21 19:56:10 | INFO     | src.database:insert_bot_metrics:228 - Bot metrics inserted for 3bd54ecf-276a-4de4-bdc5-891fc5ba8ee0
2025-09-21 19:56:14 | INFO     | src.bot:_execute_signal:346 - Executing buy signal for ETH/USDT at $4468.7200
2025-09-21 19:56:15 | ERROR    | src.exchanges.binance_th_exchange:_make_request:106 - API request failed: API Error -1111: Parameter 'quantity' has too much precision.
2025-09-21 19:56:15 | ERROR    | src.exchanges.binance_th_exchange:place_order:211 - Failed to place order on Binance TH: API Error -1111: Parameter 'quantity' has too much precision.
2025-09-21 19:56:15 | ERROR    | src.bot:_execute_signal:397 - Failed to execute signal for ETH/USDT: API Error -1111: Parameter 'quantity' has too much precision.
2025-09-21 19:56:15 | INFO     | src.database:update_bot_status:189 - Bot 53834af7-09d6-4312-b695-b1858adc10f5 status updated to running
2025-09-21 19:56:15 | INFO     | src.database:insert_bot_metrics:228 - Bot metrics inserted for 53834af7-09d6-4312-b695-b1858adc10f5
2025-09-21 19:56:56 | ERROR    | src.bot:_update_market_data:323 - Failed to update market data for BTC/USDT: module 'pandas' has no attribute 'np'
2025-09-21 19:56:56 | WARNING  | src.strategies.grid_strategy:analyze:29 - No historical data for BTC/USDT
2025-09-21 19:56:56 | ERROR    | src.bot:_update_performance_metrics:488 - Failed to update performance metrics: DatabaseManager.update_bot_status() takes from 3 to 4 positional arguments but 5 were given
2025-09-21 19:56:58 | ERROR    | src.bot:_update_market_data:323 - Failed to update market data for ETH/USDT: module 'pandas' has no attribute 'np'
2025-09-21 19:56:58 | WARNING  | src.strategies.grid_strategy:analyze:29 - No historical data for ETH/USDT
2025-09-21 19:56:58 | ERROR    | src.bot:_update_performance_metrics:488 - Failed to update performance metrics: DatabaseManager.update_bot_status() takes from 3 to 4 positional arguments but 5 were given
2025-09-21 19:57:04 | ERROR    | src.exchanges.binance_th_exchange:_make_request:106 - API request failed: API Error -1121: Invalid symbol.
2025-09-21 19:57:04 | ERROR    | src.exchanges.binance_th_exchange:get_ticker:161 - Failed to get Binance TH ticker for ETH/THB: API Error -1121: Invalid symbol.
2025-09-21 19:57:04 | ERROR    | src.bot:_update_market_data:323 - Failed to update market data for ETH/THB: API Error -1121: Invalid symbol.
2025-09-21 19:57:04 | WARNING  | src.strategies.momentum_strategy:analyze:31 - No historical data for ETH/THB
2025-09-21 19:57:04 | ERROR    | src.bot:_update_performance_metrics:488 - Failed to update performance metrics: DatabaseManager.update_bot_status() takes from 3 to 4 positional arguments but 5 were given
2025-09-21 19:57:05 | INFO     | src.database:update_bot_status:189 - Bot d670f5bd-d334-4228-bf10-930decd14a31 status updated to running
2025-09-21 19:57:05 | INFO     | src.database:insert_bot_metrics:228 - Bot metrics inserted for d670f5bd-d334-4228-bf10-930decd14a31
2025-09-21 19:57:05 | ERROR    | src.bot:_update_market_data:323 - Failed to update market data for ADA/USDT: module 'pandas' has no attribute 'np'
2025-09-21 19:57:05 | WARNING  | src.strategies.momentum_strategy:analyze:31 - No historical data for ADA/USDT
2025-09-21 19:57:05 | ERROR    | src.bot:_update_performance_metrics:488 - Failed to update performance metrics: DatabaseManager.update_bot_status() takes from 3 to 4 positional arguments but 5 were given
2025-09-21 19:57:05 | ERROR    | src.exchanges.binance_th_exchange:_make_request:106 - API request failed: API Error -1121: Invalid symbol.
2025-09-21 19:57:05 | ERROR    | src.exchanges.binance_th_exchange:get_ticker:161 - Failed to get Binance TH ticker for BTC/THB: API Error -1121: Invalid symbol.
2025-09-21 19:57:05 | ERROR    | src.bot:_update_market_data:323 - Failed to update market data for BTC/THB: API Error -1121: Invalid symbol.
2025-09-21 19:57:05 | WARNING  | src.strategies.grid_strategy:analyze:29 - No historical data for BTC/THB
2025-09-21 19:57:05 | ERROR    | src.bot:_update_performance_metrics:488 - Failed to update performance metrics: DatabaseManager.update_bot_status() takes from 3 to 4 positional arguments but 5 were given
2025-09-21 19:57:06 | INFO     | src.database:update_bot_status:189 - Bot 3050619d-c54b-49ba-a4f4-e328aba8a227 status updated to running
2025-09-21 19:57:06 | INFO     | src.database:insert_bot_metrics:228 - Bot metrics inserted for 3050619d-c54b-49ba-a4f4-e328aba8a227
2025-09-21 19:57:06 | INFO     | src.database:update_bot_status:189 - Bot 4de519c6-7379-44d9-8df2-9f4c941d1d3b status updated to running
2025-09-21 19:57:07 | INFO     | src.database:insert_bot_metrics:228 - Bot metrics inserted for 4de519c6-7379-44d9-8df2-9f4c941d1d3b
2025-09-21 19:57:11 | INFO     | src.database:update_bot_status:189 - Bot 3bd54ecf-276a-4de4-bdc5-891fc5ba8ee0 status updated to running
2025-09-21 19:57:11 | INFO     | src.database:insert_bot_metrics:228 - Bot metrics inserted for 3bd54ecf-276a-4de4-bdc5-891fc5ba8ee0
2025-09-21 19:57:17 | INFO     | src.database:update_bot_status:189 - Bot 53834af7-09d6-4312-b695-b1858adc10f5 status updated to running
2025-09-21 19:57:17 | INFO     | src.database:insert_bot_metrics:228 - Bot metrics inserted for 53834af7-09d6-4312-b695-b1858adc10f5
2025-09-21 19:57:57 | ERROR    | src.bot:_update_market_data:323 - Failed to update market data for BTC/USDT: module 'pandas' has no attribute 'np'
2025-09-21 19:57:57 | WARNING  | src.strategies.grid_strategy:analyze:29 - No historical data for BTC/USDT
2025-09-21 19:57:57 | ERROR    | src.bot:_update_performance_metrics:488 - Failed to update performance metrics: DatabaseManager.update_bot_status() takes from 3 to 4 positional arguments but 5 were given
2025-09-21 19:57:59 | ERROR    | src.bot:_update_market_data:323 - Failed to update market data for ETH/USDT: module 'pandas' has no attribute 'np'
2025-09-21 19:57:59 | WARNING  | src.strategies.grid_strategy:analyze:29 - No historical data for ETH/USDT
2025-09-21 19:57:59 | ERROR    | src.bot:_update_performance_metrics:488 - Failed to update performance metrics: DatabaseManager.update_bot_status() takes from 3 to 4 positional arguments but 5 were given
2025-09-21 19:58:06 | ERROR    | src.exchanges.binance_th_exchange:_make_request:106 - API request failed: API Error -1121: Invalid symbol.
2025-09-21 19:58:06 | ERROR    | src.exchanges.binance_th_exchange:get_ticker:161 - Failed to get Binance TH ticker for ETH/THB: API Error -1121: Invalid symbol.
2025-09-21 19:58:06 | ERROR    | src.bot:_update_market_data:323 - Failed to update market data for ETH/THB: API Error -1121: Invalid symbol.
2025-09-21 19:58:06 | WARNING  | src.strategies.momentum_strategy:analyze:31 - No historical data for ETH/THB
2025-09-21 19:58:06 | ERROR    | src.bot:_update_performance_metrics:488 - Failed to update performance metrics: DatabaseManager.update_bot_status() takes from 3 to 4 positional arguments but 5 were given
2025-09-21 19:58:06 | ERROR    | src.bot:_update_market_data:323 - Failed to update market data for ADA/USDT: module 'pandas' has no attribute 'np'
2025-09-21 19:58:06 | WARNING  | src.strategies.momentum_strategy:analyze:31 - No historical data for ADA/USDT
2025-09-21 19:58:06 | ERROR    | src.bot:_update_performance_metrics:488 - Failed to update performance metrics: DatabaseManager.update_bot_status() takes from 3 to 4 positional arguments but 5 were given
2025-09-21 19:58:06 | INFO     | src.database:update_bot_status:189 - Bot d670f5bd-d334-4228-bf10-930decd14a31 status updated to running
2025-09-21 19:58:07 | INFO     | src.database:insert_bot_metrics:228 - Bot metrics inserted for d670f5bd-d334-4228-bf10-930decd14a31
2025-09-21 19:58:07 | ERROR    | src.exchanges.binance_th_exchange:_make_request:106 - API request failed: API Error -1121: Invalid symbol.
2025-09-21 19:58:07 | ERROR    | src.exchanges.binance_th_exchange:get_ticker:161 - Failed to get Binance TH ticker for BTC/THB: API Error -1121: Invalid symbol.
2025-09-21 19:58:07 | ERROR    | src.bot:_update_market_data:323 - Failed to update market data for BTC/THB: API Error -1121: Invalid symbol.
2025-09-21 19:58:07 | WARNING  | src.strategies.grid_strategy:analyze:29 - No historical data for BTC/THB
2025-09-21 19:58:07 | ERROR    | src.bot:_update_performance_metrics:488 - Failed to update performance metrics: DatabaseManager.update_bot_status() takes from 3 to 4 positional arguments but 5 were given
2025-09-21 19:58:08 | INFO     | src.database:update_bot_status:189 - Bot 3050619d-c54b-49ba-a4f4-e328aba8a227 status updated to running
2025-09-21 19:58:08 | INFO     | src.database:insert_bot_metrics:228 - Bot metrics inserted for 3050619d-c54b-49ba-a4f4-e328aba8a227
2025-09-21 19:58:08 | INFO     | src.database:update_bot_status:189 - Bot 4de519c6-7379-44d9-8df2-9f4c941d1d3b status updated to running
2025-09-21 19:58:08 | INFO     | src.database:insert_bot_metrics:228 - Bot metrics inserted for 4de519c6-7379-44d9-8df2-9f4c941d1d3b
2025-09-21 19:58:13 | INFO     | src.database:update_bot_status:189 - Bot 3bd54ecf-276a-4de4-bdc5-891fc5ba8ee0 status updated to running
2025-09-21 19:58:13 | INFO     | src.database:insert_bot_metrics:228 - Bot metrics inserted for 3bd54ecf-276a-4de4-bdc5-891fc5ba8ee0
2025-09-21 19:58:19 | INFO     | src.bot:_execute_signal:346 - Executing buy signal for ETH/USDT at $4468.3800
2025-09-21 19:58:20 | ERROR    | src.exchanges.binance_th_exchange:_make_request:106 - API request failed: API Error -1111: Parameter 'quantity' has too much precision.
2025-09-21 19:58:20 | ERROR    | src.exchanges.binance_th_exchange:place_order:211 - Failed to place order on Binance TH: API Error -1111: Parameter 'quantity' has too much precision.
2025-09-21 19:58:20 | ERROR    | src.bot:_execute_signal:397 - Failed to execute signal for ETH/USDT: API Error -1111: Parameter 'quantity' has too much precision.
2025-09-21 19:58:20 | INFO     | src.database:update_bot_status:189 - Bot 53834af7-09d6-4312-b695-b1858adc10f5 status updated to running
2025-09-21 19:58:20 | INFO     | src.database:insert_bot_metrics:228 - Bot metrics inserted for 53834af7-09d6-4312-b695-b1858adc10f5
2025-09-21 19:58:58 | ERROR    | src.bot:_update_market_data:323 - Failed to update market data for BTC/USDT: module 'pandas' has no attribute 'np'
2025-09-21 19:58:58 | WARNING  | src.strategies.grid_strategy:analyze:29 - No historical data for BTC/USDT
2025-09-21 19:58:58 | ERROR    | src.bot:_update_performance_metrics:488 - Failed to update performance metrics: DatabaseManager.update_bot_status() takes from 3 to 4 positional arguments but 5 were given
2025-09-21 19:59:01 | ERROR    | src.bot:_update_market_data:323 - Failed to update market data for ETH/USDT: module 'pandas' has no attribute 'np'
2025-09-21 19:59:01 | WARNING  | src.strategies.grid_strategy:analyze:29 - No historical data for ETH/USDT
2025-09-21 19:59:01 | ERROR    | src.bot:_update_performance_metrics:488 - Failed to update performance metrics: DatabaseManager.update_bot_status() takes from 3 to 4 positional arguments but 5 were given
2025-09-21 19:59:07 | ERROR    | src.exchanges.binance_th_exchange:_make_request:106 - API request failed: API Error -1121: Invalid symbol.
2025-09-21 19:59:07 | ERROR    | src.exchanges.binance_th_exchange:get_ticker:161 - Failed to get Binance TH ticker for ETH/THB: API Error -1121: Invalid symbol.
2025-09-21 19:59:07 | ERROR    | src.bot:_update_market_data:323 - Failed to update market data for ETH/THB: API Error -1121: Invalid symbol.
2025-09-21 19:59:07 | WARNING  | src.strategies.momentum_strategy:analyze:31 - No historical data for ETH/THB
2025-09-21 19:59:07 | ERROR    | src.bot:_update_performance_metrics:488 - Failed to update performance metrics: DatabaseManager.update_bot_status() takes from 3 to 4 positional arguments but 5 were given
2025-09-21 19:59:08 | ERROR    | src.bot:_update_market_data:323 - Failed to update market data for ADA/USDT: module 'pandas' has no attribute 'np'
2025-09-21 19:59:08 | WARNING  | src.strategies.momentum_strategy:analyze:31 - No historical data for ADA/USDT
2025-09-21 19:59:08 | ERROR    | src.bot:_update_performance_metrics:488 - Failed to update performance metrics: DatabaseManager.update_bot_status() takes from 3 to 4 positional arguments but 5 were given
2025-09-21 19:59:08 | INFO     | src.database:update_bot_status:189 - Bot d670f5bd-d334-4228-bf10-930decd14a31 status updated to running
2025-09-21 19:59:08 | INFO     | src.database:insert_bot_metrics:228 - Bot metrics inserted for d670f5bd-d334-4228-bf10-930decd14a31
2025-09-21 19:59:08 | ERROR    | src.exchanges.binance_th_exchange:_make_request:106 - API request failed: API Error -1121: Invalid symbol.
2025-09-21 19:59:08 | ERROR    | src.exchanges.binance_th_exchange:get_ticker:161 - Failed to get Binance TH ticker for BTC/THB: API Error -1121: Invalid symbol.
2025-09-21 19:59:08 | ERROR    | src.bot:_update_market_data:323 - Failed to update market data for BTC/THB: API Error -1121: Invalid symbol.
2025-09-21 19:59:08 | WARNING  | src.strategies.grid_strategy:analyze:29 - No historical data for BTC/THB
2025-09-21 19:59:08 | ERROR    | src.bot:_update_performance_metrics:488 - Failed to update performance metrics: DatabaseManager.update_bot_status() takes from 3 to 4 positional arguments but 5 were given
2025-09-21 19:59:09 | INFO     | src.database:update_bot_status:189 - Bot 3050619d-c54b-49ba-a4f4-e328aba8a227 status updated to running
2025-09-21 19:59:09 | INFO     | src.database:insert_bot_metrics:228 - Bot metrics inserted for 3050619d-c54b-49ba-a4f4-e328aba8a227
2025-09-21 19:59:10 | INFO     | src.database:update_bot_status:189 - Bot 4de519c6-7379-44d9-8df2-9f4c941d1d3b status updated to running
2025-09-21 19:59:10 | INFO     | src.database:insert_bot_metrics:228 - Bot metrics inserted for 4de519c6-7379-44d9-8df2-9f4c941d1d3b
2025-09-21 19:59:14 | INFO     | src.database:update_bot_status:189 - Bot 3bd54ecf-276a-4de4-bdc5-891fc5ba8ee0 status updated to running
2025-09-21 19:59:14 | INFO     | src.database:insert_bot_metrics:228 - Bot metrics inserted for 3bd54ecf-276a-4de4-bdc5-891fc5ba8ee0
2025-09-21 19:59:21 | INFO     | src.database:update_bot_status:189 - Bot 53834af7-09d6-4312-b695-b1858adc10f5 status updated to running
2025-09-21 19:59:22 | INFO     | src.database:insert_bot_metrics:228 - Bot metrics inserted for 53834af7-09d6-4312-b695-b1858adc10f5
2025-09-21 20:00:00 | ERROR    | src.bot:_update_market_data:323 - Failed to update market data for BTC/USDT: module 'pandas' has no attribute 'np'
2025-09-21 20:00:00 | WARNING  | src.strategies.grid_strategy:analyze:29 - No historical data for BTC/USDT
2025-09-21 20:00:00 | ERROR    | src.bot:_update_performance_metrics:488 - Failed to update performance metrics: DatabaseManager.update_bot_status() takes from 3 to 4 positional arguments but 5 were given
2025-09-21 20:00:02 | ERROR    | src.bot:_update_market_data:323 - Failed to update market data for ETH/USDT: module 'pandas' has no attribute 'np'
2025-09-21 20:00:02 | WARNING  | src.strategies.grid_strategy:analyze:29 - No historical data for ETH/USDT
2025-09-21 20:00:02 | ERROR    | src.bot:_update_performance_metrics:488 - Failed to update performance metrics: DatabaseManager.update_bot_status() takes from 3 to 4 positional arguments but 5 were given
2025-09-21 20:00:08 | ERROR    | src.exchanges.binance_th_exchange:_make_request:106 - API request failed: API Error -1121: Invalid symbol.
2025-09-21 20:00:08 | ERROR    | src.exchanges.binance_th_exchange:get_ticker:161 - Failed to get Binance TH ticker for ETH/THB: API Error -1121: Invalid symbol.
2025-09-21 20:00:08 | ERROR    | src.bot:_update_market_data:323 - Failed to update market data for ETH/THB: API Error -1121: Invalid symbol.
2025-09-21 20:00:08 | WARNING  | src.strategies.momentum_strategy:analyze:31 - No historical data for ETH/THB
2025-09-21 20:00:08 | ERROR    | src.bot:_update_performance_metrics:488 - Failed to update performance metrics: DatabaseManager.update_bot_status() takes from 3 to 4 positional arguments but 5 were given
2025-09-21 20:00:09 | ERROR    | src.bot:_update_market_data:323 - Failed to update market data for ADA/USDT: module 'pandas' has no attribute 'np'
2025-09-21 20:00:09 | WARNING  | src.strategies.momentum_strategy:analyze:31 - No historical data for ADA/USDT
2025-09-21 20:00:09 | ERROR    | src.bot:_update_performance_metrics:488 - Failed to update performance metrics: DatabaseManager.update_bot_status() takes from 3 to 4 positional arguments but 5 were given
2025-09-21 20:00:09 | INFO     | src.database:update_bot_status:189 - Bot d670f5bd-d334-4228-bf10-930decd14a31 status updated to running
2025-09-21 20:00:09 | INFO     | src.database:insert_bot_metrics:228 - Bot metrics inserted for d670f5bd-d334-4228-bf10-930decd14a31
2025-09-21 20:00:10 | ERROR    | src.exchanges.binance_th_exchange:_make_request:106 - API request failed: API Error -1121: Invalid symbol.
2025-09-21 20:00:10 | ERROR    | src.exchanges.binance_th_exchange:get_ticker:161 - Failed to get Binance TH ticker for BTC/THB: API Error -1121: Invalid symbol.
2025-09-21 20:00:10 | ERROR    | src.bot:_update_market_data:323 - Failed to update market data for BTC/THB: API Error -1121: Invalid symbol.
2025-09-21 20:00:10 | WARNING  | src.strategies.grid_strategy:analyze:29 - No historical data for BTC/THB
2025-09-21 20:00:10 | ERROR    | src.bot:_update_performance_metrics:488 - Failed to update performance metrics: DatabaseManager.update_bot_status() takes from 3 to 4 positional arguments but 5 were given
2025-09-21 20:00:11 | INFO     | src.database:update_bot_status:189 - Bot 3050619d-c54b-49ba-a4f4-e328aba8a227 status updated to running
2025-09-21 20:00:11 | INFO     | src.database:insert_bot_metrics:228 - Bot metrics inserted for 3050619d-c54b-49ba-a4f4-e328aba8a227
2025-09-21 20:00:11 | INFO     | src.database:update_bot_status:189 - Bot 4de519c6-7379-44d9-8df2-9f4c941d1d3b status updated to running
2025-09-21 20:00:11 | INFO     | src.database:insert_bot_metrics:228 - Bot metrics inserted for 4de519c6-7379-44d9-8df2-9f4c941d1d3b
2025-09-21 20:00:16 | INFO     | src.database:update_bot_status:189 - Bot 3bd54ecf-276a-4de4-bdc5-891fc5ba8ee0 status updated to running
2025-09-21 20:00:16 | INFO     | src.database:insert_bot_metrics:228 - Bot metrics inserted for 3bd54ecf-276a-4de4-bdc5-891fc5ba8ee0
2025-09-21 20:00:23 | INFO     | src.database:update_bot_status:189 - Bot 53834af7-09d6-4312-b695-b1858adc10f5 status updated to running
2025-09-21 20:00:23 | INFO     | src.database:insert_bot_metrics:228 - Bot metrics inserted for 53834af7-09d6-4312-b695-b1858adc10f5
2025-09-21 20:01:01 | ERROR    | src.bot:_update_market_data:323 - Failed to update market data for BTC/USDT: module 'pandas' has no attribute 'np'
2025-09-21 20:01:01 | WARNING  | src.strategies.grid_strategy:analyze:29 - No historical data for BTC/USDT
2025-09-21 20:01:01 | ERROR    | src.bot:_update_performance_metrics:488 - Failed to update performance metrics: DatabaseManager.update_bot_status() takes from 3 to 4 positional arguments but 5 were given
2025-09-21 20:01:03 | ERROR    | src.bot:_update_market_data:323 - Failed to update market data for ETH/USDT: module 'pandas' has no attribute 'np'
2025-09-21 20:01:03 | WARNING  | src.strategies.grid_strategy:analyze:29 - No historical data for ETH/USDT
2025-09-21 20:01:03 | ERROR    | src.bot:_update_performance_metrics:488 - Failed to update performance metrics: DatabaseManager.update_bot_status() takes from 3 to 4 positional arguments but 5 were given
2025-09-21 20:01:10 | ERROR    | src.exchanges.binance_th_exchange:_make_request:106 - API request failed: API Error -1121: Invalid symbol.
2025-09-21 20:01:10 | ERROR    | src.exchanges.binance_th_exchange:get_ticker:161 - Failed to get Binance TH ticker for ETH/THB: API Error -1121: Invalid symbol.
2025-09-21 20:01:10 | ERROR    | src.bot:_update_market_data:323 - Failed to update market data for ETH/THB: API Error -1121: Invalid symbol.
2025-09-21 20:01:10 | WARNING  | src.strategies.momentum_strategy:analyze:31 - No historical data for ETH/THB
2025-09-21 20:01:10 | ERROR    | src.bot:_update_performance_metrics:488 - Failed to update performance metrics: DatabaseManager.update_bot_status() takes from 3 to 4 positional arguments but 5 were given
2025-09-21 20:01:10 | ERROR    | src.bot:_update_market_data:323 - Failed to update market data for ADA/USDT: module 'pandas' has no attribute 'np'
2025-09-21 20:01:10 | WARNING  | src.strategies.momentum_strategy:analyze:31 - No historical data for ADA/USDT
2025-09-21 20:01:10 | ERROR    | src.bot:_update_performance_metrics:488 - Failed to update performance metrics: DatabaseManager.update_bot_status() takes from 3 to 4 positional arguments but 5 were given
2025-09-21 20:01:11 | INFO     | src.database:update_bot_status:189 - Bot d670f5bd-d334-4228-bf10-930decd14a31 status updated to running
2025-09-21 20:01:11 | INFO     | src.database:insert_bot_metrics:228 - Bot metrics inserted for d670f5bd-d334-4228-bf10-930decd14a31
2025-09-21 20:01:11 | ERROR    | src.exchanges.binance_th_exchange:_make_request:106 - API request failed: API Error -1121: Invalid symbol.
2025-09-21 20:01:11 | ERROR    | src.exchanges.binance_th_exchange:get_ticker:161 - Failed to get Binance TH ticker for BTC/THB: API Error -1121: Invalid symbol.
2025-09-21 20:01:11 | ERROR    | src.bot:_update_market_data:323 - Failed to update market data for BTC/THB: API Error -1121: Invalid symbol.
2025-09-21 20:01:11 | WARNING  | src.strategies.grid_strategy:analyze:29 - No historical data for BTC/THB
2025-09-21 20:01:11 | ERROR    | src.bot:_update_performance_metrics:488 - Failed to update performance metrics: DatabaseManager.update_bot_status() takes from 3 to 4 positional arguments but 5 were given
2025-09-21 20:01:12 | INFO     | src.database:update_bot_status:189 - Bot 3050619d-c54b-49ba-a4f4-e328aba8a227 status updated to running
2025-09-21 20:01:13 | INFO     | src.database:insert_bot_metrics:228 - Bot metrics inserted for 3050619d-c54b-49ba-a4f4-e328aba8a227
2025-09-21 20:01:13 | INFO     | src.database:update_bot_status:189 - Bot 4de519c6-7379-44d9-8df2-9f4c941d1d3b status updated to running
2025-09-21 20:01:13 | INFO     | src.database:insert_bot_metrics:228 - Bot metrics inserted for 4de519c6-7379-44d9-8df2-9f4c941d1d3b
2025-09-21 20:01:17 | INFO     | src.database:update_bot_status:189 - Bot 3bd54ecf-276a-4de4-bdc5-891fc5ba8ee0 status updated to running
2025-09-21 20:01:18 | INFO     | src.database:insert_bot_metrics:228 - Bot metrics inserted for 3bd54ecf-276a-4de4-bdc5-891fc5ba8ee0
2025-09-21 20:01:25 | INFO     | src.database:update_bot_status:189 - Bot 53834af7-09d6-4312-b695-b1858adc10f5 status updated to running
2025-09-21 20:01:25 | INFO     | src.database:insert_bot_metrics:228 - Bot metrics inserted for 53834af7-09d6-4312-b695-b1858adc10f5
2025-09-21 20:02:02 | ERROR    | src.bot:_update_market_data:323 - Failed to update market data for BTC/USDT: module 'pandas' has no attribute 'np'
2025-09-21 20:02:02 | WARNING  | src.strategies.grid_strategy:analyze:29 - No historical data for BTC/USDT
2025-09-21 20:02:02 | ERROR    | src.bot:_update_performance_metrics:488 - Failed to update performance metrics: DatabaseManager.update_bot_status() takes from 3 to 4 positional arguments but 5 were given
2025-09-21 20:02:05 | ERROR    | src.bot:_update_market_data:323 - Failed to update market data for ETH/USDT: module 'pandas' has no attribute 'np'
2025-09-21 20:02:05 | WARNING  | src.strategies.grid_strategy:analyze:29 - No historical data for ETH/USDT
2025-09-21 20:02:05 | ERROR    | src.bot:_update_performance_metrics:488 - Failed to update performance metrics: DatabaseManager.update_bot_status() takes from 3 to 4 positional arguments but 5 were given
2025-09-21 20:02:11 | ERROR    | src.bot:_update_market_data:323 - Failed to update market data for ADA/USDT: module 'pandas' has no attribute 'np'
2025-09-21 20:02:11 | WARNING  | src.strategies.momentum_strategy:analyze:31 - No historical data for ADA/USDT
2025-09-21 20:02:11 | ERROR    | src.bot:_update_performance_metrics:488 - Failed to update performance metrics: DatabaseManager.update_bot_status() takes from 3 to 4 positional arguments but 5 were given
2025-09-21 20:02:11 | ERROR    | src.exchanges.binance_th_exchange:_make_request:106 - API request failed: API Error -1121: Invalid symbol.
2025-09-21 20:02:11 | ERROR    | src.exchanges.binance_th_exchange:get_ticker:161 - Failed to get Binance TH ticker for ETH/THB: API Error -1121: Invalid symbol.
2025-09-21 20:02:11 | ERROR    | src.bot:_update_market_data:323 - Failed to update market data for ETH/THB: API Error -1121: Invalid symbol.
2025-09-21 20:02:11 | WARNING  | src.strategies.momentum_strategy:analyze:31 - No historical data for ETH/THB
2025-09-21 20:02:11 | ERROR    | src.bot:_update_performance_metrics:488 - Failed to update performance metrics: DatabaseManager.update_bot_status() takes from 3 to 4 positional arguments but 5 were given
2025-09-21 20:02:12 | INFO     | src.database:update_bot_status:189 - Bot d670f5bd-d334-4228-bf10-930decd14a31 status updated to running
2025-09-21 20:02:12 | INFO     | src.database:insert_bot_metrics:228 - Bot metrics inserted for d670f5bd-d334-4228-bf10-930decd14a31
2025-09-21 20:02:13 | ERROR    | src.exchanges.binance_th_exchange:_make_request:106 - API request failed: API Error -1121: Invalid symbol.
2025-09-21 20:02:13 | ERROR    | src.exchanges.binance_th_exchange:get_ticker:161 - Failed to get Binance TH ticker for BTC/THB: API Error -1121: Invalid symbol.
2025-09-21 20:02:13 | ERROR    | src.bot:_update_market_data:323 - Failed to update market data for BTC/THB: API Error -1121: Invalid symbol.
2025-09-21 20:02:13 | WARNING  | src.strategies.grid_strategy:analyze:29 - No historical data for BTC/THB
2025-09-21 20:02:13 | ERROR    | src.bot:_update_performance_metrics:488 - Failed to update performance metrics: DatabaseManager.update_bot_status() takes from 3 to 4 positional arguments but 5 were given
2025-09-21 20:02:14 | INFO     | src.database:update_bot_status:189 - Bot 3050619d-c54b-49ba-a4f4-e328aba8a227 status updated to running
2025-09-21 20:02:14 | INFO     | src.database:insert_bot_metrics:228 - Bot metrics inserted for 3050619d-c54b-49ba-a4f4-e328aba8a227
2025-09-21 20:02:14 | INFO     | src.database:update_bot_status:189 - Bot 4de519c6-7379-44d9-8df2-9f4c941d1d3b status updated to running
2025-09-21 20:02:14 | INFO     | src.database:insert_bot_metrics:228 - Bot metrics inserted for 4de519c6-7379-44d9-8df2-9f4c941d1d3b
2025-09-21 20:02:20 | INFO     | src.database:update_bot_status:189 - Bot 3bd54ecf-276a-4de4-bdc5-891fc5ba8ee0 status updated to running
2025-09-21 20:02:20 | INFO     | src.database:insert_bot_metrics:228 - Bot metrics inserted for 3bd54ecf-276a-4de4-bdc5-891fc5ba8ee0
2025-09-21 20:02:26 | INFO     | src.database:update_bot_status:189 - Bot 53834af7-09d6-4312-b695-b1858adc10f5 status updated to running
2025-09-21 20:02:26 | INFO     | src.database:insert_bot_metrics:228 - Bot metrics inserted for 53834af7-09d6-4312-b695-b1858adc10f5
2025-09-21 20:03:04 | ERROR    | src.bot:_update_market_data:323 - Failed to update market data for BTC/USDT: module 'pandas' has no attribute 'np'
2025-09-21 20:03:04 | WARNING  | src.strategies.grid_strategy:analyze:29 - No historical data for BTC/USDT
2025-09-21 20:03:04 | ERROR    | src.bot:_update_performance_metrics:488 - Failed to update performance metrics: DatabaseManager.update_bot_status() takes from 3 to 4 positional arguments but 5 were given
2025-09-21 20:03:06 | ERROR    | src.bot:_update_market_data:323 - Failed to update market data for ETH/USDT: module 'pandas' has no attribute 'np'
2025-09-21 20:03:06 | WARNING  | src.strategies.grid_strategy:analyze:29 - No historical data for ETH/USDT
2025-09-21 20:03:06 | ERROR    | src.bot:_update_performance_metrics:488 - Failed to update performance metrics: DatabaseManager.update_bot_status() takes from 3 to 4 positional arguments but 5 were given
2025-09-21 20:03:12 | ERROR    | src.bot:_update_market_data:323 - Failed to update market data for ADA/USDT: module 'pandas' has no attribute 'np'
2025-09-21 20:03:12 | WARNING  | src.strategies.momentum_strategy:analyze:31 - No historical data for ADA/USDT
2025-09-21 20:03:12 | ERROR    | src.bot:_update_performance_metrics:488 - Failed to update performance metrics: DatabaseManager.update_bot_status() takes from 3 to 4 positional arguments but 5 were given
2025-09-21 20:03:13 | ERROR    | src.exchanges.binance_th_exchange:_make_request:106 - API request failed: API Error -1121: Invalid symbol.
2025-09-21 20:03:13 | ERROR    | src.exchanges.binance_th_exchange:get_ticker:161 - Failed to get Binance TH ticker for ETH/THB: API Error -1121: Invalid symbol.
2025-09-21 20:03:13 | ERROR    | src.bot:_update_market_data:323 - Failed to update market data for ETH/THB: API Error -1121: Invalid symbol.
2025-09-21 20:03:13 | WARNING  | src.strategies.momentum_strategy:analyze:31 - No historical data for ETH/THB
2025-09-21 20:03:13 | ERROR    | src.bot:_update_performance_metrics:488 - Failed to update performance metrics: DatabaseManager.update_bot_status() takes from 3 to 4 positional arguments but 5 were given
2025-09-21 20:03:14 | INFO     | src.database:update_bot_status:189 - Bot d670f5bd-d334-4228-bf10-930decd14a31 status updated to running
2025-09-21 20:03:14 | INFO     | src.database:insert_bot_metrics:228 - Bot metrics inserted for d670f5bd-d334-4228-bf10-930decd14a31
2025-09-21 20:03:14 | ERROR    | src.exchanges.binance_th_exchange:_make_request:106 - API request failed: API Error -1121: Invalid symbol.
2025-09-21 20:03:14 | ERROR    | src.exchanges.binance_th_exchange:get_ticker:161 - Failed to get Binance TH ticker for BTC/THB: API Error -1121: Invalid symbol.
2025-09-21 20:03:14 | ERROR    | src.bot:_update_market_data:323 - Failed to update market data for BTC/THB: API Error -1121: Invalid symbol.
2025-09-21 20:03:14 | WARNING  | src.strategies.grid_strategy:analyze:29 - No historical data for BTC/THB
2025-09-21 20:03:14 | ERROR    | src.bot:_update_performance_metrics:488 - Failed to update performance metrics: DatabaseManager.update_bot_status() takes from 3 to 4 positional arguments but 5 were given
2025-09-21 20:03:16 | INFO     | src.database:update_bot_status:189 - Bot 4de519c6-7379-44d9-8df2-9f4c941d1d3b status updated to running
2025-09-21 20:03:16 | INFO     | src.database:insert_bot_metrics:228 - Bot metrics inserted for 4de519c6-7379-44d9-8df2-9f4c941d1d3b
2025-09-21 20:03:17 | INFO     | src.database:update_bot_status:189 - Bot 3050619d-c54b-49ba-a4f4-e328aba8a227 status updated to running
2025-09-21 20:03:17 | INFO     | src.database:insert_bot_metrics:228 - Bot metrics inserted for 3050619d-c54b-49ba-a4f4-e328aba8a227
2025-09-21 20:03:22 | INFO     | src.database:update_bot_status:189 - Bot 3bd54ecf-276a-4de4-bdc5-891fc5ba8ee0 status updated to running
2025-09-21 20:03:22 | INFO     | src.database:insert_bot_metrics:228 - Bot metrics inserted for 3bd54ecf-276a-4de4-bdc5-891fc5ba8ee0
2025-09-21 20:03:28 | INFO     | src.bot:_execute_signal:346 - Executing buy signal for ETH/USDT at $4468.1500
2025-09-21 20:03:29 | ERROR    | src.exchanges.binance_th_exchange:_make_request:106 - API request failed: API Error -1111: Parameter 'quantity' has too much precision.
2025-09-21 20:03:29 | ERROR    | src.exchanges.binance_th_exchange:place_order:211 - Failed to place order on Binance TH: API Error -1111: Parameter 'quantity' has too much precision.
2025-09-21 20:03:29 | ERROR    | src.bot:_execute_signal:397 - Failed to execute signal for ETH/USDT: API Error -1111: Parameter 'quantity' has too much precision.
2025-09-21 20:03:29 | INFO     | src.database:update_bot_status:189 - Bot 53834af7-09d6-4312-b695-b1858adc10f5 status updated to running
2025-09-21 20:03:29 | INFO     | src.database:insert_bot_metrics:228 - Bot metrics inserted for 53834af7-09d6-4312-b695-b1858adc10f5
2025-09-21 20:04:05 | ERROR    | src.bot:_update_market_data:323 - Failed to update market data for BTC/USDT: module 'pandas' has no attribute 'np'
2025-09-21 20:04:05 | WARNING  | src.strategies.grid_strategy:analyze:29 - No historical data for BTC/USDT
2025-09-21 20:04:05 | ERROR    | src.bot:_update_performance_metrics:488 - Failed to update performance metrics: DatabaseManager.update_bot_status() takes from 3 to 4 positional arguments but 5 were given
2025-09-21 20:04:07 | ERROR    | src.bot:_update_market_data:323 - Failed to update market data for ETH/USDT: module 'pandas' has no attribute 'np'
2025-09-21 20:04:07 | WARNING  | src.strategies.grid_strategy:analyze:29 - No historical data for ETH/USDT
2025-09-21 20:04:07 | ERROR    | src.bot:_update_performance_metrics:488 - Failed to update performance metrics: DatabaseManager.update_bot_status() takes from 3 to 4 positional arguments but 5 were given
2025-09-21 20:04:14 | ERROR    | src.exchanges.binance_th_exchange:_make_request:106 - API request failed: API Error -1121: Invalid symbol.
2025-09-21 20:04:14 | ERROR    | src.exchanges.binance_th_exchange:get_ticker:161 - Failed to get Binance TH ticker for ETH/THB: API Error -1121: Invalid symbol.
2025-09-21 20:04:14 | ERROR    | src.bot:_update_market_data:323 - Failed to update market data for ETH/THB: API Error -1121: Invalid symbol.
2025-09-21 20:04:14 | WARNING  | src.strategies.momentum_strategy:analyze:31 - No historical data for ETH/THB
2025-09-21 20:04:14 | ERROR    | src.bot:_update_performance_metrics:488 - Failed to update performance metrics: DatabaseManager.update_bot_status() takes from 3 to 4 positional arguments but 5 were given
2025-09-21 20:04:14 | ERROR    | src.bot:_update_market_data:323 - Failed to update market data for ADA/USDT: module 'pandas' has no attribute 'np'
2025-09-21 20:04:14 | WARNING  | src.strategies.momentum_strategy:analyze:31 - No historical data for ADA/USDT
2025-09-21 20:04:14 | ERROR    | src.bot:_update_performance_metrics:488 - Failed to update performance metrics: DatabaseManager.update_bot_status() takes from 3 to 4 positional arguments but 5 were given
2025-09-21 20:04:15 | ERROR    | src.exchanges.binance_th_exchange:_make_request:106 - API request failed: API Error -1121: Invalid symbol.
2025-09-21 20:04:15 | ERROR    | src.exchanges.binance_th_exchange:get_ticker:161 - Failed to get Binance TH ticker for BTC/THB: API Error -1121: Invalid symbol.
2025-09-21 20:04:15 | ERROR    | src.bot:_update_market_data:323 - Failed to update market data for BTC/THB: API Error -1121: Invalid symbol.
2025-09-21 20:04:15 | WARNING  | src.strategies.grid_strategy:analyze:29 - No historical data for BTC/THB
2025-09-21 20:04:15 | ERROR    | src.bot:_update_performance_metrics:488 - Failed to update performance metrics: DatabaseManager.update_bot_status() takes from 3 to 4 positional arguments but 5 were given
2025-09-21 20:04:15 | INFO     | src.database:update_bot_status:189 - Bot d670f5bd-d334-4228-bf10-930decd14a31 status updated to running
2025-09-21 20:04:15 | INFO     | src.database:insert_bot_metrics:228 - Bot metrics inserted for d670f5bd-d334-4228-bf10-930decd14a31
2025-09-21 20:04:17 | INFO     | src.database:update_bot_status:189 - Bot 4de519c6-7379-44d9-8df2-9f4c941d1d3b status updated to running
2025-09-21 20:04:17 | INFO     | src.database:insert_bot_metrics:228 - Bot metrics inserted for 4de519c6-7379-44d9-8df2-9f4c941d1d3b
2025-09-21 20:04:18 | INFO     | src.database:update_bot_status:189 - Bot 3050619d-c54b-49ba-a4f4-e328aba8a227 status updated to running
2025-09-21 20:04:18 | INFO     | src.database:insert_bot_metrics:228 - Bot metrics inserted for 3050619d-c54b-49ba-a4f4-e328aba8a227
2025-09-21 20:04:23 | INFO     | src.database:update_bot_status:189 - Bot 3bd54ecf-276a-4de4-bdc5-891fc5ba8ee0 status updated to running
2025-09-21 20:04:23 | INFO     | src.database:insert_bot_metrics:228 - Bot metrics inserted for 3bd54ecf-276a-4de4-bdc5-891fc5ba8ee0
2025-09-21 20:04:30 | INFO     | src.database:update_bot_status:189 - Bot 53834af7-09d6-4312-b695-b1858adc10f5 status updated to running
2025-09-21 20:04:30 | INFO     | src.database:insert_bot_metrics:228 - Bot metrics inserted for 53834af7-09d6-4312-b695-b1858adc10f5
2025-09-21 20:05:06 | ERROR    | src.bot:_update_market_data:323 - Failed to update market data for BTC/USDT: module 'pandas' has no attribute 'np'
2025-09-21 20:05:06 | WARNING  | src.strategies.grid_strategy:analyze:29 - No historical data for BTC/USDT
2025-09-21 20:05:06 | ERROR    | src.bot:_update_performance_metrics:488 - Failed to update performance metrics: DatabaseManager.update_bot_status() takes from 3 to 4 positional arguments but 5 were given
2025-09-21 20:05:09 | ERROR    | src.bot:_update_market_data:323 - Failed to update market data for ETH/USDT: module 'pandas' has no attribute 'np'
2025-09-21 20:05:09 | WARNING  | src.strategies.grid_strategy:analyze:29 - No historical data for ETH/USDT
2025-09-21 20:05:09 | ERROR    | src.bot:_update_performance_metrics:488 - Failed to update performance metrics: DatabaseManager.update_bot_status() takes from 3 to 4 positional arguments but 5 were given
2025-09-21 20:05:15 | ERROR    | src.bot:_update_market_data:323 - Failed to update market data for ADA/USDT: module 'pandas' has no attribute 'np'
2025-09-21 20:05:15 | WARNING  | src.strategies.momentum_strategy:analyze:31 - No historical data for ADA/USDT
2025-09-21 20:05:15 | ERROR    | src.bot:_update_performance_metrics:488 - Failed to update performance metrics: DatabaseManager.update_bot_status() takes from 3 to 4 positional arguments but 5 were given
2025-09-21 20:05:16 | ERROR    | src.exchanges.binance_th_exchange:_make_request:106 - API request failed: API Error -1121: Invalid symbol.
2025-09-21 20:05:16 | ERROR    | src.exchanges.binance_th_exchange:get_ticker:161 - Failed to get Binance TH ticker for ETH/THB: API Error -1121: Invalid symbol.
2025-09-21 20:05:16 | ERROR    | src.bot:_update_market_data:323 - Failed to update market data for ETH/THB: API Error -1121: Invalid symbol.
2025-09-21 20:05:16 | WARNING  | src.strategies.momentum_strategy:analyze:31 - No historical data for ETH/THB
2025-09-21 20:05:16 | ERROR    | src.bot:_update_performance_metrics:488 - Failed to update performance metrics: DatabaseManager.update_bot_status() takes from 3 to 4 positional arguments but 5 were given
2025-09-21 20:05:17 | INFO     | src.database:update_bot_status:189 - Bot d670f5bd-d334-4228-bf10-930decd14a31 status updated to running
2025-09-21 20:05:17 | INFO     | src.database:insert_bot_metrics:228 - Bot metrics inserted for d670f5bd-d334-4228-bf10-930decd14a31
2025-09-21 20:05:17 | ERROR    | src.exchanges.binance_th_exchange:_make_request:106 - API request failed: API Error -1121: Invalid symbol.
2025-09-21 20:05:17 | ERROR    | src.exchanges.binance_th_exchange:get_ticker:161 - Failed to get Binance TH ticker for BTC/THB: API Error -1121: Invalid symbol.
2025-09-21 20:05:17 | ERROR    | src.bot:_update_market_data:323 - Failed to update market data for BTC/THB: API Error -1121: Invalid symbol.
2025-09-21 20:05:17 | WARNING  | src.strategies.grid_strategy:analyze:29 - No historical data for BTC/THB
2025-09-21 20:05:17 | ERROR    | src.bot:_update_performance_metrics:488 - Failed to update performance metrics: DatabaseManager.update_bot_status() takes from 3 to 4 positional arguments but 5 were given
2025-09-21 20:05:18 | INFO     | src.database:update_bot_status:189 - Bot 4de519c6-7379-44d9-8df2-9f4c941d1d3b status updated to running
2025-09-21 20:05:18 | INFO     | src.database:insert_bot_metrics:228 - Bot metrics inserted for 4de519c6-7379-44d9-8df2-9f4c941d1d3b
2025-09-21 20:05:20 | INFO     | src.database:update_bot_status:189 - Bot 3050619d-c54b-49ba-a4f4-e328aba8a227 status updated to running
2025-09-21 20:05:20 | INFO     | src.database:insert_bot_metrics:228 - Bot metrics inserted for 3050619d-c54b-49ba-a4f4-e328aba8a227
2025-09-21 20:05:25 | INFO     | src.database:update_bot_status:189 - Bot 3bd54ecf-276a-4de4-bdc5-891fc5ba8ee0 status updated to running
2025-09-21 20:05:25 | INFO     | src.database:insert_bot_metrics:228 - Bot metrics inserted for 3bd54ecf-276a-4de4-bdc5-891fc5ba8ee0
2025-09-21 20:05:32 | INFO     | src.bot:_execute_signal:346 - Executing buy signal for ETH/USDT at $4471.1000
2025-09-21 20:05:33 | ERROR    | src.exchanges.binance_th_exchange:_make_request:106 - API request failed: API Error -1111: Parameter 'quantity' has too much precision.
2025-09-21 20:05:33 | ERROR    | src.exchanges.binance_th_exchange:place_order:211 - Failed to place order on Binance TH: API Error -1111: Parameter 'quantity' has too much precision.
2025-09-21 20:05:33 | ERROR    | src.bot:_execute_signal:397 - Failed to execute signal for ETH/USDT: API Error -1111: Parameter 'quantity' has too much precision.
2025-09-21 20:05:33 | INFO     | src.database:update_bot_status:189 - Bot 53834af7-09d6-4312-b695-b1858adc10f5 status updated to running
2025-09-21 20:05:33 | INFO     | src.database:insert_bot_metrics:228 - Bot metrics inserted for 53834af7-09d6-4312-b695-b1858adc10f5
2025-09-21 20:06:07 | ERROR    | src.bot:_update_market_data:323 - Failed to update market data for BTC/USDT: module 'pandas' has no attribute 'np'
2025-09-21 20:06:07 | WARNING  | src.strategies.grid_strategy:analyze:29 - No historical data for BTC/USDT
2025-09-21 20:06:07 | ERROR    | src.bot:_update_performance_metrics:488 - Failed to update performance metrics: DatabaseManager.update_bot_status() takes from 3 to 4 positional arguments but 5 were given
2025-09-21 20:06:10 | ERROR    | src.bot:_update_market_data:323 - Failed to update market data for ETH/USDT: module 'pandas' has no attribute 'np'
2025-09-21 20:06:10 | WARNING  | src.strategies.grid_strategy:analyze:29 - No historical data for ETH/USDT
2025-09-21 20:06:10 | ERROR    | src.bot:_update_performance_metrics:488 - Failed to update performance metrics: DatabaseManager.update_bot_status() takes from 3 to 4 positional arguments but 5 were given
2025-09-21 20:06:17 | ERROR    | src.bot:_update_market_data:323 - Failed to update market data for ADA/USDT: module 'pandas' has no attribute 'np'
2025-09-21 20:06:17 | WARNING  | src.strategies.momentum_strategy:analyze:31 - No historical data for ADA/USDT
2025-09-21 20:06:17 | ERROR    | src.bot:_update_performance_metrics:488 - Failed to update performance metrics: DatabaseManager.update_bot_status() takes from 3 to 4 positional arguments but 5 were given
2025-09-21 20:06:18 | ERROR    | src.exchanges.binance_th_exchange:_make_request:106 - API request failed: API Error -1121: Invalid symbol.
2025-09-21 20:06:18 | ERROR    | src.exchanges.binance_th_exchange:get_ticker:161 - Failed to get Binance TH ticker for ETH/THB: API Error -1121: Invalid symbol.
2025-09-21 20:06:18 | ERROR    | src.bot:_update_market_data:323 - Failed to update market data for ETH/THB: API Error -1121: Invalid symbol.
2025-09-21 20:06:18 | WARNING  | src.strategies.momentum_strategy:analyze:31 - No historical data for ETH/THB
2025-09-21 20:06:18 | ERROR    | src.bot:_update_performance_metrics:488 - Failed to update performance metrics: DatabaseManager.update_bot_status() takes from 3 to 4 positional arguments but 5 were given
2025-09-21 20:06:18 | INFO     | src.database:update_bot_status:189 - Bot d670f5bd-d334-4228-bf10-930decd14a31 status updated to running
2025-09-21 20:06:18 | INFO     | src.database:insert_bot_metrics:228 - Bot metrics inserted for d670f5bd-d334-4228-bf10-930decd14a31
2025-09-21 20:06:19 | ERROR    | src.exchanges.binance_th_exchange:_make_request:106 - API request failed: API Error -1121: Invalid symbol.
2025-09-21 20:06:19 | ERROR    | src.exchanges.binance_th_exchange:get_ticker:161 - Failed to get Binance TH ticker for BTC/THB: API Error -1121: Invalid symbol.
2025-09-21 20:06:19 | ERROR    | src.bot:_update_market_data:323 - Failed to update market data for BTC/THB: API Error -1121: Invalid symbol.
2025-09-21 20:06:19 | WARNING  | src.strategies.grid_strategy:analyze:29 - No historical data for BTC/THB
2025-09-21 20:06:19 | ERROR    | src.bot:_update_performance_metrics:488 - Failed to update performance metrics: DatabaseManager.update_bot_status() takes from 3 to 4 positional arguments but 5 were given
2025-09-21 20:06:20 | INFO     | src.database:update_bot_status:189 - Bot 4de519c6-7379-44d9-8df2-9f4c941d1d3b status updated to running
2025-09-21 20:06:20 | INFO     | src.database:insert_bot_metrics:228 - Bot metrics inserted for 4de519c6-7379-44d9-8df2-9f4c941d1d3b
2025-09-21 20:06:22 | INFO     | src.database:update_bot_status:189 - Bot 3050619d-c54b-49ba-a4f4-e328aba8a227 status updated to running
2025-09-21 20:06:22 | INFO     | src.database:insert_bot_metrics:228 - Bot metrics inserted for 3050619d-c54b-49ba-a4f4-e328aba8a227
2025-09-21 20:06:26 | INFO     | src.database:update_bot_status:189 - Bot 3bd54ecf-276a-4de4-bdc5-891fc5ba8ee0 status updated to running
2025-09-21 20:06:26 | INFO     | src.database:insert_bot_metrics:228 - Bot metrics inserted for 3bd54ecf-276a-4de4-bdc5-891fc5ba8ee0
2025-09-21 20:06:34 | INFO     | src.bot:_execute_signal:346 - Executing buy signal for ETH/USDT at $4472.0700
2025-09-21 20:06:35 | ERROR    | src.exchanges.binance_th_exchange:_make_request:106 - API request failed: API Error -1111: Parameter 'quantity' has too much precision.
2025-09-21 20:06:35 | ERROR    | src.exchanges.binance_th_exchange:place_order:211 - Failed to place order on Binance TH: API Error -1111: Parameter 'quantity' has too much precision.
2025-09-21 20:06:35 | ERROR    | src.bot:_execute_signal:397 - Failed to execute signal for ETH/USDT: API Error -1111: Parameter 'quantity' has too much precision.
2025-09-21 20:06:35 | INFO     | src.database:update_bot_status:189 - Bot 53834af7-09d6-4312-b695-b1858adc10f5 status updated to running
2025-09-21 20:06:35 | INFO     | src.database:insert_bot_metrics:228 - Bot metrics inserted for 53834af7-09d6-4312-b695-b1858adc10f5
2025-09-21 20:07:09 | ERROR    | src.bot:_update_market_data:323 - Failed to update market data for BTC/USDT: module 'pandas' has no attribute 'np'
2025-09-21 20:07:09 | WARNING  | src.strategies.grid_strategy:analyze:29 - No historical data for BTC/USDT
2025-09-21 20:07:09 | ERROR    | src.bot:_update_performance_metrics:488 - Failed to update performance metrics: DatabaseManager.update_bot_status() takes from 3 to 4 positional arguments but 5 were given
2025-09-21 20:07:11 | ERROR    | src.bot:_update_market_data:323 - Failed to update market data for ETH/USDT: module 'pandas' has no attribute 'np'
2025-09-21 20:07:11 | WARNING  | src.strategies.grid_strategy:analyze:29 - No historical data for ETH/USDT
2025-09-21 20:07:11 | ERROR    | src.bot:_update_performance_metrics:488 - Failed to update performance metrics: DatabaseManager.update_bot_status() takes from 3 to 4 positional arguments but 5 were given
2025-09-21 20:07:18 | ERROR    | src.bot:_update_market_data:323 - Failed to update market data for ADA/USDT: module 'pandas' has no attribute 'np'
2025-09-21 20:07:18 | WARNING  | src.strategies.momentum_strategy:analyze:31 - No historical data for ADA/USDT
2025-09-21 20:07:18 | ERROR    | src.bot:_update_performance_metrics:488 - Failed to update performance metrics: DatabaseManager.update_bot_status() takes from 3 to 4 positional arguments but 5 were given
2025-09-21 20:07:19 | ERROR    | src.exchanges.binance_th_exchange:_make_request:106 - API request failed: API Error -1121: Invalid symbol.
2025-09-21 20:07:19 | ERROR    | src.exchanges.binance_th_exchange:get_ticker:161 - Failed to get Binance TH ticker for ETH/THB: API Error -1121: Invalid symbol.
2025-09-21 20:07:19 | ERROR    | src.bot:_update_market_data:323 - Failed to update market data for ETH/THB: API Error -1121: Invalid symbol.
2025-09-21 20:07:19 | WARNING  | src.strategies.momentum_strategy:analyze:31 - No historical data for ETH/THB
2025-09-21 20:07:19 | ERROR    | src.bot:_update_performance_metrics:488 - Failed to update performance metrics: DatabaseManager.update_bot_status() takes from 3 to 4 positional arguments but 5 were given
2025-09-21 20:07:20 | INFO     | src.database:update_bot_status:189 - Bot d670f5bd-d334-4228-bf10-930decd14a31 status updated to running
2025-09-21 20:07:20 | INFO     | src.database:insert_bot_metrics:228 - Bot metrics inserted for d670f5bd-d334-4228-bf10-930decd14a31
2025-09-21 20:07:20 | ERROR    | src.exchanges.binance_th_exchange:_make_request:106 - API request failed: API Error -1121: Invalid symbol.
2025-09-21 20:07:20 | ERROR    | src.exchanges.binance_th_exchange:get_ticker:161 - Failed to get Binance TH ticker for BTC/THB: API Error -1121: Invalid symbol.
2025-09-21 20:07:20 | ERROR    | src.bot:_update_market_data:323 - Failed to update market data for BTC/THB: API Error -1121: Invalid symbol.
2025-09-21 20:07:20 | WARNING  | src.strategies.grid_strategy:analyze:29 - No historical data for BTC/THB
2025-09-21 20:07:20 | ERROR    | src.bot:_update_performance_metrics:488 - Failed to update performance metrics: DatabaseManager.update_bot_status() takes from 3 to 4 positional arguments but 5 were given
2025-09-21 20:07:21 | INFO     | src.database:update_bot_status:189 - Bot 4de519c6-7379-44d9-8df2-9f4c941d1d3b status updated to running
2025-09-21 20:07:21 | INFO     | src.database:insert_bot_metrics:228 - Bot metrics inserted for 4de519c6-7379-44d9-8df2-9f4c941d1d3b
2025-09-21 20:07:23 | INFO     | src.database:update_bot_status:189 - Bot 3050619d-c54b-49ba-a4f4-e328aba8a227 status updated to running
2025-09-21 20:07:23 | INFO     | src.database:insert_bot_metrics:228 - Bot metrics inserted for 3050619d-c54b-49ba-a4f4-e328aba8a227
2025-09-21 20:07:28 | INFO     | src.database:update_bot_status:189 - Bot 3bd54ecf-276a-4de4-bdc5-891fc5ba8ee0 status updated to running
2025-09-21 20:07:28 | INFO     | src.database:insert_bot_metrics:228 - Bot metrics inserted for 3bd54ecf-276a-4de4-bdc5-891fc5ba8ee0
2025-09-21 20:07:37 | INFO     | src.bot:_execute_signal:346 - Executing buy signal for ETH/USDT at $4471.6300
2025-09-21 20:07:37 | ERROR    | src.exchanges.binance_th_exchange:_make_request:106 - API request failed: API Error -1111: Parameter 'quantity' has too much precision.
2025-09-21 20:07:37 | ERROR    | src.exchanges.binance_th_exchange:place_order:211 - Failed to place order on Binance TH: API Error -1111: Parameter 'quantity' has too much precision.
2025-09-21 20:07:37 | ERROR    | src.bot:_execute_signal:397 - Failed to execute signal for ETH/USDT: API Error -1111: Parameter 'quantity' has too much precision.
2025-09-21 20:07:38 | INFO     | src.database:update_bot_status:189 - Bot 53834af7-09d6-4312-b695-b1858adc10f5 status updated to running
2025-09-21 20:07:38 | INFO     | src.database:insert_bot_metrics:228 - Bot metrics inserted for 53834af7-09d6-4312-b695-b1858adc10f5
2025-09-21 20:08:10 | ERROR    | src.bot:_update_market_data:323 - Failed to update market data for BTC/USDT: module 'pandas' has no attribute 'np'
2025-09-21 20:08:10 | WARNING  | src.strategies.grid_strategy:analyze:29 - No historical data for BTC/USDT
2025-09-21 20:08:10 | ERROR    | src.bot:_update_performance_metrics:488 - Failed to update performance metrics: DatabaseManager.update_bot_status() takes from 3 to 4 positional arguments but 5 were given
2025-09-21 20:08:12 | ERROR    | src.bot:_update_market_data:323 - Failed to update market data for ETH/USDT: module 'pandas' has no attribute 'np'
2025-09-21 20:08:12 | WARNING  | src.strategies.grid_strategy:analyze:29 - No historical data for ETH/USDT
2025-09-21 20:08:12 | ERROR    | src.bot:_update_performance_metrics:488 - Failed to update performance metrics: DatabaseManager.update_bot_status() takes from 3 to 4 positional arguments but 5 were given
2025-09-21 20:08:19 | ERROR    | src.bot:_update_market_data:323 - Failed to update market data for ADA/USDT: module 'pandas' has no attribute 'np'
2025-09-21 20:08:19 | WARNING  | src.strategies.momentum_strategy:analyze:31 - No historical data for ADA/USDT
2025-09-21 20:08:19 | ERROR    | src.bot:_update_performance_metrics:488 - Failed to update performance metrics: DatabaseManager.update_bot_status() takes from 3 to 4 positional arguments but 5 were given
2025-09-21 20:08:21 | ERROR    | src.exchanges.binance_th_exchange:_make_request:106 - API request failed: API Error -1121: Invalid symbol.
2025-09-21 20:08:21 | ERROR    | src.exchanges.binance_th_exchange:get_ticker:161 - Failed to get Binance TH ticker for ETH/THB: API Error -1121: Invalid symbol.
2025-09-21 20:08:21 | ERROR    | src.bot:_update_market_data:323 - Failed to update market data for ETH/THB: API Error -1121: Invalid symbol.
2025-09-21 20:08:21 | WARNING  | src.strategies.momentum_strategy:analyze:31 - No historical data for ETH/THB
2025-09-21 20:08:21 | ERROR    | src.bot:_update_performance_metrics:488 - Failed to update performance metrics: DatabaseManager.update_bot_status() takes from 3 to 4 positional arguments but 5 were given
2025-09-21 20:08:21 | INFO     | src.database:update_bot_status:189 - Bot d670f5bd-d334-4228-bf10-930decd14a31 status updated to running
2025-09-21 20:08:21 | INFO     | src.database:insert_bot_metrics:228 - Bot metrics inserted for d670f5bd-d334-4228-bf10-930decd14a31
2025-09-21 20:08:21 | ERROR    | src.exchanges.binance_th_exchange:_make_request:106 - API request failed: API Error -1121: Invalid symbol.
2025-09-21 20:08:21 | ERROR    | src.exchanges.binance_th_exchange:get_ticker:161 - Failed to get Binance TH ticker for BTC/THB: API Error -1121: Invalid symbol.
2025-09-21 20:08:21 | ERROR    | src.bot:_update_market_data:323 - Failed to update market data for BTC/THB: API Error -1121: Invalid symbol.
2025-09-21 20:08:21 | WARNING  | src.strategies.grid_strategy:analyze:29 - No historical data for BTC/THB
2025-09-21 20:08:21 | ERROR    | src.bot:_update_performance_metrics:488 - Failed to update performance metrics: DatabaseManager.update_bot_status() takes from 3 to 4 positional arguments but 5 were given
2025-09-21 20:08:23 | INFO     | src.database:update_bot_status:189 - Bot 4de519c6-7379-44d9-8df2-9f4c941d1d3b status updated to running
2025-09-21 20:08:23 | INFO     | src.database:insert_bot_metrics:228 - Bot metrics inserted for 4de519c6-7379-44d9-8df2-9f4c941d1d3b
2025-09-21 20:08:25 | INFO     | src.database:update_bot_status:189 - Bot 3050619d-c54b-49ba-a4f4-e328aba8a227 status updated to running
2025-09-21 20:08:25 | INFO     | src.database:insert_bot_metrics:228 - Bot metrics inserted for 3050619d-c54b-49ba-a4f4-e328aba8a227
2025-09-21 20:08:29 | INFO     | src.database:update_bot_status:189 - Bot 3bd54ecf-276a-4de4-bdc5-891fc5ba8ee0 status updated to running
2025-09-21 20:08:29 | INFO     | src.database:insert_bot_metrics:228 - Bot metrics inserted for 3bd54ecf-276a-4de4-bdc5-891fc5ba8ee0
2025-09-21 20:08:39 | INFO     | src.bot:_execute_signal:346 - Executing buy signal for ETH/USDT at $4472.0600
2025-09-21 20:08:40 | ERROR    | src.exchanges.binance_th_exchange:_make_request:106 - API request failed: API Error -1111: Parameter 'quantity' has too much precision.
2025-09-21 20:08:40 | ERROR    | src.exchanges.binance_th_exchange:place_order:211 - Failed to place order on Binance TH: API Error -1111: Parameter 'quantity' has too much precision.
2025-09-21 20:08:40 | ERROR    | src.bot:_execute_signal:397 - Failed to execute signal for ETH/USDT: API Error -1111: Parameter 'quantity' has too much precision.
2025-09-21 20:08:40 | INFO     | src.database:update_bot_status:189 - Bot 53834af7-09d6-4312-b695-b1858adc10f5 status updated to running
2025-09-21 20:08:40 | INFO     | src.database:insert_bot_metrics:228 - Bot metrics inserted for 53834af7-09d6-4312-b695-b1858adc10f5
2025-09-21 20:09:11 | ERROR    | src.bot:_update_market_data:323 - Failed to update market data for BTC/USDT: module 'pandas' has no attribute 'np'
2025-09-21 20:09:11 | WARNING  | src.strategies.grid_strategy:analyze:29 - No historical data for BTC/USDT
2025-09-21 20:09:11 | ERROR    | src.bot:_update_performance_metrics:488 - Failed to update performance metrics: DatabaseManager.update_bot_status() takes from 3 to 4 positional arguments but 5 were given
2025-09-21 20:09:14 | ERROR    | src.bot:_update_market_data:323 - Failed to update market data for ETH/USDT: module 'pandas' has no attribute 'np'
2025-09-21 20:09:14 | WARNING  | src.strategies.grid_strategy:analyze:29 - No historical data for ETH/USDT
2025-09-21 20:09:14 | ERROR    | src.bot:_update_performance_metrics:488 - Failed to update performance metrics: DatabaseManager.update_bot_status() takes from 3 to 4 positional arguments but 5 were given
2025-09-21 20:09:20 | ERROR    | src.bot:_update_market_data:323 - Failed to update market data for ADA/USDT: module 'pandas' has no attribute 'np'
2025-09-21 20:09:20 | WARNING  | src.strategies.momentum_strategy:analyze:31 - No historical data for ADA/USDT
2025-09-21 20:09:20 | ERROR    | src.bot:_update_performance_metrics:488 - Failed to update performance metrics: DatabaseManager.update_bot_status() takes from 3 to 4 positional arguments but 5 were given
2025-09-21 20:09:22 | ERROR    | src.exchanges.binance_th_exchange:_make_request:106 - API request failed: API Error -1121: Invalid symbol.
2025-09-21 20:09:22 | ERROR    | src.exchanges.binance_th_exchange:get_ticker:161 - Failed to get Binance TH ticker for ETH/THB: API Error -1121: Invalid symbol.
2025-09-21 20:09:22 | ERROR    | src.bot:_update_market_data:323 - Failed to update market data for ETH/THB: API Error -1121: Invalid symbol.
2025-09-21 20:09:22 | WARNING  | src.strategies.momentum_strategy:analyze:31 - No historical data for ETH/THB
2025-09-21 20:09:22 | ERROR    | src.bot:_update_performance_metrics:488 - Failed to update performance metrics: DatabaseManager.update_bot_status() takes from 3 to 4 positional arguments but 5 were given
2025-09-21 20:09:22 | INFO     | src.database:update_bot_status:189 - Bot d670f5bd-d334-4228-bf10-930decd14a31 status updated to running
2025-09-21 20:09:22 | INFO     | src.database:insert_bot_metrics:228 - Bot metrics inserted for d670f5bd-d334-4228-bf10-930decd14a31
2025-09-21 20:09:23 | ERROR    | src.exchanges.binance_th_exchange:_make_request:106 - API request failed: API Error -1121: Invalid symbol.
2025-09-21 20:09:23 | ERROR    | src.exchanges.binance_th_exchange:get_ticker:161 - Failed to get Binance TH ticker for BTC/THB: API Error -1121: Invalid symbol.
2025-09-21 20:09:23 | ERROR    | src.bot:_update_market_data:323 - Failed to update market data for BTC/THB: API Error -1121: Invalid symbol.
2025-09-21 20:09:23 | WARNING  | src.strategies.grid_strategy:analyze:29 - No historical data for BTC/THB
2025-09-21 20:09:23 | ERROR    | src.bot:_update_performance_metrics:488 - Failed to update performance metrics: DatabaseManager.update_bot_status() takes from 3 to 4 positional arguments but 5 were given
2025-09-21 20:09:24 | INFO     | src.database:update_bot_status:189 - Bot 4de519c6-7379-44d9-8df2-9f4c941d1d3b status updated to running
2025-09-21 20:09:24 | INFO     | src.database:insert_bot_metrics:228 - Bot metrics inserted for 4de519c6-7379-44d9-8df2-9f4c941d1d3b
2025-09-21 20:09:26 | INFO     | src.database:update_bot_status:189 - Bot 3050619d-c54b-49ba-a4f4-e328aba8a227 status updated to running
2025-09-21 20:09:26 | INFO     | src.database:insert_bot_metrics:228 - Bot metrics inserted for 3050619d-c54b-49ba-a4f4-e328aba8a227
2025-09-21 20:09:31 | INFO     | src.database:update_bot_status:189 - Bot 3bd54ecf-276a-4de4-bdc5-891fc5ba8ee0 status updated to running
2025-09-21 20:09:31 | INFO     | src.database:insert_bot_metrics:228 - Bot metrics inserted for 3bd54ecf-276a-4de4-bdc5-891fc5ba8ee0
2025-09-21 20:09:41 | INFO     | src.bot:_execute_signal:346 - Executing buy signal for ETH/USDT at $4469.8200
2025-09-21 20:09:42 | ERROR    | src.exchanges.binance_th_exchange:_make_request:106 - API request failed: API Error -1111: Parameter 'quantity' has too much precision.
2025-09-21 20:09:42 | ERROR    | src.exchanges.binance_th_exchange:place_order:211 - Failed to place order on Binance TH: API Error -1111: Parameter 'quantity' has too much precision.
2025-09-21 20:09:42 | ERROR    | src.bot:_execute_signal:397 - Failed to execute signal for ETH/USDT: API Error -1111: Parameter 'quantity' has too much precision.
2025-09-21 20:09:42 | INFO     | src.database:update_bot_status:189 - Bot 53834af7-09d6-4312-b695-b1858adc10f5 status updated to running
2025-09-21 20:09:43 | INFO     | src.database:insert_bot_metrics:228 - Bot metrics inserted for 53834af7-09d6-4312-b695-b1858adc10f5
2025-09-21 20:10:13 | ERROR    | src.bot:_update_market_data:323 - Failed to update market data for BTC/USDT: module 'pandas' has no attribute 'np'
2025-09-21 20:10:13 | WARNING  | src.strategies.grid_strategy:analyze:29 - No historical data for BTC/USDT
2025-09-21 20:10:13 | ERROR    | src.bot:_update_performance_metrics:488 - Failed to update performance metrics: DatabaseManager.update_bot_status() takes from 3 to 4 positional arguments but 5 were given
2025-09-21 20:10:15 | ERROR    | src.bot:_update_market_data:323 - Failed to update market data for ETH/USDT: module 'pandas' has no attribute 'np'
2025-09-21 20:10:15 | WARNING  | src.strategies.grid_strategy:analyze:29 - No historical data for ETH/USDT
2025-09-21 20:10:15 | ERROR    | src.bot:_update_performance_metrics:488 - Failed to update performance metrics: DatabaseManager.update_bot_status() takes from 3 to 4 positional arguments but 5 were given
2025-09-21 20:10:22 | ERROR    | src.bot:_update_market_data:323 - Failed to update market data for ADA/USDT: module 'pandas' has no attribute 'np'
2025-09-21 20:10:22 | WARNING  | src.strategies.momentum_strategy:analyze:31 - No historical data for ADA/USDT
2025-09-21 20:10:22 | ERROR    | src.bot:_update_performance_metrics:488 - Failed to update performance metrics: DatabaseManager.update_bot_status() takes from 3 to 4 positional arguments but 5 were given
2025-09-21 20:10:24 | ERROR    | src.exchanges.binance_th_exchange:_make_request:106 - API request failed: API Error -1121: Invalid symbol.
2025-09-21 20:10:24 | ERROR    | src.exchanges.binance_th_exchange:get_ticker:161 - Failed to get Binance TH ticker for ETH/THB: API Error -1121: Invalid symbol.
2025-09-21 20:10:24 | ERROR    | src.bot:_update_market_data:323 - Failed to update market data for ETH/THB: API Error -1121: Invalid symbol.
2025-09-21 20:10:24 | WARNING  | src.strategies.momentum_strategy:analyze:31 - No historical data for ETH/THB
2025-09-21 20:10:24 | ERROR    | src.bot:_update_performance_metrics:488 - Failed to update performance metrics: DatabaseManager.update_bot_status() takes from 3 to 4 positional arguments but 5 were given
2025-09-21 20:10:24 | INFO     | src.database:update_bot_status:189 - Bot d670f5bd-d334-4228-bf10-930decd14a31 status updated to running
2025-09-21 20:10:24 | INFO     | src.database:insert_bot_metrics:228 - Bot metrics inserted for d670f5bd-d334-4228-bf10-930decd14a31
2025-09-21 20:10:24 | ERROR    | src.exchanges.binance_th_exchange:_make_request:106 - API request failed: API Error -1121: Invalid symbol.
2025-09-21 20:10:24 | ERROR    | src.exchanges.binance_th_exchange:get_ticker:161 - Failed to get Binance TH ticker for BTC/THB: API Error -1121: Invalid symbol.
2025-09-21 20:10:24 | ERROR    | src.bot:_update_market_data:323 - Failed to update market data for BTC/THB: API Error -1121: Invalid symbol.
2025-09-21 20:10:24 | WARNING  | src.strategies.grid_strategy:analyze:29 - No historical data for BTC/THB
2025-09-21 20:10:24 | ERROR    | src.bot:_update_performance_metrics:488 - Failed to update performance metrics: DatabaseManager.update_bot_status() takes from 3 to 4 positional arguments but 5 were given
2025-09-21 20:10:26 | INFO     | src.database:update_bot_status:189 - Bot 4de519c6-7379-44d9-8df2-9f4c941d1d3b status updated to running
2025-09-21 20:10:26 | INFO     | src.database:insert_bot_metrics:228 - Bot metrics inserted for 4de519c6-7379-44d9-8df2-9f4c941d1d3b
2025-09-21 20:10:28 | INFO     | src.database:update_bot_status:189 - Bot 3050619d-c54b-49ba-a4f4-e328aba8a227 status updated to running
2025-09-21 20:10:28 | INFO     | src.database:insert_bot_metrics:228 - Bot metrics inserted for 3050619d-c54b-49ba-a4f4-e328aba8a227
2025-09-21 20:10:32 | INFO     | src.database:update_bot_status:189 - Bot 3bd54ecf-276a-4de4-bdc5-891fc5ba8ee0 status updated to running
2025-09-21 20:10:32 | INFO     | src.database:insert_bot_metrics:228 - Bot metrics inserted for 3bd54ecf-276a-4de4-bdc5-891fc5ba8ee0
2025-09-21 20:10:44 | INFO     | src.bot:_execute_signal:346 - Executing buy signal for ETH/USDT at $4469.8100
2025-09-21 20:10:45 | ERROR    | src.exchanges.binance_th_exchange:_make_request:106 - API request failed: API Error -1111: Parameter 'quantity' has too much precision.
2025-09-21 20:10:45 | ERROR    | src.exchanges.binance_th_exchange:place_order:211 - Failed to place order on Binance TH: API Error -1111: Parameter 'quantity' has too much precision.
2025-09-21 20:10:45 | ERROR    | src.bot:_execute_signal:397 - Failed to execute signal for ETH/USDT: API Error -1111: Parameter 'quantity' has too much precision.
2025-09-21 20:10:45 | INFO     | src.database:update_bot_status:189 - Bot 53834af7-09d6-4312-b695-b1858adc10f5 status updated to running
2025-09-21 20:10:45 | INFO     | src.database:insert_bot_metrics:228 - Bot metrics inserted for 53834af7-09d6-4312-b695-b1858adc10f5
2025-09-21 20:11:14 | ERROR    | src.bot:_update_market_data:323 - Failed to update market data for BTC/USDT: module 'pandas' has no attribute 'np'
2025-09-21 20:11:14 | WARNING  | src.strategies.grid_strategy:analyze:29 - No historical data for BTC/USDT
2025-09-21 20:11:14 | ERROR    | src.bot:_update_performance_metrics:488 - Failed to update performance metrics: DatabaseManager.update_bot_status() takes from 3 to 4 positional arguments but 5 were given
2025-09-21 20:11:17 | ERROR    | src.bot:_update_market_data:323 - Failed to update market data for ETH/USDT: module 'pandas' has no attribute 'np'
2025-09-21 20:11:17 | WARNING  | src.strategies.grid_strategy:analyze:29 - No historical data for ETH/USDT
2025-09-21 20:11:17 | ERROR    | src.bot:_update_performance_metrics:488 - Failed to update performance metrics: DatabaseManager.update_bot_status() takes from 3 to 4 positional arguments but 5 were given
2025-09-21 20:11:23 | ERROR    | src.bot:_update_market_data:323 - Failed to update market data for ADA/USDT: module 'pandas' has no attribute 'np'
2025-09-21 20:11:23 | WARNING  | src.strategies.momentum_strategy:analyze:31 - No historical data for ADA/USDT
2025-09-21 20:11:23 | ERROR    | src.bot:_update_performance_metrics:488 - Failed to update performance metrics: DatabaseManager.update_bot_status() takes from 3 to 4 positional arguments but 5 were given
2025-09-21 20:11:25 | ERROR    | src.exchanges.binance_th_exchange:_make_request:106 - API request failed: API Error -1121: Invalid symbol.
2025-09-21 20:11:25 | ERROR    | src.exchanges.binance_th_exchange:get_ticker:161 - Failed to get Binance TH ticker for ETH/THB: API Error -1121: Invalid symbol.
2025-09-21 20:11:25 | ERROR    | src.bot:_update_market_data:323 - Failed to update market data for ETH/THB: API Error -1121: Invalid symbol.
2025-09-21 20:11:25 | WARNING  | src.strategies.momentum_strategy:analyze:31 - No historical data for ETH/THB
2025-09-21 20:11:25 | ERROR    | src.bot:_update_performance_metrics:488 - Failed to update performance metrics: DatabaseManager.update_bot_status() takes from 3 to 4 positional arguments but 5 were given
2025-09-21 20:11:25 | ERROR    | src.exchanges.binance_th_exchange:_make_request:106 - API request failed: API Error -1121: Invalid symbol.
2025-09-21 20:11:25 | ERROR    | src.exchanges.binance_th_exchange:get_ticker:161 - Failed to get Binance TH ticker for BTC/THB: API Error -1121: Invalid symbol.
2025-09-21 20:11:25 | ERROR    | src.bot:_update_market_data:323 - Failed to update market data for BTC/THB: API Error -1121: Invalid symbol.
2025-09-21 20:11:25 | WARNING  | src.strategies.grid_strategy:analyze:29 - No historical data for BTC/THB
2025-09-21 20:11:25 | ERROR    | src.bot:_update_performance_metrics:488 - Failed to update performance metrics: DatabaseManager.update_bot_status() takes from 3 to 4 positional arguments but 5 were given
2025-09-21 20:11:25 | INFO     | src.database:update_bot_status:189 - Bot d670f5bd-d334-4228-bf10-930decd14a31 status updated to running
2025-09-21 20:11:26 | INFO     | src.database:insert_bot_metrics:228 - Bot metrics inserted for d670f5bd-d334-4228-bf10-930decd14a31
2025-09-21 20:11:27 | INFO     | src.database:update_bot_status:189 - Bot 4de519c6-7379-44d9-8df2-9f4c941d1d3b status updated to running
2025-09-21 20:11:27 | INFO     | src.database:insert_bot_metrics:228 - Bot metrics inserted for 4de519c6-7379-44d9-8df2-9f4c941d1d3b
2025-09-21 20:11:30 | INFO     | src.database:update_bot_status:189 - Bot 3050619d-c54b-49ba-a4f4-e328aba8a227 status updated to running
2025-09-21 20:11:30 | INFO     | src.database:insert_bot_metrics:228 - Bot metrics inserted for 3050619d-c54b-49ba-a4f4-e328aba8a227
2025-09-21 20:11:34 | INFO     | src.database:update_bot_status:189 - Bot 3bd54ecf-276a-4de4-bdc5-891fc5ba8ee0 status updated to running
2025-09-21 20:11:34 | INFO     | src.database:insert_bot_metrics:228 - Bot metrics inserted for 3bd54ecf-276a-4de4-bdc5-891fc5ba8ee0
2025-09-21 20:11:46 | INFO     | src.database:update_bot_status:189 - Bot 53834af7-09d6-4312-b695-b1858adc10f5 status updated to running
2025-09-21 20:11:46 | INFO     | src.database:insert_bot_metrics:228 - Bot metrics inserted for 53834af7-09d6-4312-b695-b1858adc10f5
2025-09-21 20:12:16 | ERROR    | src.bot:_update_market_data:323 - Failed to update market data for BTC/USDT: module 'pandas' has no attribute 'np'
2025-09-21 20:12:16 | WARNING  | src.strategies.grid_strategy:analyze:29 - No historical data for BTC/USDT
2025-09-21 20:12:16 | ERROR    | src.bot:_update_performance_metrics:488 - Failed to update performance metrics: DatabaseManager.update_bot_status() takes from 3 to 4 positional arguments but 5 were given
2025-09-21 20:12:18 | ERROR    | src.bot:_update_market_data:323 - Failed to update market data for ETH/USDT: module 'pandas' has no attribute 'np'
2025-09-21 20:12:18 | WARNING  | src.strategies.grid_strategy:analyze:29 - No historical data for ETH/USDT
2025-09-21 20:12:18 | ERROR    | src.bot:_update_performance_metrics:488 - Failed to update performance metrics: DatabaseManager.update_bot_status() takes from 3 to 4 positional arguments but 5 were given
2025-09-21 20:12:25 | ERROR    | src.bot:_update_market_data:323 - Failed to update market data for ADA/USDT: module 'pandas' has no attribute 'np'
2025-09-21 20:12:25 | WARNING  | src.strategies.momentum_strategy:analyze:31 - No historical data for ADA/USDT
2025-09-21 20:12:25 | ERROR    | src.bot:_update_performance_metrics:488 - Failed to update performance metrics: DatabaseManager.update_bot_status() takes from 3 to 4 positional arguments but 5 were given
2025-09-21 20:12:27 | ERROR    | src.exchanges.binance_th_exchange:_make_request:106 - API request failed: API Error -1121: Invalid symbol.
2025-09-21 20:12:27 | ERROR    | src.exchanges.binance_th_exchange:get_ticker:161 - Failed to get Binance TH ticker for ETH/THB: API Error -1121: Invalid symbol.
2025-09-21 20:12:27 | ERROR    | src.bot:_update_market_data:323 - Failed to update market data for ETH/THB: API Error -1121: Invalid symbol.
2025-09-21 20:12:27 | WARNING  | src.strategies.momentum_strategy:analyze:31 - No historical data for ETH/THB
2025-09-21 20:12:27 | ERROR    | src.bot:_update_performance_metrics:488 - Failed to update performance metrics: DatabaseManager.update_bot_status() takes from 3 to 4 positional arguments but 5 were given
2025-09-21 20:12:27 | ERROR    | src.exchanges.binance_th_exchange:_make_request:106 - API request failed: API Error -1121: Invalid symbol.
2025-09-21 20:12:27 | ERROR    | src.exchanges.binance_th_exchange:get_ticker:161 - Failed to get Binance TH ticker for BTC/THB: API Error -1121: Invalid symbol.
2025-09-21 20:12:27 | ERROR    | src.bot:_update_market_data:323 - Failed to update market data for BTC/THB: API Error -1121: Invalid symbol.
2025-09-21 20:12:27 | WARNING  | src.strategies.grid_strategy:analyze:29 - No historical data for BTC/THB
2025-09-21 20:12:27 | ERROR    | src.bot:_update_performance_metrics:488 - Failed to update performance metrics: DatabaseManager.update_bot_status() takes from 3 to 4 positional arguments but 5 were given
2025-09-21 20:12:28 | INFO     | src.database:update_bot_status:189 - Bot d670f5bd-d334-4228-bf10-930decd14a31 status updated to running
2025-09-21 20:12:28 | INFO     | src.database:insert_bot_metrics:228 - Bot metrics inserted for d670f5bd-d334-4228-bf10-930decd14a31
2025-09-21 20:12:29 | INFO     | src.database:update_bot_status:189 - Bot 4de519c6-7379-44d9-8df2-9f4c941d1d3b status updated to running
2025-09-21 20:12:29 | INFO     | src.database:insert_bot_metrics:228 - Bot metrics inserted for 4de519c6-7379-44d9-8df2-9f4c941d1d3b
2025-09-21 20:12:31 | INFO     | src.database:update_bot_status:189 - Bot 3050619d-c54b-49ba-a4f4-e328aba8a227 status updated to running
2025-09-21 20:12:31 | INFO     | src.database:insert_bot_metrics:228 - Bot metrics inserted for 3050619d-c54b-49ba-a4f4-e328aba8a227
2025-09-21 20:12:35 | INFO     | src.database:update_bot_status:189 - Bot 3bd54ecf-276a-4de4-bdc5-891fc5ba8ee0 status updated to running
2025-09-21 20:12:35 | INFO     | src.database:insert_bot_metrics:228 - Bot metrics inserted for 3bd54ecf-276a-4de4-bdc5-891fc5ba8ee0
2025-09-21 20:12:48 | INFO     | src.database:update_bot_status:189 - Bot 53834af7-09d6-4312-b695-b1858adc10f5 status updated to running
2025-09-21 20:12:48 | INFO     | src.database:insert_bot_metrics:228 - Bot metrics inserted for 53834af7-09d6-4312-b695-b1858adc10f5
2025-09-21 20:13:17 | ERROR    | src.bot:_update_market_data:323 - Failed to update market data for BTC/USDT: module 'pandas' has no attribute 'np'
2025-09-21 20:13:17 | WARNING  | src.strategies.grid_strategy:analyze:29 - No historical data for BTC/USDT
2025-09-21 20:13:17 | ERROR    | src.bot:_update_performance_metrics:488 - Failed to update performance metrics: DatabaseManager.update_bot_status() takes from 3 to 4 positional arguments but 5 were given
2025-09-21 20:13:19 | ERROR    | src.bot:_update_market_data:323 - Failed to update market data for ETH/USDT: module 'pandas' has no attribute 'np'
2025-09-21 20:13:19 | WARNING  | src.strategies.grid_strategy:analyze:29 - No historical data for ETH/USDT
2025-09-21 20:13:19 | ERROR    | src.bot:_update_performance_metrics:488 - Failed to update performance metrics: DatabaseManager.update_bot_status() takes from 3 to 4 positional arguments but 5 were given
2025-09-21 20:13:27 | ERROR    | src.bot:_update_market_data:323 - Failed to update market data for ADA/USDT: module 'pandas' has no attribute 'np'
2025-09-21 20:13:27 | WARNING  | src.strategies.momentum_strategy:analyze:31 - No historical data for ADA/USDT
2025-09-21 20:13:27 | ERROR    | src.bot:_update_performance_metrics:488 - Failed to update performance metrics: DatabaseManager.update_bot_status() takes from 3 to 4 positional arguments but 5 were given
2025-09-21 20:13:28 | ERROR    | src.exchanges.binance_th_exchange:_make_request:106 - API request failed: API Error -1121: Invalid symbol.
2025-09-21 20:13:28 | ERROR    | src.exchanges.binance_th_exchange:get_ticker:161 - Failed to get Binance TH ticker for BTC/THB: API Error -1121: Invalid symbol.
2025-09-21 20:13:28 | ERROR    | src.bot:_update_market_data:323 - Failed to update market data for BTC/THB: API Error -1121: Invalid symbol.
2025-09-21 20:13:28 | WARNING  | src.strategies.grid_strategy:analyze:29 - No historical data for BTC/THB
2025-09-21 20:13:28 | ERROR    | src.bot:_update_performance_metrics:488 - Failed to update performance metrics: DatabaseManager.update_bot_status() takes from 3 to 4 positional arguments but 5 were given
2025-09-21 20:13:28 | ERROR    | src.exchanges.binance_th_exchange:_make_request:106 - API request failed: API Error -1121: Invalid symbol.
2025-09-21 20:13:28 | ERROR    | src.exchanges.binance_th_exchange:get_ticker:161 - Failed to get Binance TH ticker for ETH/THB: API Error -1121: Invalid symbol.
2025-09-21 20:13:28 | ERROR    | src.bot:_update_market_data:323 - Failed to update market data for ETH/THB: API Error -1121: Invalid symbol.
2025-09-21 20:13:28 | WARNING  | src.strategies.momentum_strategy:analyze:31 - No historical data for ETH/THB
2025-09-21 20:13:28 | ERROR    | src.bot:_update_performance_metrics:488 - Failed to update performance metrics: DatabaseManager.update_bot_status() takes from 3 to 4 positional arguments but 5 were given
2025-09-21 20:13:29 | INFO     | src.database:update_bot_status:189 - Bot d670f5bd-d334-4228-bf10-930decd14a31 status updated to running
2025-09-21 20:13:29 | INFO     | src.database:insert_bot_metrics:228 - Bot metrics inserted for d670f5bd-d334-4228-bf10-930decd14a31
2025-09-21 20:13:31 | INFO     | src.database:update_bot_status:189 - Bot 4de519c6-7379-44d9-8df2-9f4c941d1d3b status updated to running
2025-09-21 20:13:31 | INFO     | src.database:insert_bot_metrics:228 - Bot metrics inserted for 4de519c6-7379-44d9-8df2-9f4c941d1d3b
2025-09-21 20:13:33 | INFO     | src.database:update_bot_status:189 - Bot 3050619d-c54b-49ba-a4f4-e328aba8a227 status updated to running
2025-09-21 20:13:33 | INFO     | src.database:insert_bot_metrics:228 - Bot metrics inserted for 3050619d-c54b-49ba-a4f4-e328aba8a227
2025-09-21 20:13:36 | INFO     | src.database:update_bot_status:189 - Bot 3bd54ecf-276a-4de4-bdc5-891fc5ba8ee0 status updated to running
2025-09-21 20:13:36 | INFO     | src.database:insert_bot_metrics:228 - Bot metrics inserted for 3bd54ecf-276a-4de4-bdc5-891fc5ba8ee0
2025-09-21 20:13:49 | INFO     | src.database:update_bot_status:189 - Bot 53834af7-09d6-4312-b695-b1858adc10f5 status updated to running
2025-09-21 20:13:50 | INFO     | src.database:insert_bot_metrics:228 - Bot metrics inserted for 53834af7-09d6-4312-b695-b1858adc10f5
2025-09-21 20:14:19 | ERROR    | src.bot:_update_market_data:323 - Failed to update market data for BTC/USDT: module 'pandas' has no attribute 'np'
2025-09-21 20:14:19 | WARNING  | src.strategies.grid_strategy:analyze:29 - No historical data for BTC/USDT
2025-09-21 20:14:19 | ERROR    | src.bot:_update_performance_metrics:488 - Failed to update performance metrics: DatabaseManager.update_bot_status() takes from 3 to 4 positional arguments but 5 were given
2025-09-21 20:14:20 | ERROR    | src.bot:_update_market_data:323 - Failed to update market data for ETH/USDT: module 'pandas' has no attribute 'np'
2025-09-21 20:14:20 | WARNING  | src.strategies.grid_strategy:analyze:29 - No historical data for ETH/USDT
2025-09-21 20:14:20 | ERROR    | src.bot:_update_performance_metrics:488 - Failed to update performance metrics: DatabaseManager.update_bot_status() takes from 3 to 4 positional arguments but 5 were given
2025-09-21 20:14:29 | ERROR    | src.bot:_update_market_data:323 - Failed to update market data for ADA/USDT: module 'pandas' has no attribute 'np'
2025-09-21 20:14:29 | WARNING  | src.strategies.momentum_strategy:analyze:31 - No historical data for ADA/USDT
2025-09-21 20:14:29 | ERROR    | src.bot:_update_performance_metrics:488 - Failed to update performance metrics: DatabaseManager.update_bot_status() takes from 3 to 4 positional arguments but 5 were given
2025-09-21 20:14:29 | ERROR    | src.exchanges.binance_th_exchange:_make_request:106 - API request failed: API Error -1121: Invalid symbol.
2025-09-21 20:14:29 | ERROR    | src.exchanges.binance_th_exchange:get_ticker:161 - Failed to get Binance TH ticker for BTC/THB: API Error -1121: Invalid symbol.
2025-09-21 20:14:29 | ERROR    | src.bot:_update_market_data:323 - Failed to update market data for BTC/THB: API Error -1121: Invalid symbol.
2025-09-21 20:14:29 | WARNING  | src.strategies.grid_strategy:analyze:29 - No historical data for BTC/THB
2025-09-21 20:14:29 | ERROR    | src.bot:_update_performance_metrics:488 - Failed to update performance metrics: DatabaseManager.update_bot_status() takes from 3 to 4 positional arguments but 5 were given
2025-09-21 20:14:30 | ERROR    | src.exchanges.binance_th_exchange:_make_request:106 - API request failed: API Error -1121: Invalid symbol.
2025-09-21 20:14:30 | ERROR    | src.exchanges.binance_th_exchange:get_ticker:161 - Failed to get Binance TH ticker for ETH/THB: API Error -1121: Invalid symbol.
2025-09-21 20:14:30 | ERROR    | src.bot:_update_market_data:323 - Failed to update market data for ETH/THB: API Error -1121: Invalid symbol.
2025-09-21 20:14:30 | WARNING  | src.strategies.momentum_strategy:analyze:31 - No historical data for ETH/THB
2025-09-21 20:14:30 | ERROR    | src.bot:_update_performance_metrics:488 - Failed to update performance metrics: DatabaseManager.update_bot_status() takes from 3 to 4 positional arguments but 5 were given
2025-09-21 20:14:31 | INFO     | src.database:update_bot_status:189 - Bot d670f5bd-d334-4228-bf10-930decd14a31 status updated to running
2025-09-21 20:14:31 | INFO     | src.database:insert_bot_metrics:228 - Bot metrics inserted for d670f5bd-d334-4228-bf10-930decd14a31
2025-09-21 20:14:32 | INFO     | src.database:update_bot_status:189 - Bot 4de519c6-7379-44d9-8df2-9f4c941d1d3b status updated to running
2025-09-21 20:14:32 | INFO     | src.database:insert_bot_metrics:228 - Bot metrics inserted for 4de519c6-7379-44d9-8df2-9f4c941d1d3b
2025-09-21 20:14:34 | INFO     | src.database:update_bot_status:189 - Bot 3050619d-c54b-49ba-a4f4-e328aba8a227 status updated to running
2025-09-21 20:14:34 | INFO     | src.database:insert_bot_metrics:228 - Bot metrics inserted for 3050619d-c54b-49ba-a4f4-e328aba8a227
2025-09-21 20:14:38 | INFO     | src.database:update_bot_status:189 - Bot 3bd54ecf-276a-4de4-bdc5-891fc5ba8ee0 status updated to running
2025-09-21 20:14:38 | INFO     | src.database:insert_bot_metrics:228 - Bot metrics inserted for 3bd54ecf-276a-4de4-bdc5-891fc5ba8ee0
2025-09-21 20:14:51 | INFO     | src.database:update_bot_status:189 - Bot 53834af7-09d6-4312-b695-b1858adc10f5 status updated to running
2025-09-21 20:14:51 | INFO     | src.database:insert_bot_metrics:228 - Bot metrics inserted for 53834af7-09d6-4312-b695-b1858adc10f5
2025-09-21 20:15:20 | ERROR    | src.bot:_update_market_data:323 - Failed to update market data for BTC/USDT: module 'pandas' has no attribute 'np'
2025-09-21 20:15:20 | WARNING  | src.strategies.grid_strategy:analyze:29 - No historical data for BTC/USDT
2025-09-21 20:15:20 | ERROR    | src.bot:_update_performance_metrics:488 - Failed to update performance metrics: DatabaseManager.update_bot_status() takes from 3 to 4 positional arguments but 5 were given
2025-09-21 20:15:21 | ERROR    | src.bot:_update_market_data:323 - Failed to update market data for ETH/USDT: module 'pandas' has no attribute 'np'
2025-09-21 20:15:21 | WARNING  | src.strategies.grid_strategy:analyze:29 - No historical data for ETH/USDT
2025-09-21 20:15:21 | ERROR    | src.bot:_update_performance_metrics:488 - Failed to update performance metrics: DatabaseManager.update_bot_status() takes from 3 to 4 positional arguments but 5 were given
2025-09-21 20:15:30 | ERROR    | src.bot:_update_market_data:323 - Failed to update market data for ADA/USDT: module 'pandas' has no attribute 'np'
2025-09-21 20:15:30 | WARNING  | src.strategies.momentum_strategy:analyze:31 - No historical data for ADA/USDT
2025-09-21 20:15:30 | ERROR    | src.bot:_update_performance_metrics:488 - Failed to update performance metrics: DatabaseManager.update_bot_status() takes from 3 to 4 positional arguments but 5 were given
2025-09-21 20:15:31 | ERROR    | src.exchanges.binance_th_exchange:_make_request:106 - API request failed: API Error -1121: Invalid symbol.
2025-09-21 20:15:31 | ERROR    | src.exchanges.binance_th_exchange:get_ticker:161 - Failed to get Binance TH ticker for BTC/THB: API Error -1121: Invalid symbol.
2025-09-21 20:15:31 | ERROR    | src.bot:_update_market_data:323 - Failed to update market data for BTC/THB: API Error -1121: Invalid symbol.
2025-09-21 20:15:31 | WARNING  | src.strategies.grid_strategy:analyze:29 - No historical data for BTC/THB
2025-09-21 20:15:31 | ERROR    | src.bot:_update_performance_metrics:488 - Failed to update performance metrics: DatabaseManager.update_bot_status() takes from 3 to 4 positional arguments but 5 were given
2025-09-21 20:15:31 | ERROR    | src.exchanges.binance_th_exchange:_make_request:106 - API request failed: API Error -1121: Invalid symbol.
2025-09-21 20:15:31 | ERROR    | src.exchanges.binance_th_exchange:get_ticker:161 - Failed to get Binance TH ticker for ETH/THB: API Error -1121: Invalid symbol.
2025-09-21 20:15:31 | ERROR    | src.bot:_update_market_data:323 - Failed to update market data for ETH/THB: API Error -1121: Invalid symbol.
2025-09-21 20:15:31 | WARNING  | src.strategies.momentum_strategy:analyze:31 - No historical data for ETH/THB
2025-09-21 20:15:31 | ERROR    | src.bot:_update_performance_metrics:488 - Failed to update performance metrics: DatabaseManager.update_bot_status() takes from 3 to 4 positional arguments but 5 were given
2025-09-21 20:15:32 | INFO     | src.database:update_bot_status:189 - Bot d670f5bd-d334-4228-bf10-930decd14a31 status updated to running
2025-09-21 20:15:32 | INFO     | src.database:insert_bot_metrics:228 - Bot metrics inserted for d670f5bd-d334-4228-bf10-930decd14a31
2025-09-21 20:15:33 | INFO     | src.database:update_bot_status:189 - Bot 4de519c6-7379-44d9-8df2-9f4c941d1d3b status updated to running
2025-09-21 20:15:33 | INFO     | src.database:insert_bot_metrics:228 - Bot metrics inserted for 4de519c6-7379-44d9-8df2-9f4c941d1d3b
2025-09-21 20:15:36 | INFO     | src.database:update_bot_status:189 - Bot 3050619d-c54b-49ba-a4f4-e328aba8a227 status updated to running
2025-09-21 20:15:36 | INFO     | src.database:insert_bot_metrics:228 - Bot metrics inserted for 3050619d-c54b-49ba-a4f4-e328aba8a227
2025-09-21 20:15:40 | INFO     | src.database:update_bot_status:189 - Bot 3bd54ecf-276a-4de4-bdc5-891fc5ba8ee0 status updated to running
2025-09-21 20:15:40 | INFO     | src.database:insert_bot_metrics:228 - Bot metrics inserted for 3bd54ecf-276a-4de4-bdc5-891fc5ba8ee0
2025-09-21 20:15:53 | INFO     | src.database:update_bot_status:189 - Bot 53834af7-09d6-4312-b695-b1858adc10f5 status updated to running
2025-09-21 20:15:53 | INFO     | src.database:insert_bot_metrics:228 - Bot metrics inserted for 53834af7-09d6-4312-b695-b1858adc10f5
2025-09-21 20:16:22 | ERROR    | src.bot:_update_market_data:323 - Failed to update market data for BTC/USDT: module 'pandas' has no attribute 'np'
2025-09-21 20:16:22 | WARNING  | src.strategies.grid_strategy:analyze:29 - No historical data for BTC/USDT
2025-09-21 20:16:22 | ERROR    | src.bot:_update_performance_metrics:488 - Failed to update performance metrics: DatabaseManager.update_bot_status() takes from 3 to 4 positional arguments but 5 were given
2025-09-21 20:16:24 | ERROR    | src.bot:_update_market_data:323 - Failed to update market data for ETH/USDT: module 'pandas' has no attribute 'np'
2025-09-21 20:16:24 | WARNING  | src.strategies.grid_strategy:analyze:29 - No historical data for ETH/USDT
2025-09-21 20:16:24 | ERROR    | src.bot:_update_performance_metrics:488 - Failed to update performance metrics: DatabaseManager.update_bot_status() takes from 3 to 4 positional arguments but 5 were given
2025-09-21 20:16:31 | ERROR    | src.bot:_update_market_data:323 - Failed to update market data for ADA/USDT: module 'pandas' has no attribute 'np'
2025-09-21 20:16:31 | WARNING  | src.strategies.momentum_strategy:analyze:31 - No historical data for ADA/USDT
2025-09-21 20:16:31 | ERROR    | src.bot:_update_performance_metrics:488 - Failed to update performance metrics: DatabaseManager.update_bot_status() takes from 3 to 4 positional arguments but 5 were given
2025-09-21 20:16:32 | ERROR    | src.exchanges.binance_th_exchange:_make_request:106 - API request failed: API Error -1121: Invalid symbol.
2025-09-21 20:16:32 | ERROR    | src.exchanges.binance_th_exchange:get_ticker:161 - Failed to get Binance TH ticker for BTC/THB: API Error -1121: Invalid symbol.
2025-09-21 20:16:32 | ERROR    | src.bot:_update_market_data:323 - Failed to update market data for BTC/THB: API Error -1121: Invalid symbol.
2025-09-21 20:16:32 | WARNING  | src.strategies.grid_strategy:analyze:29 - No historical data for BTC/THB
2025-09-21 20:16:32 | ERROR    | src.bot:_update_performance_metrics:488 - Failed to update performance metrics: DatabaseManager.update_bot_status() takes from 3 to 4 positional arguments but 5 were given
2025-09-21 20:16:32 | ERROR    | src.exchanges.binance_th_exchange:_make_request:106 - API request failed: API Error -1121: Invalid symbol.
2025-09-21 20:16:32 | ERROR    | src.exchanges.binance_th_exchange:get_ticker:161 - Failed to get Binance TH ticker for ETH/THB: API Error -1121: Invalid symbol.
2025-09-21 20:16:32 | ERROR    | src.bot:_update_market_data:323 - Failed to update market data for ETH/THB: API Error -1121: Invalid symbol.
2025-09-21 20:16:32 | WARNING  | src.strategies.momentum_strategy:analyze:31 - No historical data for ETH/THB
2025-09-21 20:16:32 | ERROR    | src.bot:_update_performance_metrics:488 - Failed to update performance metrics: DatabaseManager.update_bot_status() takes from 3 to 4 positional arguments but 5 were given
2025-09-21 20:16:34 | INFO     | src.database:update_bot_status:189 - Bot d670f5bd-d334-4228-bf10-930decd14a31 status updated to running
2025-09-21 20:16:34 | INFO     | src.database:insert_bot_metrics:228 - Bot metrics inserted for d670f5bd-d334-4228-bf10-930decd14a31
2025-09-21 20:16:35 | INFO     | src.database:update_bot_status:189 - Bot 4de519c6-7379-44d9-8df2-9f4c941d1d3b status updated to running
2025-09-21 20:16:35 | INFO     | src.database:insert_bot_metrics:228 - Bot metrics inserted for 4de519c6-7379-44d9-8df2-9f4c941d1d3b
2025-09-21 20:16:37 | INFO     | src.database:update_bot_status:189 - Bot 3050619d-c54b-49ba-a4f4-e328aba8a227 status updated to running
2025-09-21 20:16:37 | INFO     | src.database:insert_bot_metrics:228 - Bot metrics inserted for 3050619d-c54b-49ba-a4f4-e328aba8a227
2025-09-21 20:16:41 | INFO     | src.database:update_bot_status:189 - Bot 3bd54ecf-276a-4de4-bdc5-891fc5ba8ee0 status updated to running
2025-09-21 20:16:41 | INFO     | src.database:insert_bot_metrics:228 - Bot metrics inserted for 3bd54ecf-276a-4de4-bdc5-891fc5ba8ee0
2025-09-21 20:16:54 | INFO     | src.bot:_execute_signal:346 - Executing buy signal for ETH/USDT at $4471.5700
2025-09-21 20:16:55 | ERROR    | src.exchanges.binance_th_exchange:_make_request:106 - API request failed: API Error -1111: Parameter 'quantity' has too much precision.
2025-09-21 20:16:55 | ERROR    | src.exchanges.binance_th_exchange:place_order:211 - Failed to place order on Binance TH: API Error -1111: Parameter 'quantity' has too much precision.
2025-09-21 20:16:55 | ERROR    | src.bot:_execute_signal:397 - Failed to execute signal for ETH/USDT: API Error -1111: Parameter 'quantity' has too much precision.
2025-09-21 20:16:55 | INFO     | src.database:update_bot_status:189 - Bot 53834af7-09d6-4312-b695-b1858adc10f5 status updated to running
2025-09-21 20:16:55 | INFO     | src.database:insert_bot_metrics:228 - Bot metrics inserted for 53834af7-09d6-4312-b695-b1858adc10f5
2025-09-21 20:17:23 | ERROR    | src.bot:_update_market_data:323 - Failed to update market data for BTC/USDT: module 'pandas' has no attribute 'np'
2025-09-21 20:17:23 | WARNING  | src.strategies.grid_strategy:analyze:29 - No historical data for BTC/USDT
2025-09-21 20:17:23 | ERROR    | src.bot:_update_performance_metrics:488 - Failed to update performance metrics: DatabaseManager.update_bot_status() takes from 3 to 4 positional arguments but 5 were given
2025-09-21 20:17:25 | ERROR    | src.bot:_update_market_data:323 - Failed to update market data for ETH/USDT: module 'pandas' has no attribute 'np'
2025-09-21 20:17:25 | WARNING  | src.strategies.grid_strategy:analyze:29 - No historical data for ETH/USDT
2025-09-21 20:17:25 | ERROR    | src.bot:_update_performance_metrics:488 - Failed to update performance metrics: DatabaseManager.update_bot_status() takes from 3 to 4 positional arguments but 5 were given
2025-09-21 20:17:32 | ERROR    | src.bot:_update_market_data:323 - Failed to update market data for ADA/USDT: module 'pandas' has no attribute 'np'
2025-09-21 20:17:32 | WARNING  | src.strategies.momentum_strategy:analyze:31 - No historical data for ADA/USDT
2025-09-21 20:17:32 | ERROR    | src.bot:_update_performance_metrics:488 - Failed to update performance metrics: DatabaseManager.update_bot_status() takes from 3 to 4 positional arguments but 5 were given
2025-09-21 20:17:33 | ERROR    | src.exchanges.binance_th_exchange:_make_request:106 - API request failed: API Error -1121: Invalid symbol.
2025-09-21 20:17:33 | ERROR    | src.exchanges.binance_th_exchange:get_ticker:161 - Failed to get Binance TH ticker for ETH/THB: API Error -1121: Invalid symbol.
2025-09-21 20:17:33 | ERROR    | src.bot:_update_market_data:323 - Failed to update market data for ETH/THB: API Error -1121: Invalid symbol.
2025-09-21 20:17:33 | WARNING  | src.strategies.momentum_strategy:analyze:31 - No historical data for ETH/THB
2025-09-21 20:17:33 | ERROR    | src.bot:_update_performance_metrics:488 - Failed to update performance metrics: DatabaseManager.update_bot_status() takes from 3 to 4 positional arguments but 5 were given
2025-09-21 20:17:34 | ERROR    | src.exchanges.binance_th_exchange:_make_request:106 - API request failed: API Error -1121: Invalid symbol.
2025-09-21 20:17:34 | ERROR    | src.exchanges.binance_th_exchange:get_ticker:161 - Failed to get Binance TH ticker for BTC/THB: API Error -1121: Invalid symbol.
2025-09-21 20:17:34 | ERROR    | src.bot:_update_market_data:323 - Failed to update market data for BTC/THB: API Error -1121: Invalid symbol.
2025-09-21 20:17:34 | WARNING  | src.strategies.grid_strategy:analyze:29 - No historical data for BTC/THB
2025-09-21 20:17:34 | ERROR    | src.bot:_update_performance_metrics:488 - Failed to update performance metrics: DatabaseManager.update_bot_status() takes from 3 to 4 positional arguments but 5 were given
2025-09-21 20:17:36 | INFO     | src.database:update_bot_status:189 - Bot d670f5bd-d334-4228-bf10-930decd14a31 status updated to running
2025-09-21 20:17:36 | INFO     | src.database:insert_bot_metrics:228 - Bot metrics inserted for d670f5bd-d334-4228-bf10-930decd14a31
2025-09-21 20:17:37 | INFO     | src.database:update_bot_status:189 - Bot 4de519c6-7379-44d9-8df2-9f4c941d1d3b status updated to running
2025-09-21 20:17:37 | INFO     | src.database:insert_bot_metrics:228 - Bot metrics inserted for 4de519c6-7379-44d9-8df2-9f4c941d1d3b
2025-09-21 20:17:38 | INFO     | src.database:update_bot_status:189 - Bot 3050619d-c54b-49ba-a4f4-e328aba8a227 status updated to running
2025-09-21 20:17:38 | INFO     | src.database:insert_bot_metrics:228 - Bot metrics inserted for 3050619d-c54b-49ba-a4f4-e328aba8a227
2025-09-21 20:17:42 | INFO     | src.database:update_bot_status:189 - Bot 3bd54ecf-276a-4de4-bdc5-891fc5ba8ee0 status updated to running
2025-09-21 20:17:43 | INFO     | src.database:insert_bot_metrics:228 - Bot metrics inserted for 3bd54ecf-276a-4de4-bdc5-891fc5ba8ee0
2025-09-21 20:17:56 | INFO     | src.bot:_execute_signal:346 - Executing buy signal for ETH/USDT at $4470.7100
2025-09-21 20:17:57 | ERROR    | src.exchanges.binance_th_exchange:_make_request:106 - API request failed: API Error -1111: Parameter 'quantity' has too much precision.
2025-09-21 20:17:57 | ERROR    | src.exchanges.binance_th_exchange:place_order:211 - Failed to place order on Binance TH: API Error -1111: Parameter 'quantity' has too much precision.
2025-09-21 20:17:57 | ERROR    | src.bot:_execute_signal:397 - Failed to execute signal for ETH/USDT: API Error -1111: Parameter 'quantity' has too much precision.
2025-09-21 20:17:57 | INFO     | src.database:update_bot_status:189 - Bot 53834af7-09d6-4312-b695-b1858adc10f5 status updated to running
2025-09-21 20:17:57 | INFO     | src.database:insert_bot_metrics:228 - Bot metrics inserted for 53834af7-09d6-4312-b695-b1858adc10f5
2025-09-21 20:18:25 | ERROR    | src.bot:_update_market_data:323 - Failed to update market data for BTC/USDT: module 'pandas' has no attribute 'np'
2025-09-21 20:18:25 | WARNING  | src.strategies.grid_strategy:analyze:29 - No historical data for BTC/USDT
2025-09-21 20:18:25 | ERROR    | src.bot:_update_performance_metrics:488 - Failed to update performance metrics: DatabaseManager.update_bot_status() takes from 3 to 4 positional arguments but 5 were given
2025-09-21 20:18:27 | ERROR    | src.bot:_update_market_data:323 - Failed to update market data for ETH/USDT: module 'pandas' has no attribute 'np'
2025-09-21 20:18:27 | WARNING  | src.strategies.grid_strategy:analyze:29 - No historical data for ETH/USDT
2025-09-21 20:18:27 | ERROR    | src.bot:_update_performance_metrics:488 - Failed to update performance metrics: DatabaseManager.update_bot_status() takes from 3 to 4 positional arguments but 5 were given
2025-09-21 20:18:33 | ERROR    | src.bot:_update_market_data:323 - Failed to update market data for ADA/USDT: module 'pandas' has no attribute 'np'
2025-09-21 20:18:33 | WARNING  | src.strategies.momentum_strategy:analyze:31 - No historical data for ADA/USDT
2025-09-21 20:18:33 | ERROR    | src.bot:_update_performance_metrics:488 - Failed to update performance metrics: DatabaseManager.update_bot_status() takes from 3 to 4 positional arguments but 5 were given
2025-09-21 20:18:34 | ERROR    | src.exchanges.binance_th_exchange:_make_request:106 - API request failed: API Error -1121: Invalid symbol.
2025-09-21 20:18:34 | ERROR    | src.exchanges.binance_th_exchange:get_ticker:161 - Failed to get Binance TH ticker for ETH/THB: API Error -1121: Invalid symbol.
2025-09-21 20:18:34 | ERROR    | src.bot:_update_market_data:323 - Failed to update market data for ETH/THB: API Error -1121: Invalid symbol.
2025-09-21 20:18:34 | WARNING  | src.strategies.momentum_strategy:analyze:31 - No historical data for ETH/THB
2025-09-21 20:18:34 | ERROR    | src.bot:_update_performance_metrics:488 - Failed to update performance metrics: DatabaseManager.update_bot_status() takes from 3 to 4 positional arguments but 5 were given
2025-09-21 20:18:36 | ERROR    | src.exchanges.binance_th_exchange:_make_request:106 - API request failed: API Error -1121: Invalid symbol.
2025-09-21 20:18:36 | ERROR    | src.exchanges.binance_th_exchange:get_ticker:161 - Failed to get Binance TH ticker for BTC/THB: API Error -1121: Invalid symbol.
2025-09-21 20:18:36 | ERROR    | src.bot:_update_market_data:323 - Failed to update market data for BTC/THB: API Error -1121: Invalid symbol.
2025-09-21 20:18:36 | WARNING  | src.strategies.grid_strategy:analyze:29 - No historical data for BTC/THB
2025-09-21 20:18:36 | ERROR    | src.bot:_update_performance_metrics:488 - Failed to update performance metrics: DatabaseManager.update_bot_status() takes from 3 to 4 positional arguments but 5 were given
2025-09-21 20:18:37 | INFO     | src.database:update_bot_status:189 - Bot d670f5bd-d334-4228-bf10-930decd14a31 status updated to running
2025-09-21 20:18:38 | INFO     | src.database:insert_bot_metrics:228 - Bot metrics inserted for d670f5bd-d334-4228-bf10-930decd14a31
2025-09-21 20:18:38 | INFO     | src.database:update_bot_status:189 - Bot 4de519c6-7379-44d9-8df2-9f4c941d1d3b status updated to running
2025-09-21 20:18:38 | INFO     | src.database:insert_bot_metrics:228 - Bot metrics inserted for 4de519c6-7379-44d9-8df2-9f4c941d1d3b
2025-09-21 20:18:40 | INFO     | src.database:update_bot_status:189 - Bot 3050619d-c54b-49ba-a4f4-e328aba8a227 status updated to running
2025-09-21 20:18:40 | INFO     | src.database:insert_bot_metrics:228 - Bot metrics inserted for 3050619d-c54b-49ba-a4f4-e328aba8a227
2025-09-21 20:18:44 | INFO     | src.database:update_bot_status:189 - Bot 3bd54ecf-276a-4de4-bdc5-891fc5ba8ee0 status updated to running
2025-09-21 20:18:44 | INFO     | src.database:insert_bot_metrics:228 - Bot metrics inserted for 3bd54ecf-276a-4de4-bdc5-891fc5ba8ee0
2025-09-21 20:18:58 | INFO     | src.bot:_execute_signal:346 - Executing buy signal for ETH/USDT at $4470.2300
2025-09-21 20:18:59 | ERROR    | src.exchanges.binance_th_exchange:_make_request:106 - API request failed: API Error -1111: Parameter 'quantity' has too much precision.
2025-09-21 20:18:59 | ERROR    | src.exchanges.binance_th_exchange:place_order:211 - Failed to place order on Binance TH: API Error -1111: Parameter 'quantity' has too much precision.
2025-09-21 20:18:59 | ERROR    | src.bot:_execute_signal:397 - Failed to execute signal for ETH/USDT: API Error -1111: Parameter 'quantity' has too much precision.
2025-09-21 20:19:00 | INFO     | src.database:update_bot_status:189 - Bot 53834af7-09d6-4312-b695-b1858adc10f5 status updated to running
2025-09-21 20:19:00 | INFO     | src.database:insert_bot_metrics:228 - Bot metrics inserted for 53834af7-09d6-4312-b695-b1858adc10f5
2025-09-21 20:19:26 | ERROR    | src.bot:_update_market_data:323 - Failed to update market data for BTC/USDT: module 'pandas' has no attribute 'np'
2025-09-21 20:19:26 | WARNING  | src.strategies.grid_strategy:analyze:29 - No historical data for BTC/USDT
2025-09-21 20:19:26 | ERROR    | src.bot:_update_performance_metrics:488 - Failed to update performance metrics: DatabaseManager.update_bot_status() takes from 3 to 4 positional arguments but 5 were given
2025-09-21 20:19:28 | ERROR    | src.bot:_update_market_data:323 - Failed to update market data for ETH/USDT: module 'pandas' has no attribute 'np'
2025-09-21 20:19:28 | WARNING  | src.strategies.grid_strategy:analyze:29 - No historical data for ETH/USDT
2025-09-21 20:19:28 | ERROR    | src.bot:_update_performance_metrics:488 - Failed to update performance metrics: DatabaseManager.update_bot_status() takes from 3 to 4 positional arguments but 5 were given
2025-09-21 20:19:35 | ERROR    | src.bot:_update_market_data:323 - Failed to update market data for ADA/USDT: module 'pandas' has no attribute 'np'
2025-09-21 20:19:35 | WARNING  | src.strategies.momentum_strategy:analyze:31 - No historical data for ADA/USDT
2025-09-21 20:19:35 | ERROR    | src.bot:_update_performance_metrics:488 - Failed to update performance metrics: DatabaseManager.update_bot_status() takes from 3 to 4 positional arguments but 5 were given
2025-09-21 20:19:35 | ERROR    | src.exchanges.binance_th_exchange:_make_request:106 - API request failed: API Error -1121: Invalid symbol.
2025-09-21 20:19:35 | ERROR    | src.exchanges.binance_th_exchange:get_ticker:161 - Failed to get Binance TH ticker for ETH/THB: API Error -1121: Invalid symbol.
2025-09-21 20:19:35 | ERROR    | src.bot:_update_market_data:323 - Failed to update market data for ETH/THB: API Error -1121: Invalid symbol.
2025-09-21 20:19:35 | WARNING  | src.strategies.momentum_strategy:analyze:31 - No historical data for ETH/THB
2025-09-21 20:19:35 | ERROR    | src.bot:_update_performance_metrics:488 - Failed to update performance metrics: DatabaseManager.update_bot_status() takes from 3 to 4 positional arguments but 5 were given
2025-09-21 20:19:37 | ERROR    | src.exchanges.binance_th_exchange:_make_request:106 - API request failed: API Error -1121: Invalid symbol.
2025-09-21 20:19:37 | ERROR    | src.exchanges.binance_th_exchange:get_ticker:161 - Failed to get Binance TH ticker for BTC/THB: API Error -1121: Invalid symbol.
2025-09-21 20:19:37 | ERROR    | src.bot:_update_market_data:323 - Failed to update market data for BTC/THB: API Error -1121: Invalid symbol.
2025-09-21 20:19:37 | WARNING  | src.strategies.grid_strategy:analyze:29 - No historical data for BTC/THB
2025-09-21 20:19:37 | ERROR    | src.bot:_update_performance_metrics:488 - Failed to update performance metrics: DatabaseManager.update_bot_status() takes from 3 to 4 positional arguments but 5 were given
2025-09-21 20:19:39 | INFO     | src.database:update_bot_status:189 - Bot d670f5bd-d334-4228-bf10-930decd14a31 status updated to running
2025-09-21 20:19:39 | INFO     | src.database:insert_bot_metrics:228 - Bot metrics inserted for d670f5bd-d334-4228-bf10-930decd14a31
2025-09-21 20:19:41 | INFO     | src.database:update_bot_status:189 - Bot 4de519c6-7379-44d9-8df2-9f4c941d1d3b status updated to running
2025-09-21 20:19:41 | INFO     | src.database:insert_bot_metrics:228 - Bot metrics inserted for 4de519c6-7379-44d9-8df2-9f4c941d1d3b
2025-09-21 20:19:41 | INFO     | src.database:update_bot_status:189 - Bot 3050619d-c54b-49ba-a4f4-e328aba8a227 status updated to running
2025-09-21 20:19:41 | INFO     | src.database:insert_bot_metrics:228 - Bot metrics inserted for 3050619d-c54b-49ba-a4f4-e328aba8a227
2025-09-21 20:19:46 | INFO     | src.database:update_bot_status:189 - Bot 3bd54ecf-276a-4de4-bdc5-891fc5ba8ee0 status updated to running
2025-09-21 20:19:46 | INFO     | src.database:insert_bot_metrics:228 - Bot metrics inserted for 3bd54ecf-276a-4de4-bdc5-891fc5ba8ee0
2025-09-21 20:20:01 | INFO     | src.database:update_bot_status:189 - Bot 53834af7-09d6-4312-b695-b1858adc10f5 status updated to running
2025-09-21 20:20:01 | INFO     | src.database:insert_bot_metrics:228 - Bot metrics inserted for 53834af7-09d6-4312-b695-b1858adc10f5
2025-09-21 20:20:27 | ERROR    | src.bot:_update_market_data:323 - Failed to update market data for BTC/USDT: module 'pandas' has no attribute 'np'
2025-09-21 20:20:27 | WARNING  | src.strategies.grid_strategy:analyze:29 - No historical data for BTC/USDT
2025-09-21 20:20:27 | ERROR    | src.bot:_update_performance_metrics:488 - Failed to update performance metrics: DatabaseManager.update_bot_status() takes from 3 to 4 positional arguments but 5 were given
2025-09-21 20:20:30 | ERROR    | src.bot:_update_market_data:323 - Failed to update market data for ETH/USDT: module 'pandas' has no attribute 'np'
2025-09-21 20:20:30 | WARNING  | src.strategies.grid_strategy:analyze:29 - No historical data for ETH/USDT
2025-09-21 20:20:30 | ERROR    | src.bot:_update_performance_metrics:488 - Failed to update performance metrics: DatabaseManager.update_bot_status() takes from 3 to 4 positional arguments but 5 were given
2025-09-21 20:20:36 | ERROR    | src.bot:_update_market_data:323 - Failed to update market data for ADA/USDT: module 'pandas' has no attribute 'np'
2025-09-21 20:20:36 | WARNING  | src.strategies.momentum_strategy:analyze:31 - No historical data for ADA/USDT
2025-09-21 20:20:36 | ERROR    | src.bot:_update_performance_metrics:488 - Failed to update performance metrics: DatabaseManager.update_bot_status() takes from 3 to 4 positional arguments but 5 were given
2025-09-21 20:20:37 | ERROR    | src.exchanges.binance_th_exchange:_make_request:106 - API request failed: API Error -1121: Invalid symbol.
2025-09-21 20:20:37 | ERROR    | src.exchanges.binance_th_exchange:get_ticker:161 - Failed to get Binance TH ticker for ETH/THB: API Error -1121: Invalid symbol.
2025-09-21 20:20:37 | ERROR    | src.bot:_update_market_data:323 - Failed to update market data for ETH/THB: API Error -1121: Invalid symbol.
2025-09-21 20:20:37 | WARNING  | src.strategies.momentum_strategy:analyze:31 - No historical data for ETH/THB
2025-09-21 20:20:37 | ERROR    | src.bot:_update_performance_metrics:488 - Failed to update performance metrics: DatabaseManager.update_bot_status() takes from 3 to 4 positional arguments but 5 were given
2025-09-21 20:20:38 | ERROR    | src.exchanges.binance_th_exchange:_make_request:106 - API request failed: API Error -1121: Invalid symbol.
2025-09-21 20:20:38 | ERROR    | src.exchanges.binance_th_exchange:get_ticker:161 - Failed to get Binance TH ticker for BTC/THB: API Error -1121: Invalid symbol.
2025-09-21 20:20:38 | ERROR    | src.bot:_update_market_data:323 - Failed to update market data for BTC/THB: API Error -1121: Invalid symbol.
2025-09-21 20:20:38 | WARNING  | src.strategies.grid_strategy:analyze:29 - No historical data for BTC/THB
2025-09-21 20:20:38 | ERROR    | src.bot:_update_performance_metrics:488 - Failed to update performance metrics: DatabaseManager.update_bot_status() takes from 3 to 4 positional arguments but 5 were given
2025-09-21 20:20:40 | INFO     | src.database:update_bot_status:189 - Bot d670f5bd-d334-4228-bf10-930decd14a31 status updated to running
2025-09-21 20:20:40 | INFO     | src.database:insert_bot_metrics:228 - Bot metrics inserted for d670f5bd-d334-4228-bf10-930decd14a31
2025-09-21 20:20:43 | INFO     | src.database:update_bot_status:189 - Bot 3050619d-c54b-49ba-a4f4-e328aba8a227 status updated to running
2025-09-21 20:20:43 | INFO     | src.database:insert_bot_metrics:228 - Bot metrics inserted for 3050619d-c54b-49ba-a4f4-e328aba8a227
2025-09-21 20:20:43 | INFO     | src.database:update_bot_status:189 - Bot 4de519c6-7379-44d9-8df2-9f4c941d1d3b status updated to running
2025-09-21 20:20:43 | INFO     | src.database:insert_bot_metrics:228 - Bot metrics inserted for 4de519c6-7379-44d9-8df2-9f4c941d1d3b
2025-09-21 20:20:47 | INFO     | src.database:update_bot_status:189 - Bot 3bd54ecf-276a-4de4-bdc5-891fc5ba8ee0 status updated to running
2025-09-21 20:20:47 | INFO     | src.database:insert_bot_metrics:228 - Bot metrics inserted for 3bd54ecf-276a-4de4-bdc5-891fc5ba8ee0
2025-09-21 20:21:02 | INFO     | src.database:update_bot_status:189 - Bot 53834af7-09d6-4312-b695-b1858adc10f5 status updated to running
2025-09-21 20:21:03 | INFO     | src.database:insert_bot_metrics:228 - Bot metrics inserted for 53834af7-09d6-4312-b695-b1858adc10f5
2025-09-21 20:21:29 | ERROR    | src.bot:_update_market_data:323 - Failed to update market data for BTC/USDT: module 'pandas' has no attribute 'np'
2025-09-21 20:21:29 | WARNING  | src.strategies.grid_strategy:analyze:29 - No historical data for BTC/USDT
2025-09-21 20:21:29 | ERROR    | src.bot:_update_performance_metrics:488 - Failed to update performance metrics: DatabaseManager.update_bot_status() takes from 3 to 4 positional arguments but 5 were given
2025-09-21 20:21:31 | ERROR    | src.bot:_update_market_data:323 - Failed to update market data for ETH/USDT: module 'pandas' has no attribute 'np'
2025-09-21 20:21:31 | WARNING  | src.strategies.grid_strategy:analyze:29 - No historical data for ETH/USDT
2025-09-21 20:21:31 | ERROR    | src.bot:_update_performance_metrics:488 - Failed to update performance metrics: DatabaseManager.update_bot_status() takes from 3 to 4 positional arguments but 5 were given
2025-09-21 20:21:37 | ERROR    | src.bot:_update_market_data:323 - Failed to update market data for ADA/USDT: module 'pandas' has no attribute 'np'
2025-09-21 20:21:37 | WARNING  | src.strategies.momentum_strategy:analyze:31 - No historical data for ADA/USDT
2025-09-21 20:21:37 | ERROR    | src.bot:_update_performance_metrics:488 - Failed to update performance metrics: DatabaseManager.update_bot_status() takes from 3 to 4 positional arguments but 5 were given
2025-09-21 20:21:38 | ERROR    | src.exchanges.binance_th_exchange:_make_request:106 - API request failed: API Error -1121: Invalid symbol.
2025-09-21 20:21:38 | ERROR    | src.exchanges.binance_th_exchange:get_ticker:161 - Failed to get Binance TH ticker for ETH/THB: API Error -1121: Invalid symbol.
2025-09-21 20:21:38 | ERROR    | src.bot:_update_market_data:323 - Failed to update market data for ETH/THB: API Error -1121: Invalid symbol.
2025-09-21 20:21:38 | WARNING  | src.strategies.momentum_strategy:analyze:31 - No historical data for ETH/THB
2025-09-21 20:21:38 | ERROR    | src.bot:_update_performance_metrics:488 - Failed to update performance metrics: DatabaseManager.update_bot_status() takes from 3 to 4 positional arguments but 5 were given
2025-09-21 20:21:40 | ERROR    | src.exchanges.binance_th_exchange:_make_request:106 - API request failed: API Error -1121: Invalid symbol.
2025-09-21 20:21:40 | ERROR    | src.exchanges.binance_th_exchange:get_ticker:161 - Failed to get Binance TH ticker for BTC/THB: API Error -1121: Invalid symbol.
2025-09-21 20:21:40 | ERROR    | src.bot:_update_market_data:323 - Failed to update market data for BTC/THB: API Error -1121: Invalid symbol.
2025-09-21 20:21:40 | WARNING  | src.strategies.grid_strategy:analyze:29 - No historical data for BTC/THB
2025-09-21 20:21:40 | ERROR    | src.bot:_update_performance_metrics:488 - Failed to update performance metrics: DatabaseManager.update_bot_status() takes from 3 to 4 positional arguments but 5 were given
2025-09-21 20:21:42 | INFO     | src.database:update_bot_status:189 - Bot d670f5bd-d334-4228-bf10-930decd14a31 status updated to running
2025-09-21 20:21:42 | INFO     | src.database:insert_bot_metrics:228 - Bot metrics inserted for d670f5bd-d334-4228-bf10-930decd14a31
2025-09-21 20:21:44 | INFO     | src.database:update_bot_status:189 - Bot 3050619d-c54b-49ba-a4f4-e328aba8a227 status updated to running
2025-09-21 20:21:44 | INFO     | src.database:insert_bot_metrics:228 - Bot metrics inserted for 3050619d-c54b-49ba-a4f4-e328aba8a227
2025-09-21 20:21:45 | INFO     | src.database:update_bot_status:189 - Bot 4de519c6-7379-44d9-8df2-9f4c941d1d3b status updated to running
2025-09-21 20:21:45 | INFO     | src.database:insert_bot_metrics:228 - Bot metrics inserted for 4de519c6-7379-44d9-8df2-9f4c941d1d3b
2025-09-21 20:21:49 | INFO     | src.database:update_bot_status:189 - Bot 3bd54ecf-276a-4de4-bdc5-891fc5ba8ee0 status updated to running
2025-09-21 20:21:49 | INFO     | src.database:insert_bot_metrics:228 - Bot metrics inserted for 3bd54ecf-276a-4de4-bdc5-891fc5ba8ee0
2025-09-21 20:22:04 | INFO     | src.database:update_bot_status:189 - Bot 53834af7-09d6-4312-b695-b1858adc10f5 status updated to running
2025-09-21 20:22:04 | INFO     | src.database:insert_bot_metrics:228 - Bot metrics inserted for 53834af7-09d6-4312-b695-b1858adc10f5
2025-09-21 20:22:30 | ERROR    | src.bot:_update_market_data:323 - Failed to update market data for BTC/USDT: module 'pandas' has no attribute 'np'
2025-09-21 20:22:30 | WARNING  | src.strategies.grid_strategy:analyze:29 - No historical data for BTC/USDT
2025-09-21 20:22:30 | ERROR    | src.bot:_update_performance_metrics:488 - Failed to update performance metrics: DatabaseManager.update_bot_status() takes from 3 to 4 positional arguments but 5 were given
2025-09-21 20:22:32 | ERROR    | src.bot:_update_market_data:323 - Failed to update market data for ETH/USDT: module 'pandas' has no attribute 'np'
2025-09-21 20:22:32 | WARNING  | src.strategies.grid_strategy:analyze:29 - No historical data for ETH/USDT
2025-09-21 20:22:32 | ERROR    | src.bot:_update_performance_metrics:488 - Failed to update performance metrics: DatabaseManager.update_bot_status() takes from 3 to 4 positional arguments but 5 were given
2025-09-21 20:22:38 | ERROR    | src.bot:_update_market_data:323 - Failed to update market data for ADA/USDT: module 'pandas' has no attribute 'np'
2025-09-21 20:22:38 | WARNING  | src.strategies.momentum_strategy:analyze:31 - No historical data for ADA/USDT
2025-09-21 20:22:38 | ERROR    | src.bot:_update_performance_metrics:488 - Failed to update performance metrics: DatabaseManager.update_bot_status() takes from 3 to 4 positional arguments but 5 were given
2025-09-21 20:22:40 | ERROR    | src.exchanges.binance_th_exchange:_make_request:106 - API request failed: API Error -1121: Invalid symbol.
2025-09-21 20:22:40 | ERROR    | src.exchanges.binance_th_exchange:get_ticker:161 - Failed to get Binance TH ticker for ETH/THB: API Error -1121: Invalid symbol.
2025-09-21 20:22:40 | ERROR    | src.bot:_update_market_data:323 - Failed to update market data for ETH/THB: API Error -1121: Invalid symbol.
2025-09-21 20:22:40 | WARNING  | src.strategies.momentum_strategy:analyze:31 - No historical data for ETH/THB
2025-09-21 20:22:40 | ERROR    | src.bot:_update_performance_metrics:488 - Failed to update performance metrics: DatabaseManager.update_bot_status() takes from 3 to 4 positional arguments but 5 were given
2025-09-21 20:22:41 | ERROR    | src.exchanges.binance_th_exchange:_make_request:106 - API request failed: API Error -1121: Invalid symbol.
2025-09-21 20:22:41 | ERROR    | src.exchanges.binance_th_exchange:get_ticker:161 - Failed to get Binance TH ticker for BTC/THB: API Error -1121: Invalid symbol.
2025-09-21 20:22:41 | ERROR    | src.bot:_update_market_data:323 - Failed to update market data for BTC/THB: API Error -1121: Invalid symbol.
2025-09-21 20:22:41 | WARNING  | src.strategies.grid_strategy:analyze:29 - No historical data for BTC/THB
2025-09-21 20:22:41 | ERROR    | src.bot:_update_performance_metrics:488 - Failed to update performance metrics: DatabaseManager.update_bot_status() takes from 3 to 4 positional arguments but 5 were given
2025-09-21 20:22:44 | INFO     | src.database:update_bot_status:189 - Bot d670f5bd-d334-4228-bf10-930decd14a31 status updated to running
2025-09-21 20:22:44 | INFO     | src.database:insert_bot_metrics:228 - Bot metrics inserted for d670f5bd-d334-4228-bf10-930decd14a31
2025-09-21 20:22:45 | INFO     | src.database:update_bot_status:189 - Bot 3050619d-c54b-49ba-a4f4-e328aba8a227 status updated to running
2025-09-21 20:22:46 | INFO     | src.database:insert_bot_metrics:228 - Bot metrics inserted for 3050619d-c54b-49ba-a4f4-e328aba8a227
2025-09-21 20:22:47 | INFO     | src.database:update_bot_status:189 - Bot 4de519c6-7379-44d9-8df2-9f4c941d1d3b status updated to running
2025-09-21 20:22:47 | INFO     | src.database:insert_bot_metrics:228 - Bot metrics inserted for 4de519c6-7379-44d9-8df2-9f4c941d1d3b
2025-09-21 20:22:50 | INFO     | src.database:update_bot_status:189 - Bot 3bd54ecf-276a-4de4-bdc5-891fc5ba8ee0 status updated to running
2025-09-21 20:22:50 | INFO     | src.database:insert_bot_metrics:228 - Bot metrics inserted for 3bd54ecf-276a-4de4-bdc5-891fc5ba8ee0
2025-09-21 20:23:06 | INFO     | src.database:update_bot_status:189 - Bot 53834af7-09d6-4312-b695-b1858adc10f5 status updated to running
2025-09-21 20:23:06 | INFO     | src.database:insert_bot_metrics:228 - Bot metrics inserted for 53834af7-09d6-4312-b695-b1858adc10f5
2025-09-21 20:23:31 | ERROR    | src.bot:_update_market_data:323 - Failed to update market data for BTC/USDT: module 'pandas' has no attribute 'np'
2025-09-21 20:23:31 | WARNING  | src.strategies.grid_strategy:analyze:29 - No historical data for BTC/USDT
2025-09-21 20:23:31 | ERROR    | src.bot:_update_performance_metrics:488 - Failed to update performance metrics: DatabaseManager.update_bot_status() takes from 3 to 4 positional arguments but 5 were given
2025-09-21 20:23:34 | ERROR    | src.bot:_update_market_data:323 - Failed to update market data for ETH/USDT: module 'pandas' has no attribute 'np'
2025-09-21 20:23:34 | WARNING  | src.strategies.grid_strategy:analyze:29 - No historical data for ETH/USDT
2025-09-21 20:23:34 | ERROR    | src.bot:_update_performance_metrics:488 - Failed to update performance metrics: DatabaseManager.update_bot_status() takes from 3 to 4 positional arguments but 5 were given
2025-09-21 20:23:39 | ERROR    | src.bot:_update_market_data:323 - Failed to update market data for ADA/USDT: module 'pandas' has no attribute 'np'
2025-09-21 20:23:39 | WARNING  | src.strategies.momentum_strategy:analyze:31 - No historical data for ADA/USDT
2025-09-21 20:23:39 | ERROR    | src.bot:_update_performance_metrics:488 - Failed to update performance metrics: DatabaseManager.update_bot_status() takes from 3 to 4 positional arguments but 5 were given
2025-09-21 20:23:41 | ERROR    | src.exchanges.binance_th_exchange:_make_request:106 - API request failed: API Error -1121: Invalid symbol.
2025-09-21 20:23:41 | ERROR    | src.exchanges.binance_th_exchange:get_ticker:161 - Failed to get Binance TH ticker for ETH/THB: API Error -1121: Invalid symbol.
2025-09-21 20:23:41 | ERROR    | src.bot:_update_market_data:323 - Failed to update market data for ETH/THB: API Error -1121: Invalid symbol.
2025-09-21 20:23:41 | WARNING  | src.strategies.momentum_strategy:analyze:31 - No historical data for ETH/THB
2025-09-21 20:23:41 | ERROR    | src.bot:_update_performance_metrics:488 - Failed to update performance metrics: DatabaseManager.update_bot_status() takes from 3 to 4 positional arguments but 5 were given
2025-09-21 20:23:42 | ERROR    | src.exchanges.binance_th_exchange:_make_request:106 - API request failed: API Error -1121: Invalid symbol.
2025-09-21 20:23:42 | ERROR    | src.exchanges.binance_th_exchange:get_ticker:161 - Failed to get Binance TH ticker for BTC/THB: API Error -1121: Invalid symbol.
2025-09-21 20:23:42 | ERROR    | src.bot:_update_market_data:323 - Failed to update market data for BTC/THB: API Error -1121: Invalid symbol.
2025-09-21 20:23:42 | WARNING  | src.strategies.grid_strategy:analyze:29 - No historical data for BTC/THB
2025-09-21 20:23:42 | ERROR    | src.bot:_update_performance_metrics:488 - Failed to update performance metrics: DatabaseManager.update_bot_status() takes from 3 to 4 positional arguments but 5 were given
2025-09-21 20:23:45 | INFO     | src.database:update_bot_status:189 - Bot d670f5bd-d334-4228-bf10-930decd14a31 status updated to running
2025-09-21 20:23:45 | INFO     | src.database:insert_bot_metrics:228 - Bot metrics inserted for d670f5bd-d334-4228-bf10-930decd14a31
2025-09-21 20:23:47 | INFO     | src.database:update_bot_status:189 - Bot 3050619d-c54b-49ba-a4f4-e328aba8a227 status updated to running
2025-09-21 20:23:47 | INFO     | src.database:insert_bot_metrics:228 - Bot metrics inserted for 3050619d-c54b-49ba-a4f4-e328aba8a227
2025-09-21 20:23:48 | INFO     | src.database:update_bot_status:189 - Bot 4de519c6-7379-44d9-8df2-9f4c941d1d3b status updated to running
2025-09-21 20:23:48 | INFO     | src.database:insert_bot_metrics:228 - Bot metrics inserted for 4de519c6-7379-44d9-8df2-9f4c941d1d3b
2025-09-21 20:23:52 | INFO     | src.database:update_bot_status:189 - Bot 3bd54ecf-276a-4de4-bdc5-891fc5ba8ee0 status updated to running
2025-09-21 20:23:52 | INFO     | src.database:insert_bot_metrics:228 - Bot metrics inserted for 3bd54ecf-276a-4de4-bdc5-891fc5ba8ee0
2025-09-21 20:24:07 | INFO     | src.bot:_execute_signal:346 - Executing buy signal for ETH/USDT at $4470.6000
2025-09-21 20:24:08 | ERROR    | src.exchanges.binance_th_exchange:_make_request:106 - API request failed: API Error -1111: Parameter 'quantity' has too much precision.
2025-09-21 20:24:08 | ERROR    | src.exchanges.binance_th_exchange:place_order:211 - Failed to place order on Binance TH: API Error -1111: Parameter 'quantity' has too much precision.
2025-09-21 20:24:08 | ERROR    | src.bot:_execute_signal:397 - Failed to execute signal for ETH/USDT: API Error -1111: Parameter 'quantity' has too much precision.
2025-09-21 20:24:08 | INFO     | src.database:update_bot_status:189 - Bot 53834af7-09d6-4312-b695-b1858adc10f5 status updated to running
2025-09-21 20:24:08 | INFO     | src.database:insert_bot_metrics:228 - Bot metrics inserted for 53834af7-09d6-4312-b695-b1858adc10f5
2025-09-21 20:24:33 | ERROR    | src.bot:_update_market_data:323 - Failed to update market data for BTC/USDT: module 'pandas' has no attribute 'np'
2025-09-21 20:24:33 | WARNING  | src.strategies.grid_strategy:analyze:29 - No historical data for BTC/USDT
2025-09-21 20:24:33 | ERROR    | src.bot:_update_performance_metrics:488 - Failed to update performance metrics: DatabaseManager.update_bot_status() takes from 3 to 4 positional arguments but 5 were given
2025-09-21 20:24:35 | ERROR    | src.bot:_update_market_data:323 - Failed to update market data for ETH/USDT: module 'pandas' has no attribute 'np'
2025-09-21 20:24:35 | WARNING  | src.strategies.grid_strategy:analyze:29 - No historical data for ETH/USDT
2025-09-21 20:24:35 | ERROR    | src.bot:_update_performance_metrics:488 - Failed to update performance metrics: DatabaseManager.update_bot_status() takes from 3 to 4 positional arguments but 5 were given
2025-09-21 20:24:41 | ERROR    | src.bot:_update_market_data:323 - Failed to update market data for ADA/USDT: module 'pandas' has no attribute 'np'
2025-09-21 20:24:41 | WARNING  | src.strategies.momentum_strategy:analyze:31 - No historical data for ADA/USDT
2025-09-21 20:24:41 | ERROR    | src.bot:_update_performance_metrics:488 - Failed to update performance metrics: DatabaseManager.update_bot_status() takes from 3 to 4 positional arguments but 5 were given
2025-09-21 20:24:43 | ERROR    | src.exchanges.binance_th_exchange:_make_request:106 - API request failed: API Error -1121: Invalid symbol.
2025-09-21 20:24:43 | ERROR    | src.exchanges.binance_th_exchange:get_ticker:161 - Failed to get Binance TH ticker for ETH/THB: API Error -1121: Invalid symbol.
2025-09-21 20:24:43 | ERROR    | src.bot:_update_market_data:323 - Failed to update market data for ETH/THB: API Error -1121: Invalid symbol.
2025-09-21 20:24:43 | WARNING  | src.strategies.momentum_strategy:analyze:31 - No historical data for ETH/THB
2025-09-21 20:24:43 | ERROR    | src.bot:_update_performance_metrics:488 - Failed to update performance metrics: DatabaseManager.update_bot_status() takes from 3 to 4 positional arguments but 5 were given
2025-09-21 20:24:43 | ERROR    | src.exchanges.binance_th_exchange:_make_request:106 - API request failed: API Error -1121: Invalid symbol.
2025-09-21 20:24:43 | ERROR    | src.exchanges.binance_th_exchange:get_ticker:161 - Failed to get Binance TH ticker for BTC/THB: API Error -1121: Invalid symbol.
2025-09-21 20:24:43 | ERROR    | src.bot:_update_market_data:323 - Failed to update market data for BTC/THB: API Error -1121: Invalid symbol.
2025-09-21 20:24:43 | WARNING  | src.strategies.grid_strategy:analyze:29 - No historical data for BTC/THB
2025-09-21 20:24:43 | ERROR    | src.bot:_update_performance_metrics:488 - Failed to update performance metrics: DatabaseManager.update_bot_status() takes from 3 to 4 positional arguments but 5 were given
2025-09-21 20:24:47 | INFO     | src.database:update_bot_status:189 - Bot d670f5bd-d334-4228-bf10-930decd14a31 status updated to running
2025-09-21 20:24:47 | INFO     | src.database:insert_bot_metrics:228 - Bot metrics inserted for d670f5bd-d334-4228-bf10-930decd14a31
2025-09-21 20:24:50 | INFO     | src.database:update_bot_status:189 - Bot 4de519c6-7379-44d9-8df2-9f4c941d1d3b status updated to running
2025-09-21 20:24:50 | INFO     | src.database:insert_bot_metrics:228 - Bot metrics inserted for 4de519c6-7379-44d9-8df2-9f4c941d1d3b
2025-09-21 20:24:50 | INFO     | src.bot:_execute_signal:346 - Executing buy signal for ADA/USDT at $0.8864
2025-09-21 20:24:50 | ERROR    | src.exchanges.binance_exchange:get_balance:69 - Failed to get Binance balance: binance {"code":-2014,"msg":"API-key format invalid."}
2025-09-21 20:24:51 | ERROR    | src.exchanges.binance_exchange:place_order:119 - Failed to place Binance order: binance {"code":-2014,"msg":"API-key format invalid."}
2025-09-21 20:24:51 | ERROR    | src.bot:_execute_signal:397 - Failed to execute signal for ADA/USDT: binance {"code":-2014,"msg":"API-key format invalid."}
2025-09-21 20:24:51 | INFO     | src.database:update_bot_status:189 - Bot 3050619d-c54b-49ba-a4f4-e328aba8a227 status updated to running
2025-09-21 20:24:51 | INFO     | src.database:insert_bot_metrics:228 - Bot metrics inserted for 3050619d-c54b-49ba-a4f4-e328aba8a227
2025-09-21 20:24:53 | INFO     | src.database:update_bot_status:189 - Bot 3bd54ecf-276a-4de4-bdc5-891fc5ba8ee0 status updated to running
2025-09-21 20:24:53 | INFO     | src.database:insert_bot_metrics:228 - Bot metrics inserted for 3bd54ecf-276a-4de4-bdc5-891fc5ba8ee0
2025-09-21 20:25:09 | INFO     | src.bot:_execute_signal:346 - Executing buy signal for ETH/USDT at $4470.0300
2025-09-21 20:25:10 | ERROR    | src.exchanges.binance_th_exchange:_make_request:106 - API request failed: API Error -1111: Parameter 'quantity' has too much precision.
2025-09-21 20:25:10 | ERROR    | src.exchanges.binance_th_exchange:place_order:211 - Failed to place order on Binance TH: API Error -1111: Parameter 'quantity' has too much precision.
2025-09-21 20:25:10 | ERROR    | src.bot:_execute_signal:397 - Failed to execute signal for ETH/USDT: API Error -1111: Parameter 'quantity' has too much precision.
2025-09-21 20:25:10 | INFO     | src.database:update_bot_status:189 - Bot 53834af7-09d6-4312-b695-b1858adc10f5 status updated to running
2025-09-21 20:25:10 | INFO     | src.database:insert_bot_metrics:228 - Bot metrics inserted for 53834af7-09d6-4312-b695-b1858adc10f5
2025-09-21 20:25:34 | ERROR    | src.bot:_update_market_data:323 - Failed to update market data for BTC/USDT: module 'pandas' has no attribute 'np'
2025-09-21 20:25:34 | WARNING  | src.strategies.grid_strategy:analyze:29 - No historical data for BTC/USDT
2025-09-21 20:25:34 | ERROR    | src.bot:_update_performance_metrics:488 - Failed to update performance metrics: DatabaseManager.update_bot_status() takes from 3 to 4 positional arguments but 5 were given
2025-09-21 20:25:36 | ERROR    | src.bot:_update_market_data:323 - Failed to update market data for ETH/USDT: module 'pandas' has no attribute 'np'
2025-09-21 20:25:36 | WARNING  | src.strategies.grid_strategy:analyze:29 - No historical data for ETH/USDT
2025-09-21 20:25:36 | ERROR    | src.bot:_update_performance_metrics:488 - Failed to update performance metrics: DatabaseManager.update_bot_status() takes from 3 to 4 positional arguments but 5 were given
2025-09-21 20:25:42 | ERROR    | src.bot:_update_market_data:323 - Failed to update market data for ADA/USDT: module 'pandas' has no attribute 'np'
2025-09-21 20:25:42 | WARNING  | src.strategies.momentum_strategy:analyze:31 - No historical data for ADA/USDT
2025-09-21 20:25:42 | ERROR    | src.bot:_update_performance_metrics:488 - Failed to update performance metrics: DatabaseManager.update_bot_status() takes from 3 to 4 positional arguments but 5 were given
2025-09-21 20:25:44 | ERROR    | src.exchanges.binance_th_exchange:_make_request:106 - API request failed: API Error -1121: Invalid symbol.
2025-09-21 20:25:44 | ERROR    | src.exchanges.binance_th_exchange:get_ticker:161 - Failed to get Binance TH ticker for ETH/THB: API Error -1121: Invalid symbol.
2025-09-21 20:25:44 | ERROR    | src.bot:_update_market_data:323 - Failed to update market data for ETH/THB: API Error -1121: Invalid symbol.
2025-09-21 20:25:44 | WARNING  | src.strategies.momentum_strategy:analyze:31 - No historical data for ETH/THB
2025-09-21 20:25:44 | ERROR    | src.bot:_update_performance_metrics:488 - Failed to update performance metrics: DatabaseManager.update_bot_status() takes from 3 to 4 positional arguments but 5 were given
2025-09-21 20:25:45 | ERROR    | src.exchanges.binance_th_exchange:_make_request:106 - API request failed: API Error -1121: Invalid symbol.
2025-09-21 20:25:45 | ERROR    | src.exchanges.binance_th_exchange:get_ticker:161 - Failed to get Binance TH ticker for BTC/THB: API Error -1121: Invalid symbol.
2025-09-21 20:25:45 | ERROR    | src.bot:_update_market_data:323 - Failed to update market data for BTC/THB: API Error -1121: Invalid symbol.
2025-09-21 20:25:45 | WARNING  | src.strategies.grid_strategy:analyze:29 - No historical data for BTC/THB
2025-09-21 20:25:45 | ERROR    | src.bot:_update_performance_metrics:488 - Failed to update performance metrics: DatabaseManager.update_bot_status() takes from 3 to 4 positional arguments but 5 were given
2025-09-21 20:25:48 | INFO     | src.database:update_bot_status:189 - Bot d670f5bd-d334-4228-bf10-930decd14a31 status updated to running
2025-09-21 20:25:48 | INFO     | src.database:insert_bot_metrics:228 - Bot metrics inserted for d670f5bd-d334-4228-bf10-930decd14a31
2025-09-21 20:25:51 | INFO     | src.database:update_bot_status:189 - Bot 4de519c6-7379-44d9-8df2-9f4c941d1d3b status updated to running
2025-09-21 20:25:51 | INFO     | src.database:insert_bot_metrics:228 - Bot metrics inserted for 4de519c6-7379-44d9-8df2-9f4c941d1d3b
2025-09-21 20:25:52 | INFO     | src.bot:_execute_signal:346 - Executing buy signal for ADA/USDT at $0.8866
2025-09-21 20:25:53 | ERROR    | src.exchanges.binance_exchange:get_balance:69 - Failed to get Binance balance: binance {"code":-2014,"msg":"API-key format invalid."}
2025-09-21 20:25:53 | ERROR    | src.exchanges.binance_exchange:place_order:119 - Failed to place Binance order: binance {"code":-2014,"msg":"API-key format invalid."}
2025-09-21 20:25:53 | ERROR    | src.bot:_execute_signal:397 - Failed to execute signal for ADA/USDT: binance {"code":-2014,"msg":"API-key format invalid."}
2025-09-21 20:25:53 | INFO     | src.database:update_bot_status:189 - Bot 3050619d-c54b-49ba-a4f4-e328aba8a227 status updated to running
2025-09-21 20:25:53 | INFO     | src.database:insert_bot_metrics:228 - Bot metrics inserted for 3050619d-c54b-49ba-a4f4-e328aba8a227
2025-09-21 20:25:54 | INFO     | src.database:update_bot_status:189 - Bot 3bd54ecf-276a-4de4-bdc5-891fc5ba8ee0 status updated to running
2025-09-21 20:25:55 | INFO     | src.database:insert_bot_metrics:228 - Bot metrics inserted for 3bd54ecf-276a-4de4-bdc5-891fc5ba8ee0
2025-09-21 20:26:12 | INFO     | src.database:update_bot_status:189 - Bot 53834af7-09d6-4312-b695-b1858adc10f5 status updated to running
2025-09-21 20:26:12 | INFO     | src.database:insert_bot_metrics:228 - Bot metrics inserted for 53834af7-09d6-4312-b695-b1858adc10f5
2025-09-21 20:26:36 | ERROR    | src.bot:_update_market_data:323 - Failed to update market data for BTC/USDT: module 'pandas' has no attribute 'np'
2025-09-21 20:26:36 | WARNING  | src.strategies.grid_strategy:analyze:29 - No historical data for BTC/USDT
2025-09-21 20:26:36 | ERROR    | src.bot:_update_performance_metrics:488 - Failed to update performance metrics: DatabaseManager.update_bot_status() takes from 3 to 4 positional arguments but 5 were given
2025-09-21 20:26:37 | ERROR    | src.bot:_update_market_data:323 - Failed to update market data for ETH/USDT: module 'pandas' has no attribute 'np'
2025-09-21 20:26:37 | WARNING  | src.strategies.grid_strategy:analyze:29 - No historical data for ETH/USDT
2025-09-21 20:26:37 | ERROR    | src.bot:_update_performance_metrics:488 - Failed to update performance metrics: DatabaseManager.update_bot_status() takes from 3 to 4 positional arguments but 5 were given
2025-09-21 20:26:43 | ERROR    | src.bot:_update_market_data:323 - Failed to update market data for ADA/USDT: module 'pandas' has no attribute 'np'
2025-09-21 20:26:43 | WARNING  | src.strategies.momentum_strategy:analyze:31 - No historical data for ADA/USDT
2025-09-21 20:26:43 | ERROR    | src.bot:_update_performance_metrics:488 - Failed to update performance metrics: DatabaseManager.update_bot_status() takes from 3 to 4 positional arguments but 5 were given
2025-09-21 20:26:45 | ERROR    | src.exchanges.binance_th_exchange:_make_request:106 - API request failed: API Error -1121: Invalid symbol.
2025-09-21 20:26:45 | ERROR    | src.exchanges.binance_th_exchange:get_ticker:161 - Failed to get Binance TH ticker for ETH/THB: API Error -1121: Invalid symbol.
2025-09-21 20:26:45 | ERROR    | src.bot:_update_market_data:323 - Failed to update market data for ETH/THB: API Error -1121: Invalid symbol.
2025-09-21 20:26:45 | WARNING  | src.strategies.momentum_strategy:analyze:31 - No historical data for ETH/THB
2025-09-21 20:26:45 | ERROR    | src.bot:_update_performance_metrics:488 - Failed to update performance metrics: DatabaseManager.update_bot_status() takes from 3 to 4 positional arguments but 5 were given
2025-09-21 20:26:46 | ERROR    | src.exchanges.binance_th_exchange:_make_request:106 - API request failed: API Error -1121: Invalid symbol.
2025-09-21 20:26:46 | ERROR    | src.exchanges.binance_th_exchange:get_ticker:161 - Failed to get Binance TH ticker for BTC/THB: API Error -1121: Invalid symbol.
2025-09-21 20:26:46 | ERROR    | src.bot:_update_market_data:323 - Failed to update market data for BTC/THB: API Error -1121: Invalid symbol.
2025-09-21 20:26:46 | WARNING  | src.strategies.grid_strategy:analyze:29 - No historical data for BTC/THB
2025-09-21 20:26:46 | ERROR    | src.bot:_update_performance_metrics:488 - Failed to update performance metrics: DatabaseManager.update_bot_status() takes from 3 to 4 positional arguments but 5 were given
2025-09-21 20:26:50 | INFO     | src.database:update_bot_status:189 - Bot d670f5bd-d334-4228-bf10-930decd14a31 status updated to running
2025-09-21 20:26:50 | INFO     | src.database:insert_bot_metrics:228 - Bot metrics inserted for d670f5bd-d334-4228-bf10-930decd14a31
2025-09-21 20:26:52 | INFO     | src.database:update_bot_status:189 - Bot 4de519c6-7379-44d9-8df2-9f4c941d1d3b status updated to running
2025-09-21 20:26:52 | INFO     | src.database:insert_bot_metrics:228 - Bot metrics inserted for 4de519c6-7379-44d9-8df2-9f4c941d1d3b
2025-09-21 20:26:55 | INFO     | src.bot:_execute_signal:346 - Executing buy signal for ADA/USDT at $0.8866
2025-09-21 20:26:55 | ERROR    | src.exchanges.binance_exchange:get_balance:69 - Failed to get Binance balance: binance {"code":-2014,"msg":"API-key format invalid."}
2025-09-21 20:26:56 | INFO     | src.database:update_bot_status:189 - Bot 3bd54ecf-276a-4de4-bdc5-891fc5ba8ee0 status updated to running
2025-09-21 20:26:56 | INFO     | src.database:insert_bot_metrics:228 - Bot metrics inserted for 3bd54ecf-276a-4de4-bdc5-891fc5ba8ee0
2025-09-21 20:26:56 | ERROR    | src.exchanges.binance_exchange:place_order:119 - Failed to place Binance order: binance {"code":-2014,"msg":"API-key format invalid."}
2025-09-21 20:26:56 | ERROR    | src.bot:_execute_signal:397 - Failed to execute signal for ADA/USDT: binance {"code":-2014,"msg":"API-key format invalid."}
2025-09-21 20:26:56 | INFO     | src.database:update_bot_status:189 - Bot 3050619d-c54b-49ba-a4f4-e328aba8a227 status updated to running
2025-09-21 20:26:56 | INFO     | src.database:insert_bot_metrics:228 - Bot metrics inserted for 3050619d-c54b-49ba-a4f4-e328aba8a227
2025-09-21 20:27:13 | INFO     | src.bot:_execute_signal:346 - Executing sell signal for ETH/USDT at $4469.4600
2025-09-21 20:27:14 | ERROR    | src.exchanges.binance_th_exchange:_make_request:106 - API request failed: API Error -1111: Parameter 'quantity' has too much precision.
2025-09-21 20:27:14 | ERROR    | src.exchanges.binance_th_exchange:place_order:211 - Failed to place order on Binance TH: API Error -1111: Parameter 'quantity' has too much precision.
2025-09-21 20:27:14 | ERROR    | src.bot:_execute_signal:397 - Failed to execute signal for ETH/USDT: API Error -1111: Parameter 'quantity' has too much precision.
2025-09-21 20:27:14 | INFO     | src.database:update_bot_status:189 - Bot 53834af7-09d6-4312-b695-b1858adc10f5 status updated to running
2025-09-21 20:27:14 | INFO     | src.database:insert_bot_metrics:228 - Bot metrics inserted for 53834af7-09d6-4312-b695-b1858adc10f5
2025-09-21 20:27:37 | ERROR    | src.bot:_update_market_data:323 - Failed to update market data for BTC/USDT: module 'pandas' has no attribute 'np'
2025-09-21 20:27:37 | WARNING  | src.strategies.grid_strategy:analyze:29 - No historical data for BTC/USDT
2025-09-21 20:27:37 | ERROR    | src.bot:_update_performance_metrics:488 - Failed to update performance metrics: DatabaseManager.update_bot_status() takes from 3 to 4 positional arguments but 5 were given
2025-09-21 20:27:39 | ERROR    | src.bot:_update_market_data:323 - Failed to update market data for ETH/USDT: module 'pandas' has no attribute 'np'
2025-09-21 20:27:39 | WARNING  | src.strategies.grid_strategy:analyze:29 - No historical data for ETH/USDT
2025-09-21 20:27:39 | ERROR    | src.bot:_update_performance_metrics:488 - Failed to update performance metrics: DatabaseManager.update_bot_status() takes from 3 to 4 positional arguments but 5 were given
2025-09-21 20:27:44 | ERROR    | src.bot:_update_market_data:323 - Failed to update market data for ADA/USDT: module 'pandas' has no attribute 'np'
2025-09-21 20:27:44 | WARNING  | src.strategies.momentum_strategy:analyze:31 - No historical data for ADA/USDT
2025-09-21 20:27:44 | ERROR    | src.bot:_update_performance_metrics:488 - Failed to update performance metrics: DatabaseManager.update_bot_status() takes from 3 to 4 positional arguments but 5 were given
2025-09-21 20:27:48 | ERROR    | src.exchanges.binance_th_exchange:_make_request:106 - API request failed: API Error -1121: Invalid symbol.
2025-09-21 20:27:48 | ERROR    | src.exchanges.binance_th_exchange:get_ticker:161 - Failed to get Binance TH ticker for ETH/THB: API Error -1121: Invalid symbol.
2025-09-21 20:27:48 | ERROR    | src.bot:_update_market_data:323 - Failed to update market data for ETH/THB: API Error -1121: Invalid symbol.
2025-09-21 20:27:48 | WARNING  | src.strategies.momentum_strategy:analyze:31 - No historical data for ETH/THB
2025-09-21 20:27:48 | ERROR    | src.bot:_update_performance_metrics:488 - Failed to update performance metrics: DatabaseManager.update_bot_status() takes from 3 to 4 positional arguments but 5 were given
2025-09-21 20:27:48 | ERROR    | src.exchanges.binance_th_exchange:_make_request:106 - API request failed: API Error -1121: Invalid symbol.
2025-09-21 20:27:48 | ERROR    | src.exchanges.binance_th_exchange:get_ticker:161 - Failed to get Binance TH ticker for BTC/THB: API Error -1121: Invalid symbol.
2025-09-21 20:27:48 | ERROR    | src.bot:_update_market_data:323 - Failed to update market data for BTC/THB: API Error -1121: Invalid symbol.
2025-09-21 20:27:48 | WARNING  | src.strategies.grid_strategy:analyze:29 - No historical data for BTC/THB
2025-09-21 20:27:48 | ERROR    | src.bot:_update_performance_metrics:488 - Failed to update performance metrics: DatabaseManager.update_bot_status() takes from 3 to 4 positional arguments but 5 were given
2025-09-21 20:27:52 | INFO     | src.database:update_bot_status:189 - Bot d670f5bd-d334-4228-bf10-930decd14a31 status updated to running
2025-09-21 20:27:52 | INFO     | src.database:insert_bot_metrics:228 - Bot metrics inserted for d670f5bd-d334-4228-bf10-930decd14a31
2025-09-21 20:27:54 | INFO     | src.database:update_bot_status:189 - Bot 4de519c6-7379-44d9-8df2-9f4c941d1d3b status updated to running
2025-09-21 20:27:54 | INFO     | src.database:insert_bot_metrics:228 - Bot metrics inserted for 4de519c6-7379-44d9-8df2-9f4c941d1d3b
2025-09-21 20:27:58 | INFO     | src.database:update_bot_status:189 - Bot 3bd54ecf-276a-4de4-bdc5-891fc5ba8ee0 status updated to running
2025-09-21 20:27:58 | INFO     | src.database:insert_bot_metrics:228 - Bot metrics inserted for 3bd54ecf-276a-4de4-bdc5-891fc5ba8ee0
2025-09-21 20:27:58 | INFO     | src.bot:_execute_signal:346 - Executing buy signal for ADA/USDT at $0.8866
2025-09-21 20:27:58 | ERROR    | src.exchanges.binance_exchange:get_balance:69 - Failed to get Binance balance: binance {"code":-2014,"msg":"API-key format invalid."}
2025-09-21 20:27:59 | ERROR    | src.exchanges.binance_exchange:place_order:119 - Failed to place Binance order: binance {"code":-2014,"msg":"API-key format invalid."}
2025-09-21 20:27:59 | ERROR    | src.bot:_execute_signal:397 - Failed to execute signal for ADA/USDT: binance {"code":-2014,"msg":"API-key format invalid."}
2025-09-21 20:27:59 | INFO     | src.database:update_bot_status:189 - Bot 3050619d-c54b-49ba-a4f4-e328aba8a227 status updated to running
2025-09-21 20:27:59 | INFO     | src.database:insert_bot_metrics:228 - Bot metrics inserted for 3050619d-c54b-49ba-a4f4-e328aba8a227
2025-09-21 20:28:17 | INFO     | src.database:update_bot_status:189 - Bot 53834af7-09d6-4312-b695-b1858adc10f5 status updated to running
2025-09-21 20:28:17 | INFO     | src.database:insert_bot_metrics:228 - Bot metrics inserted for 53834af7-09d6-4312-b695-b1858adc10f5
2025-09-21 20:28:38 | ERROR    | src.bot:_update_market_data:323 - Failed to update market data for BTC/USDT: module 'pandas' has no attribute 'np'
2025-09-21 20:28:38 | WARNING  | src.strategies.grid_strategy:analyze:29 - No historical data for BTC/USDT
2025-09-21 20:28:38 | ERROR    | src.bot:_update_performance_metrics:488 - Failed to update performance metrics: DatabaseManager.update_bot_status() takes from 3 to 4 positional arguments but 5 were given
2025-09-21 20:28:40 | ERROR    | src.bot:_update_market_data:323 - Failed to update market data for ETH/USDT: module 'pandas' has no attribute 'np'
2025-09-21 20:28:40 | WARNING  | src.strategies.grid_strategy:analyze:29 - No historical data for ETH/USDT
2025-09-21 20:28:40 | ERROR    | src.bot:_update_performance_metrics:488 - Failed to update performance metrics: DatabaseManager.update_bot_status() takes from 3 to 4 positional arguments but 5 were given
2025-09-21 20:28:45 | ERROR    | src.bot:_update_market_data:323 - Failed to update market data for ADA/USDT: module 'pandas' has no attribute 'np'
2025-09-21 20:28:45 | WARNING  | src.strategies.momentum_strategy:analyze:31 - No historical data for ADA/USDT
2025-09-21 20:28:45 | ERROR    | src.bot:_update_performance_metrics:488 - Failed to update performance metrics: DatabaseManager.update_bot_status() takes from 3 to 4 positional arguments but 5 were given
2025-09-21 20:28:49 | ERROR    | src.exchanges.binance_th_exchange:_make_request:106 - API request failed: API Error -1121: Invalid symbol.
2025-09-21 20:28:49 | ERROR    | src.exchanges.binance_th_exchange:get_ticker:161 - Failed to get Binance TH ticker for BTC/THB: API Error -1121: Invalid symbol.
2025-09-21 20:28:49 | ERROR    | src.bot:_update_market_data:323 - Failed to update market data for BTC/THB: API Error -1121: Invalid symbol.
2025-09-21 20:28:49 | WARNING  | src.strategies.grid_strategy:analyze:29 - No historical data for BTC/THB
2025-09-21 20:28:49 | ERROR    | src.bot:_update_performance_metrics:488 - Failed to update performance metrics: DatabaseManager.update_bot_status() takes from 3 to 4 positional arguments but 5 were given
2025-09-21 20:28:49 | ERROR    | src.exchanges.binance_th_exchange:_make_request:106 - API request failed: API Error -1121: Invalid symbol.
2025-09-21 20:28:49 | ERROR    | src.exchanges.binance_th_exchange:get_ticker:161 - Failed to get Binance TH ticker for ETH/THB: API Error -1121: Invalid symbol.
2025-09-21 20:28:49 | ERROR    | src.bot:_update_market_data:323 - Failed to update market data for ETH/THB: API Error -1121: Invalid symbol.
2025-09-21 20:28:49 | WARNING  | src.strategies.momentum_strategy:analyze:31 - No historical data for ETH/THB
2025-09-21 20:28:49 | ERROR    | src.bot:_update_performance_metrics:488 - Failed to update performance metrics: DatabaseManager.update_bot_status() takes from 3 to 4 positional arguments but 5 were given
2025-09-21 20:28:53 | INFO     | src.database:update_bot_status:189 - Bot d670f5bd-d334-4228-bf10-930decd14a31 status updated to running
2025-09-21 20:28:53 | INFO     | src.database:insert_bot_metrics:228 - Bot metrics inserted for d670f5bd-d334-4228-bf10-930decd14a31
2025-09-21 20:28:55 | INFO     | src.database:update_bot_status:189 - Bot 4de519c6-7379-44d9-8df2-9f4c941d1d3b status updated to running
2025-09-21 20:28:55 | INFO     | src.database:insert_bot_metrics:228 - Bot metrics inserted for 4de519c6-7379-44d9-8df2-9f4c941d1d3b
2025-09-21 20:28:59 | INFO     | src.database:update_bot_status:189 - Bot 3bd54ecf-276a-4de4-bdc5-891fc5ba8ee0 status updated to running
2025-09-21 20:28:59 | INFO     | src.database:insert_bot_metrics:228 - Bot metrics inserted for 3bd54ecf-276a-4de4-bdc5-891fc5ba8ee0
2025-09-21 20:29:01 | INFO     | src.bot:_execute_signal:346 - Executing buy signal for ADA/USDT at $0.8866
2025-09-21 20:29:01 | ERROR    | src.exchanges.binance_exchange:get_balance:69 - Failed to get Binance balance: binance {"code":-2014,"msg":"API-key format invalid."}
2025-09-21 20:29:02 | ERROR    | src.exchanges.binance_exchange:place_order:119 - Failed to place Binance order: binance {"code":-2014,"msg":"API-key format invalid."}
2025-09-21 20:29:02 | ERROR    | src.bot:_execute_signal:397 - Failed to execute signal for ADA/USDT: binance {"code":-2014,"msg":"API-key format invalid."}
2025-09-21 20:29:02 | INFO     | src.database:update_bot_status:189 - Bot 3050619d-c54b-49ba-a4f4-e328aba8a227 status updated to running
2025-09-21 20:29:02 | INFO     | src.database:insert_bot_metrics:228 - Bot metrics inserted for 3050619d-c54b-49ba-a4f4-e328aba8a227
2025-09-21 20:29:18 | INFO     | src.database:update_bot_status:189 - Bot 53834af7-09d6-4312-b695-b1858adc10f5 status updated to running
2025-09-21 20:29:18 | INFO     | src.database:insert_bot_metrics:228 - Bot metrics inserted for 53834af7-09d6-4312-b695-b1858adc10f5
2025-09-21 20:29:40 | ERROR    | src.bot:_update_market_data:323 - Failed to update market data for BTC/USDT: module 'pandas' has no attribute 'np'
2025-09-21 20:29:40 | WARNING  | src.strategies.grid_strategy:analyze:29 - No historical data for BTC/USDT
2025-09-21 20:29:40 | ERROR    | src.bot:_update_performance_metrics:488 - Failed to update performance metrics: DatabaseManager.update_bot_status() takes from 3 to 4 positional arguments but 5 were given
2025-09-21 20:29:41 | ERROR    | src.bot:_update_market_data:323 - Failed to update market data for ETH/USDT: module 'pandas' has no attribute 'np'
2025-09-21 20:29:41 | WARNING  | src.strategies.grid_strategy:analyze:29 - No historical data for ETH/USDT
2025-09-21 20:29:41 | ERROR    | src.bot:_update_performance_metrics:488 - Failed to update performance metrics: DatabaseManager.update_bot_status() takes from 3 to 4 positional arguments but 5 were given
2025-09-21 20:29:47 | ERROR    | src.bot:_update_market_data:323 - Failed to update market data for ADA/USDT: module 'pandas' has no attribute 'np'
2025-09-21 20:29:47 | WARNING  | src.strategies.momentum_strategy:analyze:31 - No historical data for ADA/USDT
2025-09-21 20:29:47 | ERROR    | src.bot:_update_performance_metrics:488 - Failed to update performance metrics: DatabaseManager.update_bot_status() takes from 3 to 4 positional arguments but 5 were given
2025-09-21 20:29:50 | ERROR    | src.exchanges.binance_th_exchange:_make_request:106 - API request failed: API Error -1121: Invalid symbol.
2025-09-21 20:29:50 | ERROR    | src.exchanges.binance_th_exchange:get_ticker:161 - Failed to get Binance TH ticker for BTC/THB: API Error -1121: Invalid symbol.
2025-09-21 20:29:50 | ERROR    | src.bot:_update_market_data:323 - Failed to update market data for BTC/THB: API Error -1121: Invalid symbol.
2025-09-21 20:29:50 | WARNING  | src.strategies.grid_strategy:analyze:29 - No historical data for BTC/THB
2025-09-21 20:29:50 | ERROR    | src.bot:_update_performance_metrics:488 - Failed to update performance metrics: DatabaseManager.update_bot_status() takes from 3 to 4 positional arguments but 5 were given
2025-09-21 20:29:50 | ERROR    | src.exchanges.binance_th_exchange:_make_request:106 - API request failed: API Error -1121: Invalid symbol.
2025-09-21 20:29:50 | ERROR    | src.exchanges.binance_th_exchange:get_ticker:161 - Failed to get Binance TH ticker for ETH/THB: API Error -1121: Invalid symbol.
2025-09-21 20:29:50 | ERROR    | src.bot:_update_market_data:323 - Failed to update market data for ETH/THB: API Error -1121: Invalid symbol.
2025-09-21 20:29:50 | WARNING  | src.strategies.momentum_strategy:analyze:31 - No historical data for ETH/THB
2025-09-21 20:29:50 | ERROR    | src.bot:_update_performance_metrics:488 - Failed to update performance metrics: DatabaseManager.update_bot_status() takes from 3 to 4 positional arguments but 5 were given
2025-09-21 20:29:55 | INFO     | src.database:update_bot_status:189 - Bot d670f5bd-d334-4228-bf10-930decd14a31 status updated to running
2025-09-21 20:29:55 | INFO     | src.database:insert_bot_metrics:228 - Bot metrics inserted for d670f5bd-d334-4228-bf10-930decd14a31
2025-09-21 20:29:57 | INFO     | src.database:update_bot_status:189 - Bot 4de519c6-7379-44d9-8df2-9f4c941d1d3b status updated to running
2025-09-21 20:29:57 | INFO     | src.database:insert_bot_metrics:228 - Bot metrics inserted for 4de519c6-7379-44d9-8df2-9f4c941d1d3b
2025-09-21 20:30:01 | INFO     | src.database:update_bot_status:189 - Bot 3bd54ecf-276a-4de4-bdc5-891fc5ba8ee0 status updated to running
2025-09-21 20:30:01 | INFO     | src.database:insert_bot_metrics:228 - Bot metrics inserted for 3bd54ecf-276a-4de4-bdc5-891fc5ba8ee0
2025-09-21 20:30:03 | INFO     | src.database:update_bot_status:189 - Bot 3050619d-c54b-49ba-a4f4-e328aba8a227 status updated to running
2025-09-21 20:30:03 | INFO     | src.database:insert_bot_metrics:228 - Bot metrics inserted for 3050619d-c54b-49ba-a4f4-e328aba8a227
2025-09-21 20:30:20 | INFO     | src.database:update_bot_status:189 - Bot 53834af7-09d6-4312-b695-b1858adc10f5 status updated to running
2025-09-21 20:30:20 | INFO     | src.database:insert_bot_metrics:228 - Bot metrics inserted for 53834af7-09d6-4312-b695-b1858adc10f5
2025-09-21 20:30:41 | ERROR    | src.bot:_update_market_data:323 - Failed to update market data for BTC/USDT: module 'pandas' has no attribute 'np'
2025-09-21 20:30:41 | WARNING  | src.strategies.grid_strategy:analyze:29 - No historical data for BTC/USDT
2025-09-21 20:30:41 | ERROR    | src.bot:_update_performance_metrics:488 - Failed to update performance metrics: DatabaseManager.update_bot_status() takes from 3 to 4 positional arguments but 5 were given
2025-09-21 20:30:43 | ERROR    | src.bot:_update_market_data:323 - Failed to update market data for ETH/USDT: module 'pandas' has no attribute 'np'
2025-09-21 20:30:43 | WARNING  | src.strategies.grid_strategy:analyze:29 - No historical data for ETH/USDT
2025-09-21 20:30:43 | ERROR    | src.bot:_update_performance_metrics:488 - Failed to update performance metrics: DatabaseManager.update_bot_status() takes from 3 to 4 positional arguments but 5 were given
2025-09-21 20:30:48 | ERROR    | src.bot:_update_market_data:323 - Failed to update market data for ADA/USDT: module 'pandas' has no attribute 'np'
2025-09-21 20:30:48 | WARNING  | src.strategies.momentum_strategy:analyze:31 - No historical data for ADA/USDT
2025-09-21 20:30:48 | ERROR    | src.bot:_update_performance_metrics:488 - Failed to update performance metrics: DatabaseManager.update_bot_status() takes from 3 to 4 positional arguments but 5 were given
2025-09-21 20:30:52 | ERROR    | src.exchanges.binance_th_exchange:_make_request:106 - API request failed: API Error -1121: Invalid symbol.
2025-09-21 20:30:52 | ERROR    | src.exchanges.binance_th_exchange:get_ticker:161 - Failed to get Binance TH ticker for BTC/THB: API Error -1121: Invalid symbol.
2025-09-21 20:30:52 | ERROR    | src.bot:_update_market_data:323 - Failed to update market data for BTC/THB: API Error -1121: Invalid symbol.
2025-09-21 20:30:52 | WARNING  | src.strategies.grid_strategy:analyze:29 - No historical data for BTC/THB
2025-09-21 20:30:52 | ERROR    | src.bot:_update_performance_metrics:488 - Failed to update performance metrics: DatabaseManager.update_bot_status() takes from 3 to 4 positional arguments but 5 were given
2025-09-21 20:30:52 | ERROR    | src.exchanges.binance_th_exchange:_make_request:106 - API request failed: API Error -1121: Invalid symbol.
2025-09-21 20:30:52 | ERROR    | src.exchanges.binance_th_exchange:get_ticker:161 - Failed to get Binance TH ticker for ETH/THB: API Error -1121: Invalid symbol.
2025-09-21 20:30:52 | ERROR    | src.bot:_update_market_data:323 - Failed to update market data for ETH/THB: API Error -1121: Invalid symbol.
2025-09-21 20:30:52 | WARNING  | src.strategies.momentum_strategy:analyze:31 - No historical data for ETH/THB
2025-09-21 20:30:52 | ERROR    | src.bot:_update_performance_metrics:488 - Failed to update performance metrics: DatabaseManager.update_bot_status() takes from 3 to 4 positional arguments but 5 were given
2025-09-21 20:30:56 | INFO     | src.database:update_bot_status:189 - Bot d670f5bd-d334-4228-bf10-930decd14a31 status updated to running
2025-09-21 20:30:56 | INFO     | src.database:insert_bot_metrics:228 - Bot metrics inserted for d670f5bd-d334-4228-bf10-930decd14a31
2025-09-21 20:30:58 | INFO     | src.database:update_bot_status:189 - Bot 4de519c6-7379-44d9-8df2-9f4c941d1d3b status updated to running
2025-09-21 20:30:58 | INFO     | src.database:insert_bot_metrics:228 - Bot metrics inserted for 4de519c6-7379-44d9-8df2-9f4c941d1d3b
2025-09-21 20:31:02 | INFO     | src.database:update_bot_status:189 - Bot 3bd54ecf-276a-4de4-bdc5-891fc5ba8ee0 status updated to running
2025-09-21 20:31:02 | INFO     | src.database:insert_bot_metrics:228 - Bot metrics inserted for 3bd54ecf-276a-4de4-bdc5-891fc5ba8ee0
2025-09-21 20:31:04 | INFO     | src.database:update_bot_status:189 - Bot 3050619d-c54b-49ba-a4f4-e328aba8a227 status updated to running
2025-09-21 20:31:04 | INFO     | src.database:insert_bot_metrics:228 - Bot metrics inserted for 3050619d-c54b-49ba-a4f4-e328aba8a227
2025-09-21 20:31:21 | INFO     | src.database:update_bot_status:189 - Bot 53834af7-09d6-4312-b695-b1858adc10f5 status updated to running
2025-09-21 20:31:21 | INFO     | src.database:insert_bot_metrics:228 - Bot metrics inserted for 53834af7-09d6-4312-b695-b1858adc10f5
2025-09-21 20:31:42 | ERROR    | src.bot:_update_market_data:323 - Failed to update market data for BTC/USDT: module 'pandas' has no attribute 'np'
2025-09-21 20:31:42 | WARNING  | src.strategies.grid_strategy:analyze:29 - No historical data for BTC/USDT
2025-09-21 20:31:42 | ERROR    | src.bot:_update_performance_metrics:488 - Failed to update performance metrics: DatabaseManager.update_bot_status() takes from 3 to 4 positional arguments but 5 were given
2025-09-21 20:31:44 | ERROR    | src.bot:_update_market_data:323 - Failed to update market data for ETH/USDT: module 'pandas' has no attribute 'np'
2025-09-21 20:31:44 | WARNING  | src.strategies.grid_strategy:analyze:29 - No historical data for ETH/USDT
2025-09-21 20:31:44 | ERROR    | src.bot:_update_performance_metrics:488 - Failed to update performance metrics: DatabaseManager.update_bot_status() takes from 3 to 4 positional arguments but 5 were given
2025-09-21 20:31:49 | ERROR    | src.bot:_update_market_data:323 - Failed to update market data for ADA/USDT: module 'pandas' has no attribute 'np'
2025-09-21 20:31:49 | WARNING  | src.strategies.momentum_strategy:analyze:31 - No historical data for ADA/USDT
2025-09-21 20:31:49 | ERROR    | src.bot:_update_performance_metrics:488 - Failed to update performance metrics: DatabaseManager.update_bot_status() takes from 3 to 4 positional arguments but 5 were given
2025-09-21 20:31:53 | ERROR    | src.exchanges.binance_th_exchange:_make_request:106 - API request failed: API Error -1121: Invalid symbol.
2025-09-21 20:31:53 | ERROR    | src.exchanges.binance_th_exchange:get_ticker:161 - Failed to get Binance TH ticker for ETH/THB: API Error -1121: Invalid symbol.
2025-09-21 20:31:53 | ERROR    | src.bot:_update_market_data:323 - Failed to update market data for ETH/THB: API Error -1121: Invalid symbol.
2025-09-21 20:31:53 | WARNING  | src.strategies.momentum_strategy:analyze:31 - No historical data for ETH/THB
2025-09-21 20:31:53 | ERROR    | src.bot:_update_performance_metrics:488 - Failed to update performance metrics: DatabaseManager.update_bot_status() takes from 3 to 4 positional arguments but 5 were given
2025-09-21 20:31:53 | ERROR    | src.exchanges.binance_th_exchange:_make_request:106 - API request failed: API Error -1121: Invalid symbol.
2025-09-21 20:31:53 | ERROR    | src.exchanges.binance_th_exchange:get_ticker:161 - Failed to get Binance TH ticker for BTC/THB: API Error -1121: Invalid symbol.
2025-09-21 20:31:53 | ERROR    | src.bot:_update_market_data:323 - Failed to update market data for BTC/THB: API Error -1121: Invalid symbol.
2025-09-21 20:31:53 | WARNING  | src.strategies.grid_strategy:analyze:29 - No historical data for BTC/THB
2025-09-21 20:31:53 | ERROR    | src.bot:_update_performance_metrics:488 - Failed to update performance metrics: DatabaseManager.update_bot_status() takes from 3 to 4 positional arguments but 5 were given
2025-09-21 20:31:58 | INFO     | src.database:update_bot_status:189 - Bot d670f5bd-d334-4228-bf10-930decd14a31 status updated to running
2025-09-21 20:31:58 | INFO     | src.database:insert_bot_metrics:228 - Bot metrics inserted for d670f5bd-d334-4228-bf10-930decd14a31
2025-09-21 20:32:00 | INFO     | src.database:update_bot_status:189 - Bot 4de519c6-7379-44d9-8df2-9f4c941d1d3b status updated to running
2025-09-21 20:32:00 | INFO     | src.database:insert_bot_metrics:228 - Bot metrics inserted for 4de519c6-7379-44d9-8df2-9f4c941d1d3b
2025-09-21 20:32:04 | INFO     | src.database:update_bot_status:189 - Bot 3bd54ecf-276a-4de4-bdc5-891fc5ba8ee0 status updated to running
2025-09-21 20:32:04 | INFO     | src.database:insert_bot_metrics:228 - Bot metrics inserted for 3bd54ecf-276a-4de4-bdc5-891fc5ba8ee0
2025-09-21 20:32:06 | INFO     | src.database:update_bot_status:189 - Bot 3050619d-c54b-49ba-a4f4-e328aba8a227 status updated to running
2025-09-21 20:32:06 | INFO     | src.database:insert_bot_metrics:228 - Bot metrics inserted for 3050619d-c54b-49ba-a4f4-e328aba8a227
2025-09-21 20:32:22 | INFO     | src.bot:_execute_signal:346 - Executing buy signal for ETH/USDT at $4477.0600
2025-09-21 20:32:23 | ERROR    | src.exchanges.binance_th_exchange:_make_request:106 - API request failed: API Error -1111: Parameter 'quantity' has too much precision.
2025-09-21 20:32:23 | ERROR    | src.exchanges.binance_th_exchange:place_order:211 - Failed to place order on Binance TH: API Error -1111: Parameter 'quantity' has too much precision.
2025-09-21 20:32:23 | ERROR    | src.bot:_execute_signal:397 - Failed to execute signal for ETH/USDT: API Error -1111: Parameter 'quantity' has too much precision.
2025-09-21 20:32:23 | INFO     | src.database:update_bot_status:189 - Bot 53834af7-09d6-4312-b695-b1858adc10f5 status updated to running
2025-09-21 20:32:24 | INFO     | src.database:insert_bot_metrics:228 - Bot metrics inserted for 53834af7-09d6-4312-b695-b1858adc10f5
2025-09-21 20:32:43 | ERROR    | src.bot:_update_market_data:323 - Failed to update market data for BTC/USDT: module 'pandas' has no attribute 'np'
2025-09-21 20:32:43 | WARNING  | src.strategies.grid_strategy:analyze:29 - No historical data for BTC/USDT
2025-09-21 20:32:43 | ERROR    | src.bot:_update_performance_metrics:488 - Failed to update performance metrics: DatabaseManager.update_bot_status() takes from 3 to 4 positional arguments but 5 were given
2025-09-21 20:32:45 | ERROR    | src.bot:_update_market_data:323 - Failed to update market data for ETH/USDT: module 'pandas' has no attribute 'np'
2025-09-21 20:32:45 | WARNING  | src.strategies.grid_strategy:analyze:29 - No historical data for ETH/USDT
2025-09-21 20:32:45 | ERROR    | src.bot:_update_performance_metrics:488 - Failed to update performance metrics: DatabaseManager.update_bot_status() takes from 3 to 4 positional arguments but 5 were given
2025-09-21 20:32:50 | ERROR    | src.bot:_update_market_data:323 - Failed to update market data for ADA/USDT: module 'pandas' has no attribute 'np'
2025-09-21 20:32:50 | WARNING  | src.strategies.momentum_strategy:analyze:31 - No historical data for ADA/USDT
2025-09-21 20:32:50 | ERROR    | src.bot:_update_performance_metrics:488 - Failed to update performance metrics: DatabaseManager.update_bot_status() takes from 3 to 4 positional arguments but 5 were given
2025-09-21 20:32:54 | ERROR    | src.exchanges.binance_th_exchange:_make_request:106 - API request failed: API Error -1121: Invalid symbol.
2025-09-21 20:32:54 | ERROR    | src.exchanges.binance_th_exchange:get_ticker:161 - Failed to get Binance TH ticker for BTC/THB: API Error -1121: Invalid symbol.
2025-09-21 20:32:54 | ERROR    | src.bot:_update_market_data:323 - Failed to update market data for BTC/THB: API Error -1121: Invalid symbol.
2025-09-21 20:32:54 | WARNING  | src.strategies.grid_strategy:analyze:29 - No historical data for BTC/THB
2025-09-21 20:32:54 | ERROR    | src.bot:_update_performance_metrics:488 - Failed to update performance metrics: DatabaseManager.update_bot_status() takes from 3 to 4 positional arguments but 5 were given
2025-09-21 20:32:54 | ERROR    | src.exchanges.binance_th_exchange:_make_request:106 - API request failed: API Error -1121: Invalid symbol.
2025-09-21 20:32:54 | ERROR    | src.exchanges.binance_th_exchange:get_ticker:161 - Failed to get Binance TH ticker for ETH/THB: API Error -1121: Invalid symbol.
2025-09-21 20:32:54 | ERROR    | src.bot:_update_market_data:323 - Failed to update market data for ETH/THB: API Error -1121: Invalid symbol.
2025-09-21 20:32:54 | WARNING  | src.strategies.momentum_strategy:analyze:31 - No historical data for ETH/THB
2025-09-21 20:32:54 | ERROR    | src.bot:_update_performance_metrics:488 - Failed to update performance metrics: DatabaseManager.update_bot_status() takes from 3 to 4 positional arguments but 5 were given
2025-09-21 20:32:59 | INFO     | src.database:update_bot_status:189 - Bot d670f5bd-d334-4228-bf10-930decd14a31 status updated to running
2025-09-21 20:32:59 | INFO     | src.database:insert_bot_metrics:228 - Bot metrics inserted for d670f5bd-d334-4228-bf10-930decd14a31
2025-09-21 20:33:01 | INFO     | src.database:update_bot_status:189 - Bot 4de519c6-7379-44d9-8df2-9f4c941d1d3b status updated to running
2025-09-21 20:33:01 | INFO     | src.database:insert_bot_metrics:228 - Bot metrics inserted for 4de519c6-7379-44d9-8df2-9f4c941d1d3b
2025-09-21 20:33:05 | INFO     | src.database:update_bot_status:189 - Bot 3bd54ecf-276a-4de4-bdc5-891fc5ba8ee0 status updated to running
2025-09-21 20:33:05 | INFO     | src.database:insert_bot_metrics:228 - Bot metrics inserted for 3bd54ecf-276a-4de4-bdc5-891fc5ba8ee0
2025-09-21 20:33:07 | INFO     | src.database:update_bot_status:189 - Bot 3050619d-c54b-49ba-a4f4-e328aba8a227 status updated to running
2025-09-21 20:33:07 | INFO     | src.database:insert_bot_metrics:228 - Bot metrics inserted for 3050619d-c54b-49ba-a4f4-e328aba8a227
2025-09-21 20:33:25 | INFO     | src.bot:_execute_signal:346 - Executing buy signal for ETH/USDT at $4477.2800
2025-09-21 20:33:26 | ERROR    | src.exchanges.binance_th_exchange:_make_request:106 - API request failed: API Error -1111: Parameter 'quantity' has too much precision.
2025-09-21 20:33:26 | ERROR    | src.exchanges.binance_th_exchange:place_order:211 - Failed to place order on Binance TH: API Error -1111: Parameter 'quantity' has too much precision.
2025-09-21 20:33:26 | ERROR    | src.bot:_execute_signal:397 - Failed to execute signal for ETH/USDT: API Error -1111: Parameter 'quantity' has too much precision.
2025-09-21 20:33:26 | INFO     | src.database:update_bot_status:189 - Bot 53834af7-09d6-4312-b695-b1858adc10f5 status updated to running
2025-09-21 20:33:26 | INFO     | src.database:insert_bot_metrics:228 - Bot metrics inserted for 53834af7-09d6-4312-b695-b1858adc10f5
2025-09-21 20:33:45 | ERROR    | src.bot:_update_market_data:323 - Failed to update market data for BTC/USDT: module 'pandas' has no attribute 'np'
2025-09-21 20:33:45 | WARNING  | src.strategies.grid_strategy:analyze:29 - No historical data for BTC/USDT
2025-09-21 20:33:45 | ERROR    | src.bot:_update_performance_metrics:488 - Failed to update performance metrics: DatabaseManager.update_bot_status() takes from 3 to 4 positional arguments but 5 were given
2025-09-21 20:33:46 | ERROR    | src.bot:_update_market_data:323 - Failed to update market data for ETH/USDT: module 'pandas' has no attribute 'np'
2025-09-21 20:33:46 | WARNING  | src.strategies.grid_strategy:analyze:29 - No historical data for ETH/USDT
2025-09-21 20:33:46 | ERROR    | src.bot:_update_performance_metrics:488 - Failed to update performance metrics: DatabaseManager.update_bot_status() takes from 3 to 4 positional arguments but 5 were given
2025-09-21 20:33:52 | ERROR    | src.bot:_update_market_data:323 - Failed to update market data for ADA/USDT: module 'pandas' has no attribute 'np'
2025-09-21 20:33:52 | WARNING  | src.strategies.momentum_strategy:analyze:31 - No historical data for ADA/USDT
2025-09-21 20:33:52 | ERROR    | src.bot:_update_performance_metrics:488 - Failed to update performance metrics: DatabaseManager.update_bot_status() takes from 3 to 4 positional arguments but 5 were given
2025-09-21 20:33:55 | ERROR    | src.exchanges.binance_th_exchange:_make_request:106 - API request failed: API Error -1121: Invalid symbol.
2025-09-21 20:33:55 | ERROR    | src.exchanges.binance_th_exchange:get_ticker:161 - Failed to get Binance TH ticker for BTC/THB: API Error -1121: Invalid symbol.
2025-09-21 20:33:55 | ERROR    | src.bot:_update_market_data:323 - Failed to update market data for BTC/THB: API Error -1121: Invalid symbol.
2025-09-21 20:33:55 | WARNING  | src.strategies.grid_strategy:analyze:29 - No historical data for BTC/THB
2025-09-21 20:33:55 | ERROR    | src.bot:_update_performance_metrics:488 - Failed to update performance metrics: DatabaseManager.update_bot_status() takes from 3 to 4 positional arguments but 5 were given
2025-09-21 20:33:56 | ERROR    | src.exchanges.binance_th_exchange:_make_request:106 - API request failed: API Error -1121: Invalid symbol.
2025-09-21 20:33:56 | ERROR    | src.exchanges.binance_th_exchange:get_ticker:161 - Failed to get Binance TH ticker for ETH/THB: API Error -1121: Invalid symbol.
2025-09-21 20:33:56 | ERROR    | src.bot:_update_market_data:323 - Failed to update market data for ETH/THB: API Error -1121: Invalid symbol.
2025-09-21 20:33:56 | WARNING  | src.strategies.momentum_strategy:analyze:31 - No historical data for ETH/THB
2025-09-21 20:33:56 | ERROR    | src.bot:_update_performance_metrics:488 - Failed to update performance metrics: DatabaseManager.update_bot_status() takes from 3 to 4 positional arguments but 5 were given
2025-09-21 20:34:01 | INFO     | src.database:update_bot_status:189 - Bot d670f5bd-d334-4228-bf10-930decd14a31 status updated to running
2025-09-21 20:34:02 | INFO     | src.database:insert_bot_metrics:228 - Bot metrics inserted for d670f5bd-d334-4228-bf10-930decd14a31
2025-09-21 20:34:03 | INFO     | src.database:update_bot_status:189 - Bot 4de519c6-7379-44d9-8df2-9f4c941d1d3b status updated to running
2025-09-21 20:34:03 | INFO     | src.database:insert_bot_metrics:228 - Bot metrics inserted for 4de519c6-7379-44d9-8df2-9f4c941d1d3b
2025-09-21 20:34:07 | INFO     | src.database:update_bot_status:189 - Bot 3bd54ecf-276a-4de4-bdc5-891fc5ba8ee0 status updated to running
2025-09-21 20:34:07 | INFO     | src.database:insert_bot_metrics:228 - Bot metrics inserted for 3bd54ecf-276a-4de4-bdc5-891fc5ba8ee0
2025-09-21 20:34:09 | INFO     | src.database:update_bot_status:189 - Bot 3050619d-c54b-49ba-a4f4-e328aba8a227 status updated to running
2025-09-21 20:34:09 | INFO     | src.database:insert_bot_metrics:228 - Bot metrics inserted for 3050619d-c54b-49ba-a4f4-e328aba8a227
2025-09-21 20:34:28 | INFO     | src.bot:_execute_signal:346 - Executing buy signal for ETH/USDT at $4477.2700
2025-09-21 20:34:29 | ERROR    | src.exchanges.binance_th_exchange:_make_request:106 - API request failed: API Error -1111: Parameter 'quantity' has too much precision.
2025-09-21 20:34:29 | ERROR    | src.exchanges.binance_th_exchange:place_order:211 - Failed to place order on Binance TH: API Error -1111: Parameter 'quantity' has too much precision.
2025-09-21 20:34:29 | ERROR    | src.bot:_execute_signal:397 - Failed to execute signal for ETH/USDT: API Error -1111: Parameter 'quantity' has too much precision.
2025-09-21 20:34:29 | INFO     | src.database:update_bot_status:189 - Bot 53834af7-09d6-4312-b695-b1858adc10f5 status updated to running
2025-09-21 20:34:29 | INFO     | src.database:insert_bot_metrics:228 - Bot metrics inserted for 53834af7-09d6-4312-b695-b1858adc10f5
2025-09-21 20:34:47 | ERROR    | src.bot:_update_market_data:323 - Failed to update market data for BTC/USDT: module 'pandas' has no attribute 'np'
2025-09-21 20:34:47 | WARNING  | src.strategies.grid_strategy:analyze:29 - No historical data for BTC/USDT
2025-09-21 20:34:47 | ERROR    | src.bot:_update_performance_metrics:488 - Failed to update performance metrics: DatabaseManager.update_bot_status() takes from 3 to 4 positional arguments but 5 were given
2025-09-21 20:34:48 | ERROR    | src.bot:_update_market_data:323 - Failed to update market data for ETH/USDT: module 'pandas' has no attribute 'np'
2025-09-21 20:34:48 | WARNING  | src.strategies.grid_strategy:analyze:29 - No historical data for ETH/USDT
2025-09-21 20:34:48 | ERROR    | src.bot:_update_performance_metrics:488 - Failed to update performance metrics: DatabaseManager.update_bot_status() takes from 3 to 4 positional arguments but 5 were given
2025-09-21 20:34:54 | ERROR    | src.bot:_update_market_data:323 - Failed to update market data for ADA/USDT: module 'pandas' has no attribute 'np'
2025-09-21 20:34:54 | WARNING  | src.strategies.momentum_strategy:analyze:31 - No historical data for ADA/USDT
2025-09-21 20:34:54 | ERROR    | src.bot:_update_performance_metrics:488 - Failed to update performance metrics: DatabaseManager.update_bot_status() takes from 3 to 4 positional arguments but 5 were given
2025-09-21 20:34:57 | ERROR    | src.exchanges.binance_th_exchange:_make_request:106 - API request failed: API Error -1121: Invalid symbol.
2025-09-21 20:34:57 | ERROR    | src.exchanges.binance_th_exchange:get_ticker:161 - Failed to get Binance TH ticker for BTC/THB: API Error -1121: Invalid symbol.
2025-09-21 20:34:57 | ERROR    | src.bot:_update_market_data:323 - Failed to update market data for BTC/THB: API Error -1121: Invalid symbol.
2025-09-21 20:34:57 | WARNING  | src.strategies.grid_strategy:analyze:29 - No historical data for BTC/THB
2025-09-21 20:34:57 | ERROR    | src.bot:_update_performance_metrics:488 - Failed to update performance metrics: DatabaseManager.update_bot_status() takes from 3 to 4 positional arguments but 5 were given
2025-09-21 20:34:57 | ERROR    | src.exchanges.binance_th_exchange:_make_request:106 - API request failed: API Error -1121: Invalid symbol.
2025-09-21 20:34:57 | ERROR    | src.exchanges.binance_th_exchange:get_ticker:161 - Failed to get Binance TH ticker for ETH/THB: API Error -1121: Invalid symbol.
2025-09-21 20:34:57 | ERROR    | src.bot:_update_market_data:323 - Failed to update market data for ETH/THB: API Error -1121: Invalid symbol.
2025-09-21 20:34:57 | WARNING  | src.strategies.momentum_strategy:analyze:31 - No historical data for ETH/THB
2025-09-21 20:34:57 | ERROR    | src.bot:_update_performance_metrics:488 - Failed to update performance metrics: DatabaseManager.update_bot_status() takes from 3 to 4 positional arguments but 5 were given
2025-09-21 20:35:03 | INFO     | src.database:update_bot_status:189 - Bot d670f5bd-d334-4228-bf10-930decd14a31 status updated to running
2025-09-21 20:35:03 | INFO     | src.database:insert_bot_metrics:228 - Bot metrics inserted for d670f5bd-d334-4228-bf10-930decd14a31
2025-09-21 20:35:04 | INFO     | src.database:update_bot_status:189 - Bot 4de519c6-7379-44d9-8df2-9f4c941d1d3b status updated to running
2025-09-21 20:35:04 | INFO     | src.database:insert_bot_metrics:228 - Bot metrics inserted for 4de519c6-7379-44d9-8df2-9f4c941d1d3b
2025-09-21 20:35:08 | INFO     | src.database:update_bot_status:189 - Bot 3bd54ecf-276a-4de4-bdc5-891fc5ba8ee0 status updated to running
2025-09-21 20:35:08 | INFO     | src.database:insert_bot_metrics:228 - Bot metrics inserted for 3bd54ecf-276a-4de4-bdc5-891fc5ba8ee0
2025-09-21 20:35:10 | INFO     | src.database:update_bot_status:189 - Bot 3050619d-c54b-49ba-a4f4-e328aba8a227 status updated to running
2025-09-21 20:35:10 | INFO     | src.database:insert_bot_metrics:228 - Bot metrics inserted for 3050619d-c54b-49ba-a4f4-e328aba8a227
2025-09-21 20:35:30 | INFO     | src.database:update_bot_status:189 - Bot 53834af7-09d6-4312-b695-b1858adc10f5 status updated to running
2025-09-21 20:35:30 | INFO     | src.database:insert_bot_metrics:228 - Bot metrics inserted for 53834af7-09d6-4312-b695-b1858adc10f5
2025-09-21 20:35:48 | ERROR    | src.bot:_update_market_data:323 - Failed to update market data for BTC/USDT: module 'pandas' has no attribute 'np'
2025-09-21 20:35:48 | WARNING  | src.strategies.grid_strategy:analyze:29 - No historical data for BTC/USDT
2025-09-21 20:35:48 | ERROR    | src.bot:_update_performance_metrics:488 - Failed to update performance metrics: DatabaseManager.update_bot_status() takes from 3 to 4 positional arguments but 5 were given
2025-09-21 20:35:49 | ERROR    | src.bot:_update_market_data:323 - Failed to update market data for ETH/USDT: module 'pandas' has no attribute 'np'
2025-09-21 20:35:49 | WARNING  | src.strategies.grid_strategy:analyze:29 - No historical data for ETH/USDT
2025-09-21 20:35:49 | ERROR    | src.bot:_update_performance_metrics:488 - Failed to update performance metrics: DatabaseManager.update_bot_status() takes from 3 to 4 positional arguments but 5 were given
2025-09-21 20:35:55 | ERROR    | src.bot:_update_market_data:323 - Failed to update market data for ADA/USDT: module 'pandas' has no attribute 'np'
2025-09-21 20:35:55 | WARNING  | src.strategies.momentum_strategy:analyze:31 - No historical data for ADA/USDT
2025-09-21 20:35:55 | ERROR    | src.bot:_update_performance_metrics:488 - Failed to update performance metrics: DatabaseManager.update_bot_status() takes from 3 to 4 positional arguments but 5 were given
2025-09-21 20:35:58 | ERROR    | src.exchanges.binance_th_exchange:_make_request:106 - API request failed: API Error -1121: Invalid symbol.
2025-09-21 20:35:58 | ERROR    | src.exchanges.binance_th_exchange:get_ticker:161 - Failed to get Binance TH ticker for BTC/THB: API Error -1121: Invalid symbol.
2025-09-21 20:35:58 | ERROR    | src.bot:_update_market_data:323 - Failed to update market data for BTC/THB: API Error -1121: Invalid symbol.
2025-09-21 20:35:58 | WARNING  | src.strategies.grid_strategy:analyze:29 - No historical data for BTC/THB
2025-09-21 20:35:58 | ERROR    | src.bot:_update_performance_metrics:488 - Failed to update performance metrics: DatabaseManager.update_bot_status() takes from 3 to 4 positional arguments but 5 were given
2025-09-21 20:35:58 | ERROR    | src.exchanges.binance_th_exchange:_make_request:106 - API request failed: API Error -1121: Invalid symbol.
2025-09-21 20:35:58 | ERROR    | src.exchanges.binance_th_exchange:get_ticker:161 - Failed to get Binance TH ticker for ETH/THB: API Error -1121: Invalid symbol.
2025-09-21 20:35:58 | ERROR    | src.bot:_update_market_data:323 - Failed to update market data for ETH/THB: API Error -1121: Invalid symbol.
2025-09-21 20:35:58 | WARNING  | src.strategies.momentum_strategy:analyze:31 - No historical data for ETH/THB
2025-09-21 20:35:58 | ERROR    | src.bot:_update_performance_metrics:488 - Failed to update performance metrics: DatabaseManager.update_bot_status() takes from 3 to 4 positional arguments but 5 were given
2025-09-21 20:36:04 | INFO     | src.database:update_bot_status:189 - Bot d670f5bd-d334-4228-bf10-930decd14a31 status updated to running
2025-09-21 20:36:05 | INFO     | src.database:insert_bot_metrics:228 - Bot metrics inserted for d670f5bd-d334-4228-bf10-930decd14a31
2025-09-21 20:36:06 | INFO     | src.database:update_bot_status:189 - Bot 4de519c6-7379-44d9-8df2-9f4c941d1d3b status updated to running
2025-09-21 20:36:06 | INFO     | src.database:insert_bot_metrics:228 - Bot metrics inserted for 4de519c6-7379-44d9-8df2-9f4c941d1d3b
2025-09-21 20:36:10 | INFO     | src.database:update_bot_status:189 - Bot 3bd54ecf-276a-4de4-bdc5-891fc5ba8ee0 status updated to running
2025-09-21 20:36:10 | INFO     | src.database:insert_bot_metrics:228 - Bot metrics inserted for 3bd54ecf-276a-4de4-bdc5-891fc5ba8ee0
2025-09-21 20:36:12 | INFO     | src.database:update_bot_status:189 - Bot 3050619d-c54b-49ba-a4f4-e328aba8a227 status updated to running
2025-09-21 20:36:12 | INFO     | src.database:insert_bot_metrics:228 - Bot metrics inserted for 3050619d-c54b-49ba-a4f4-e328aba8a227
2025-09-21 20:36:31 | INFO     | src.bot:_execute_signal:346 - Executing buy signal for ETH/USDT at $4475.5600
2025-09-21 20:36:32 | ERROR    | src.exchanges.binance_th_exchange:_make_request:106 - API request failed: API Error -1111: Parameter 'quantity' has too much precision.
2025-09-21 20:36:32 | ERROR    | src.exchanges.binance_th_exchange:place_order:211 - Failed to place order on Binance TH: API Error -1111: Parameter 'quantity' has too much precision.
2025-09-21 20:36:32 | ERROR    | src.bot:_execute_signal:397 - Failed to execute signal for ETH/USDT: API Error -1111: Parameter 'quantity' has too much precision.
2025-09-21 20:36:32 | INFO     | src.database:update_bot_status:189 - Bot 53834af7-09d6-4312-b695-b1858adc10f5 status updated to running
2025-09-21 20:36:33 | INFO     | src.database:insert_bot_metrics:228 - Bot metrics inserted for 53834af7-09d6-4312-b695-b1858adc10f5
2025-09-21 20:36:49 | ERROR    | src.bot:_update_market_data:323 - Failed to update market data for BTC/USDT: module 'pandas' has no attribute 'np'
2025-09-21 20:36:49 | WARNING  | src.strategies.grid_strategy:analyze:29 - No historical data for BTC/USDT
2025-09-21 20:36:49 | ERROR    | src.bot:_update_performance_metrics:488 - Failed to update performance metrics: DatabaseManager.update_bot_status() takes from 3 to 4 positional arguments but 5 were given
2025-09-21 20:36:50 | ERROR    | src.bot:_update_market_data:323 - Failed to update market data for ETH/USDT: module 'pandas' has no attribute 'np'
2025-09-21 20:36:50 | WARNING  | src.strategies.grid_strategy:analyze:29 - No historical data for ETH/USDT
2025-09-21 20:36:50 | ERROR    | src.bot:_update_performance_metrics:488 - Failed to update performance metrics: DatabaseManager.update_bot_status() takes from 3 to 4 positional arguments but 5 were given
2025-09-21 20:36:56 | ERROR    | src.bot:_update_market_data:323 - Failed to update market data for ADA/USDT: module 'pandas' has no attribute 'np'
2025-09-21 20:36:56 | WARNING  | src.strategies.momentum_strategy:analyze:31 - No historical data for ADA/USDT
2025-09-21 20:36:56 | ERROR    | src.bot:_update_performance_metrics:488 - Failed to update performance metrics: DatabaseManager.update_bot_status() takes from 3 to 4 positional arguments but 5 were given
2025-09-21 20:36:59 | ERROR    | src.exchanges.binance_th_exchange:_make_request:106 - API request failed: API Error -1121: Invalid symbol.
2025-09-21 20:36:59 | ERROR    | src.exchanges.binance_th_exchange:get_ticker:161 - Failed to get Binance TH ticker for ETH/THB: API Error -1121: Invalid symbol.
2025-09-21 20:36:59 | ERROR    | src.bot:_update_market_data:323 - Failed to update market data for ETH/THB: API Error -1121: Invalid symbol.
2025-09-21 20:36:59 | WARNING  | src.strategies.momentum_strategy:analyze:31 - No historical data for ETH/THB
2025-09-21 20:36:59 | ERROR    | src.bot:_update_performance_metrics:488 - Failed to update performance metrics: DatabaseManager.update_bot_status() takes from 3 to 4 positional arguments but 5 were given
2025-09-21 20:36:59 | ERROR    | src.exchanges.binance_th_exchange:_make_request:106 - API request failed: API Error -1121: Invalid symbol.
2025-09-21 20:36:59 | ERROR    | src.exchanges.binance_th_exchange:get_ticker:161 - Failed to get Binance TH ticker for BTC/THB: API Error -1121: Invalid symbol.
2025-09-21 20:36:59 | ERROR    | src.bot:_update_market_data:323 - Failed to update market data for BTC/THB: API Error -1121: Invalid symbol.
2025-09-21 20:36:59 | WARNING  | src.strategies.grid_strategy:analyze:29 - No historical data for BTC/THB
2025-09-21 20:36:59 | ERROR    | src.bot:_update_performance_metrics:488 - Failed to update performance metrics: DatabaseManager.update_bot_status() takes from 3 to 4 positional arguments but 5 were given
2025-09-21 20:37:06 | INFO     | src.database:update_bot_status:189 - Bot d670f5bd-d334-4228-bf10-930decd14a31 status updated to running
2025-09-21 20:37:06 | INFO     | src.database:insert_bot_metrics:228 - Bot metrics inserted for d670f5bd-d334-4228-bf10-930decd14a31
2025-09-21 20:37:08 | INFO     | src.database:update_bot_status:189 - Bot 4de519c6-7379-44d9-8df2-9f4c941d1d3b status updated to running
2025-09-21 20:37:08 | INFO     | src.database:insert_bot_metrics:228 - Bot metrics inserted for 4de519c6-7379-44d9-8df2-9f4c941d1d3b
2025-09-21 20:37:11 | INFO     | src.database:update_bot_status:189 - Bot 3bd54ecf-276a-4de4-bdc5-891fc5ba8ee0 status updated to running
2025-09-21 20:37:11 | INFO     | src.database:insert_bot_metrics:228 - Bot metrics inserted for 3bd54ecf-276a-4de4-bdc5-891fc5ba8ee0
2025-09-21 20:37:13 | INFO     | src.database:update_bot_status:189 - Bot 3050619d-c54b-49ba-a4f4-e328aba8a227 status updated to running
2025-09-21 20:37:13 | INFO     | src.database:insert_bot_metrics:228 - Bot metrics inserted for 3050619d-c54b-49ba-a4f4-e328aba8a227
2025-09-21 20:37:34 | INFO     | src.database:update_bot_status:189 - Bot 53834af7-09d6-4312-b695-b1858adc10f5 status updated to running
2025-09-21 20:37:34 | INFO     | src.database:insert_bot_metrics:228 - Bot metrics inserted for 53834af7-09d6-4312-b695-b1858adc10f5
2025-09-21 20:37:50 | ERROR    | src.bot:_update_market_data:323 - Failed to update market data for BTC/USDT: module 'pandas' has no attribute 'np'
2025-09-21 20:37:50 | WARNING  | src.strategies.grid_strategy:analyze:29 - No historical data for BTC/USDT
2025-09-21 20:37:50 | ERROR    | src.bot:_update_performance_metrics:488 - Failed to update performance metrics: DatabaseManager.update_bot_status() takes from 3 to 4 positional arguments but 5 were given
2025-09-21 20:37:51 | ERROR    | src.bot:_update_market_data:323 - Failed to update market data for ETH/USDT: module 'pandas' has no attribute 'np'
2025-09-21 20:37:51 | WARNING  | src.strategies.grid_strategy:analyze:29 - No historical data for ETH/USDT
2025-09-21 20:37:51 | ERROR    | src.bot:_update_performance_metrics:488 - Failed to update performance metrics: DatabaseManager.update_bot_status() takes from 3 to 4 positional arguments but 5 were given
2025-09-21 20:37:57 | ERROR    | src.bot:_update_market_data:323 - Failed to update market data for ADA/USDT: module 'pandas' has no attribute 'np'
2025-09-21 20:37:57 | WARNING  | src.strategies.momentum_strategy:analyze:31 - No historical data for ADA/USDT
2025-09-21 20:37:57 | ERROR    | src.bot:_update_performance_metrics:488 - Failed to update performance metrics: DatabaseManager.update_bot_status() takes from 3 to 4 positional arguments but 5 were given
2025-09-21 20:38:01 | ERROR    | src.exchanges.binance_th_exchange:_make_request:106 - API request failed: API Error -1121: Invalid symbol.
2025-09-21 20:38:01 | ERROR    | src.exchanges.binance_th_exchange:get_ticker:161 - Failed to get Binance TH ticker for BTC/THB: API Error -1121: Invalid symbol.
2025-09-21 20:38:01 | ERROR    | src.bot:_update_market_data:323 - Failed to update market data for BTC/THB: API Error -1121: Invalid symbol.
2025-09-21 20:38:01 | WARNING  | src.strategies.grid_strategy:analyze:29 - No historical data for BTC/THB
2025-09-21 20:38:01 | ERROR    | src.bot:_update_performance_metrics:488 - Failed to update performance metrics: DatabaseManager.update_bot_status() takes from 3 to 4 positional arguments but 5 were given
2025-09-21 20:38:01 | ERROR    | src.exchanges.binance_th_exchange:_make_request:106 - API request failed: API Error -1121: Invalid symbol.
2025-09-21 20:38:01 | ERROR    | src.exchanges.binance_th_exchange:get_ticker:161 - Failed to get Binance TH ticker for ETH/THB: API Error -1121: Invalid symbol.
2025-09-21 20:38:01 | ERROR    | src.bot:_update_market_data:323 - Failed to update market data for ETH/THB: API Error -1121: Invalid symbol.
2025-09-21 20:38:01 | WARNING  | src.strategies.momentum_strategy:analyze:31 - No historical data for ETH/THB
2025-09-21 20:38:01 | ERROR    | src.bot:_update_performance_metrics:488 - Failed to update performance metrics: DatabaseManager.update_bot_status() takes from 3 to 4 positional arguments but 5 were given
2025-09-21 20:38:07 | INFO     | src.database:update_bot_status:189 - Bot d670f5bd-d334-4228-bf10-930decd14a31 status updated to running
2025-09-21 20:38:07 | INFO     | src.database:insert_bot_metrics:228 - Bot metrics inserted for d670f5bd-d334-4228-bf10-930decd14a31
2025-09-21 20:38:09 | INFO     | src.database:update_bot_status:189 - Bot 4de519c6-7379-44d9-8df2-9f4c941d1d3b status updated to running
2025-09-21 20:38:09 | INFO     | src.database:insert_bot_metrics:228 - Bot metrics inserted for 4de519c6-7379-44d9-8df2-9f4c941d1d3b
2025-09-21 20:38:12 | INFO     | src.database:update_bot_status:189 - Bot 3bd54ecf-276a-4de4-bdc5-891fc5ba8ee0 status updated to running
2025-09-21 20:38:12 | INFO     | src.database:insert_bot_metrics:228 - Bot metrics inserted for 3bd54ecf-276a-4de4-bdc5-891fc5ba8ee0
2025-09-21 20:38:15 | INFO     | src.bot:_execute_signal:346 - Executing buy signal for ADA/USDT at $0.8883
2025-09-21 20:38:15 | ERROR    | src.exchanges.binance_exchange:get_balance:69 - Failed to get Binance balance: binance {"code":-2014,"msg":"API-key format invalid."}
2025-09-21 20:38:16 | ERROR    | src.exchanges.binance_exchange:place_order:119 - Failed to place Binance order: binance {"code":-2014,"msg":"API-key format invalid."}
2025-09-21 20:38:16 | ERROR    | src.bot:_execute_signal:397 - Failed to execute signal for ADA/USDT: binance {"code":-2014,"msg":"API-key format invalid."}
2025-09-21 20:38:16 | INFO     | src.database:update_bot_status:189 - Bot 3050619d-c54b-49ba-a4f4-e328aba8a227 status updated to running
2025-09-21 20:38:16 | INFO     | src.database:insert_bot_metrics:228 - Bot metrics inserted for 3050619d-c54b-49ba-a4f4-e328aba8a227
2025-09-21 20:38:35 | INFO     | src.database:update_bot_status:189 - Bot 53834af7-09d6-4312-b695-b1858adc10f5 status updated to running
2025-09-21 20:38:35 | INFO     | src.database:insert_bot_metrics:228 - Bot metrics inserted for 53834af7-09d6-4312-b695-b1858adc10f5
2025-09-21 20:38:52 | ERROR    | src.bot:_update_market_data:323 - Failed to update market data for BTC/USDT: module 'pandas' has no attribute 'np'
2025-09-21 20:38:52 | WARNING  | src.strategies.grid_strategy:analyze:29 - No historical data for BTC/USDT
2025-09-21 20:38:52 | ERROR    | src.bot:_update_performance_metrics:488 - Failed to update performance metrics: DatabaseManager.update_bot_status() takes from 3 to 4 positional arguments but 5 were given
2025-09-21 20:38:52 | ERROR    | src.bot:_update_market_data:323 - Failed to update market data for ETH/USDT: module 'pandas' has no attribute 'np'
2025-09-21 20:38:52 | WARNING  | src.strategies.grid_strategy:analyze:29 - No historical data for ETH/USDT
2025-09-21 20:38:52 | ERROR    | src.bot:_update_performance_metrics:488 - Failed to update performance metrics: DatabaseManager.update_bot_status() takes from 3 to 4 positional arguments but 5 were given
2025-09-21 20:38:59 | ERROR    | src.bot:_update_market_data:323 - Failed to update market data for ADA/USDT: module 'pandas' has no attribute 'np'
2025-09-21 20:38:59 | WARNING  | src.strategies.momentum_strategy:analyze:31 - No historical data for ADA/USDT
2025-09-21 20:38:59 | ERROR    | src.bot:_update_performance_metrics:488 - Failed to update performance metrics: DatabaseManager.update_bot_status() takes from 3 to 4 positional arguments but 5 were given
2025-09-21 20:39:02 | ERROR    | src.exchanges.binance_th_exchange:_make_request:106 - API request failed: API Error -1121: Invalid symbol.
2025-09-21 20:39:02 | ERROR    | src.exchanges.binance_th_exchange:get_ticker:161 - Failed to get Binance TH ticker for ETH/THB: API Error -1121: Invalid symbol.
2025-09-21 20:39:02 | ERROR    | src.bot:_update_market_data:323 - Failed to update market data for ETH/THB: API Error -1121: Invalid symbol.
2025-09-21 20:39:02 | WARNING  | src.strategies.momentum_strategy:analyze:31 - No historical data for ETH/THB
2025-09-21 20:39:02 | ERROR    | src.bot:_update_performance_metrics:488 - Failed to update performance metrics: DatabaseManager.update_bot_status() takes from 3 to 4 positional arguments but 5 were given
2025-09-21 20:39:02 | ERROR    | src.exchanges.binance_th_exchange:_make_request:106 - API request failed: API Error -1121: Invalid symbol.
2025-09-21 20:39:02 | ERROR    | src.exchanges.binance_th_exchange:get_ticker:161 - Failed to get Binance TH ticker for BTC/THB: API Error -1121: Invalid symbol.
2025-09-21 20:39:02 | ERROR    | src.bot:_update_market_data:323 - Failed to update market data for BTC/THB: API Error -1121: Invalid symbol.
2025-09-21 20:39:02 | WARNING  | src.strategies.grid_strategy:analyze:29 - No historical data for BTC/THB
2025-09-21 20:39:02 | ERROR    | src.bot:_update_performance_metrics:488 - Failed to update performance metrics: DatabaseManager.update_bot_status() takes from 3 to 4 positional arguments but 5 were given
2025-09-21 20:39:09 | INFO     | src.database:update_bot_status:189 - Bot d670f5bd-d334-4228-bf10-930decd14a31 status updated to running
2025-09-21 20:39:09 | INFO     | src.database:insert_bot_metrics:228 - Bot metrics inserted for d670f5bd-d334-4228-bf10-930decd14a31
2025-09-21 20:39:11 | INFO     | src.database:update_bot_status:189 - Bot 4de519c6-7379-44d9-8df2-9f4c941d1d3b status updated to running
2025-09-21 20:39:11 | INFO     | src.database:insert_bot_metrics:228 - Bot metrics inserted for 4de519c6-7379-44d9-8df2-9f4c941d1d3b
2025-09-21 20:39:14 | INFO     | src.database:update_bot_status:189 - Bot 3bd54ecf-276a-4de4-bdc5-891fc5ba8ee0 status updated to running
2025-09-21 20:39:14 | INFO     | src.database:insert_bot_metrics:228 - Bot metrics inserted for 3bd54ecf-276a-4de4-bdc5-891fc5ba8ee0
2025-09-21 20:39:17 | INFO     | src.database:update_bot_status:189 - Bot 3050619d-c54b-49ba-a4f4-e328aba8a227 status updated to running
2025-09-21 20:39:17 | INFO     | src.database:insert_bot_metrics:228 - Bot metrics inserted for 3050619d-c54b-49ba-a4f4-e328aba8a227
2025-09-21 20:39:37 | INFO     | src.database:update_bot_status:189 - Bot 53834af7-09d6-4312-b695-b1858adc10f5 status updated to running
2025-09-21 20:39:37 | INFO     | src.database:insert_bot_metrics:228 - Bot metrics inserted for 53834af7-09d6-4312-b695-b1858adc10f5
2025-09-21 20:39:54 | ERROR    | src.bot:_update_market_data:323 - Failed to update market data for BTC/USDT: module 'pandas' has no attribute 'np'
2025-09-21 20:39:54 | WARNING  | src.strategies.grid_strategy:analyze:29 - No historical data for BTC/USDT
2025-09-21 20:39:54 | ERROR    | src.bot:_update_performance_metrics:488 - Failed to update performance metrics: DatabaseManager.update_bot_status() takes from 3 to 4 positional arguments but 5 were given
2025-09-21 20:39:54 | ERROR    | src.bot:_update_market_data:323 - Failed to update market data for ETH/USDT: module 'pandas' has no attribute 'np'
2025-09-21 20:39:54 | WARNING  | src.strategies.grid_strategy:analyze:29 - No historical data for ETH/USDT
2025-09-21 20:39:54 | ERROR    | src.bot:_update_performance_metrics:488 - Failed to update performance metrics: DatabaseManager.update_bot_status() takes from 3 to 4 positional arguments but 5 were given
2025-09-21 20:40:00 | ERROR    | src.bot:_update_market_data:323 - Failed to update market data for ADA/USDT: module 'pandas' has no attribute 'np'
2025-09-21 20:40:00 | WARNING  | src.strategies.momentum_strategy:analyze:31 - No historical data for ADA/USDT
2025-09-21 20:40:00 | ERROR    | src.bot:_update_performance_metrics:488 - Failed to update performance metrics: DatabaseManager.update_bot_status() takes from 3 to 4 positional arguments but 5 were given
2025-09-21 20:40:03 | ERROR    | src.exchanges.binance_th_exchange:_make_request:106 - API request failed: API Error -1121: Invalid symbol.
2025-09-21 20:40:03 | ERROR    | src.exchanges.binance_th_exchange:get_ticker:161 - Failed to get Binance TH ticker for ETH/THB: API Error -1121: Invalid symbol.
2025-09-21 20:40:03 | ERROR    | src.bot:_update_market_data:323 - Failed to update market data for ETH/THB: API Error -1121: Invalid symbol.
2025-09-21 20:40:03 | WARNING  | src.strategies.momentum_strategy:analyze:31 - No historical data for ETH/THB
2025-09-21 20:40:03 | ERROR    | src.bot:_update_performance_metrics:488 - Failed to update performance metrics: DatabaseManager.update_bot_status() takes from 3 to 4 positional arguments but 5 were given
2025-09-21 20:40:04 | ERROR    | src.exchanges.binance_th_exchange:_make_request:106 - API request failed: API Error -1121: Invalid symbol.
2025-09-21 20:40:04 | ERROR    | src.exchanges.binance_th_exchange:get_ticker:161 - Failed to get Binance TH ticker for BTC/THB: API Error -1121: Invalid symbol.
2025-09-21 20:40:04 | ERROR    | src.bot:_update_market_data:323 - Failed to update market data for BTC/THB: API Error -1121: Invalid symbol.
2025-09-21 20:40:04 | WARNING  | src.strategies.grid_strategy:analyze:29 - No historical data for BTC/THB
2025-09-21 20:40:04 | ERROR    | src.bot:_update_performance_metrics:488 - Failed to update performance metrics: DatabaseManager.update_bot_status() takes from 3 to 4 positional arguments but 5 were given
2025-09-21 20:40:10 | INFO     | src.database:update_bot_status:189 - Bot d670f5bd-d334-4228-bf10-930decd14a31 status updated to running
2025-09-21 20:40:10 | INFO     | src.database:insert_bot_metrics:228 - Bot metrics inserted for d670f5bd-d334-4228-bf10-930decd14a31
2025-09-21 20:40:12 | INFO     | src.database:update_bot_status:189 - Bot 4de519c6-7379-44d9-8df2-9f4c941d1d3b status updated to running
2025-09-21 20:40:12 | INFO     | src.database:insert_bot_metrics:228 - Bot metrics inserted for 4de519c6-7379-44d9-8df2-9f4c941d1d3b
2025-09-21 20:40:15 | INFO     | src.database:update_bot_status:189 - Bot 3bd54ecf-276a-4de4-bdc5-891fc5ba8ee0 status updated to running
2025-09-21 20:40:15 | INFO     | src.database:insert_bot_metrics:228 - Bot metrics inserted for 3bd54ecf-276a-4de4-bdc5-891fc5ba8ee0
2025-09-21 20:40:19 | INFO     | src.database:update_bot_status:189 - Bot 3050619d-c54b-49ba-a4f4-e328aba8a227 status updated to running
2025-09-21 20:40:19 | INFO     | src.database:insert_bot_metrics:228 - Bot metrics inserted for 3050619d-c54b-49ba-a4f4-e328aba8a227
2025-09-21 20:40:38 | INFO     | src.database:update_bot_status:189 - Bot 53834af7-09d6-4312-b695-b1858adc10f5 status updated to running
2025-09-21 20:40:38 | INFO     | src.database:insert_bot_metrics:228 - Bot metrics inserted for 53834af7-09d6-4312-b695-b1858adc10f5
2025-09-21 20:40:55 | ERROR    | src.bot:_update_market_data:323 - Failed to update market data for BTC/USDT: module 'pandas' has no attribute 'np'
2025-09-21 20:40:55 | WARNING  | src.strategies.grid_strategy:analyze:29 - No historical data for BTC/USDT
2025-09-21 20:40:55 | ERROR    | src.bot:_update_performance_metrics:488 - Failed to update performance metrics: DatabaseManager.update_bot_status() takes from 3 to 4 positional arguments but 5 were given
2025-09-21 20:40:55 | ERROR    | src.bot:_update_market_data:323 - Failed to update market data for ETH/USDT: module 'pandas' has no attribute 'np'
2025-09-21 20:40:55 | WARNING  | src.strategies.grid_strategy:analyze:29 - No historical data for ETH/USDT
2025-09-21 20:40:55 | ERROR    | src.bot:_update_performance_metrics:488 - Failed to update performance metrics: DatabaseManager.update_bot_status() takes from 3 to 4 positional arguments but 5 were given
2025-09-21 20:41:01 | ERROR    | src.bot:_update_market_data:323 - Failed to update market data for ADA/USDT: module 'pandas' has no attribute 'np'
2025-09-21 20:41:01 | WARNING  | src.strategies.momentum_strategy:analyze:31 - No historical data for ADA/USDT
2025-09-21 20:41:01 | ERROR    | src.bot:_update_performance_metrics:488 - Failed to update performance metrics: DatabaseManager.update_bot_status() takes from 3 to 4 positional arguments but 5 were given
2025-09-21 20:41:05 | ERROR    | src.exchanges.binance_th_exchange:_make_request:106 - API request failed: API Error -1121: Invalid symbol.
2025-09-21 20:41:05 | ERROR    | src.exchanges.binance_th_exchange:get_ticker:161 - Failed to get Binance TH ticker for ETH/THB: API Error -1121: Invalid symbol.
2025-09-21 20:41:05 | ERROR    | src.bot:_update_market_data:323 - Failed to update market data for ETH/THB: API Error -1121: Invalid symbol.
2025-09-21 20:41:05 | WARNING  | src.strategies.momentum_strategy:analyze:31 - No historical data for ETH/THB
2025-09-21 20:41:05 | ERROR    | src.bot:_update_performance_metrics:488 - Failed to update performance metrics: DatabaseManager.update_bot_status() takes from 3 to 4 positional arguments but 5 were given
2025-09-21 20:41:05 | ERROR    | src.exchanges.binance_th_exchange:_make_request:106 - API request failed: API Error -1121: Invalid symbol.
2025-09-21 20:41:05 | ERROR    | src.exchanges.binance_th_exchange:get_ticker:161 - Failed to get Binance TH ticker for BTC/THB: API Error -1121: Invalid symbol.
2025-09-21 20:41:05 | ERROR    | src.bot:_update_market_data:323 - Failed to update market data for BTC/THB: API Error -1121: Invalid symbol.
2025-09-21 20:41:05 | WARNING  | src.strategies.grid_strategy:analyze:29 - No historical data for BTC/THB
2025-09-21 20:41:05 | ERROR    | src.bot:_update_performance_metrics:488 - Failed to update performance metrics: DatabaseManager.update_bot_status() takes from 3 to 4 positional arguments but 5 were given
2025-09-21 20:41:11 | INFO     | src.database:update_bot_status:189 - Bot d670f5bd-d334-4228-bf10-930decd14a31 status updated to running
2025-09-21 20:41:12 | INFO     | src.database:insert_bot_metrics:228 - Bot metrics inserted for d670f5bd-d334-4228-bf10-930decd14a31
2025-09-21 20:41:14 | INFO     | src.database:update_bot_status:189 - Bot 4de519c6-7379-44d9-8df2-9f4c941d1d3b status updated to running
2025-09-21 20:41:14 | INFO     | src.database:insert_bot_metrics:228 - Bot metrics inserted for 4de519c6-7379-44d9-8df2-9f4c941d1d3b
2025-09-21 20:41:17 | INFO     | src.database:update_bot_status:189 - Bot 3bd54ecf-276a-4de4-bdc5-891fc5ba8ee0 status updated to running
2025-09-21 20:41:17 | INFO     | src.database:insert_bot_metrics:228 - Bot metrics inserted for 3bd54ecf-276a-4de4-bdc5-891fc5ba8ee0
2025-09-21 20:41:20 | INFO     | src.database:update_bot_status:189 - Bot 3050619d-c54b-49ba-a4f4-e328aba8a227 status updated to running
2025-09-21 20:41:20 | INFO     | src.database:insert_bot_metrics:228 - Bot metrics inserted for 3050619d-c54b-49ba-a4f4-e328aba8a227
2025-09-21 20:41:40 | INFO     | src.database:update_bot_status:189 - Bot 53834af7-09d6-4312-b695-b1858adc10f5 status updated to running
2025-09-21 20:41:40 | INFO     | src.database:insert_bot_metrics:228 - Bot metrics inserted for 53834af7-09d6-4312-b695-b1858adc10f5
2025-09-21 20:41:56 | ERROR    | src.bot:_update_market_data:323 - Failed to update market data for BTC/USDT: module 'pandas' has no attribute 'np'
2025-09-21 20:41:56 | WARNING  | src.strategies.grid_strategy:analyze:29 - No historical data for BTC/USDT
2025-09-21 20:41:56 | ERROR    | src.bot:_update_performance_metrics:488 - Failed to update performance metrics: DatabaseManager.update_bot_status() takes from 3 to 4 positional arguments but 5 were given
2025-09-21 20:41:57 | ERROR    | src.bot:_update_market_data:323 - Failed to update market data for ETH/USDT: module 'pandas' has no attribute 'np'
2025-09-21 20:41:57 | WARNING  | src.strategies.grid_strategy:analyze:29 - No historical data for ETH/USDT
2025-09-21 20:41:57 | ERROR    | src.bot:_update_performance_metrics:488 - Failed to update performance metrics: DatabaseManager.update_bot_status() takes from 3 to 4 positional arguments but 5 were given
2025-09-21 20:42:03 | ERROR    | src.bot:_update_market_data:323 - Failed to update market data for ADA/USDT: module 'pandas' has no attribute 'np'
2025-09-21 20:42:03 | WARNING  | src.strategies.momentum_strategy:analyze:31 - No historical data for ADA/USDT
2025-09-21 20:42:03 | ERROR    | src.bot:_update_performance_metrics:488 - Failed to update performance metrics: DatabaseManager.update_bot_status() takes from 3 to 4 positional arguments but 5 were given
2025-09-21 20:42:06 | ERROR    | src.exchanges.binance_th_exchange:_make_request:106 - API request failed: API Error -1121: Invalid symbol.
2025-09-21 20:42:06 | ERROR    | src.exchanges.binance_th_exchange:get_ticker:161 - Failed to get Binance TH ticker for ETH/THB: API Error -1121: Invalid symbol.
2025-09-21 20:42:06 | ERROR    | src.bot:_update_market_data:323 - Failed to update market data for ETH/THB: API Error -1121: Invalid symbol.
2025-09-21 20:42:06 | WARNING  | src.strategies.momentum_strategy:analyze:31 - No historical data for ETH/THB
2025-09-21 20:42:06 | ERROR    | src.bot:_update_performance_metrics:488 - Failed to update performance metrics: DatabaseManager.update_bot_status() takes from 3 to 4 positional arguments but 5 were given
2025-09-21 20:42:06 | ERROR    | src.exchanges.binance_th_exchange:_make_request:106 - API request failed: API Error -1121: Invalid symbol.
2025-09-21 20:42:06 | ERROR    | src.exchanges.binance_th_exchange:get_ticker:161 - Failed to get Binance TH ticker for BTC/THB: API Error -1121: Invalid symbol.
2025-09-21 20:42:06 | ERROR    | src.bot:_update_market_data:323 - Failed to update market data for BTC/THB: API Error -1121: Invalid symbol.
2025-09-21 20:42:06 | WARNING  | src.strategies.grid_strategy:analyze:29 - No historical data for BTC/THB
2025-09-21 20:42:06 | ERROR    | src.bot:_update_performance_metrics:488 - Failed to update performance metrics: DatabaseManager.update_bot_status() takes from 3 to 4 positional arguments but 5 were given
2025-09-21 20:42:13 | INFO     | src.database:update_bot_status:189 - Bot d670f5bd-d334-4228-bf10-930decd14a31 status updated to running
2025-09-21 20:42:13 | INFO     | src.database:insert_bot_metrics:228 - Bot metrics inserted for d670f5bd-d334-4228-bf10-930decd14a31
2025-09-21 20:42:15 | INFO     | src.database:update_bot_status:189 - Bot 4de519c6-7379-44d9-8df2-9f4c941d1d3b status updated to running
2025-09-21 20:42:15 | INFO     | src.database:insert_bot_metrics:228 - Bot metrics inserted for 4de519c6-7379-44d9-8df2-9f4c941d1d3b
2025-09-21 20:42:18 | INFO     | src.database:update_bot_status:189 - Bot 3bd54ecf-276a-4de4-bdc5-891fc5ba8ee0 status updated to running
2025-09-21 20:42:18 | INFO     | src.database:insert_bot_metrics:228 - Bot metrics inserted for 3bd54ecf-276a-4de4-bdc5-891fc5ba8ee0
2025-09-21 20:42:21 | INFO     | src.database:update_bot_status:189 - Bot 3050619d-c54b-49ba-a4f4-e328aba8a227 status updated to running
2025-09-21 20:42:22 | INFO     | src.database:insert_bot_metrics:228 - Bot metrics inserted for 3050619d-c54b-49ba-a4f4-e328aba8a227
2025-09-21 20:42:41 | INFO     | src.database:update_bot_status:189 - Bot 53834af7-09d6-4312-b695-b1858adc10f5 status updated to running
2025-09-21 20:42:41 | INFO     | src.database:insert_bot_metrics:228 - Bot metrics inserted for 53834af7-09d6-4312-b695-b1858adc10f5
2025-09-21 20:42:58 | ERROR    | src.bot:_update_market_data:323 - Failed to update market data for BTC/USDT: module 'pandas' has no attribute 'np'
2025-09-21 20:42:58 | WARNING  | src.strategies.grid_strategy:analyze:29 - No historical data for BTC/USDT
2025-09-21 20:42:58 | ERROR    | src.bot:_update_performance_metrics:488 - Failed to update performance metrics: DatabaseManager.update_bot_status() takes from 3 to 4 positional arguments but 5 were given
2025-09-21 20:42:58 | ERROR    | src.bot:_update_market_data:323 - Failed to update market data for ETH/USDT: module 'pandas' has no attribute 'np'
2025-09-21 20:42:58 | WARNING  | src.strategies.grid_strategy:analyze:29 - No historical data for ETH/USDT
2025-09-21 20:42:58 | ERROR    | src.bot:_update_performance_metrics:488 - Failed to update performance metrics: DatabaseManager.update_bot_status() takes from 3 to 4 positional arguments but 5 were given
2025-09-21 20:43:05 | ERROR    | src.bot:_update_market_data:323 - Failed to update market data for ADA/USDT: module 'pandas' has no attribute 'np'
2025-09-21 20:43:05 | WARNING  | src.strategies.momentum_strategy:analyze:31 - No historical data for ADA/USDT
2025-09-21 20:43:05 | ERROR    | src.bot:_update_performance_metrics:488 - Failed to update performance metrics: DatabaseManager.update_bot_status() takes from 3 to 4 positional arguments but 5 were given
2025-09-21 20:43:07 | ERROR    | src.exchanges.binance_th_exchange:_make_request:106 - API request failed: API Error -1121: Invalid symbol.
2025-09-21 20:43:07 | ERROR    | src.exchanges.binance_th_exchange:get_ticker:161 - Failed to get Binance TH ticker for ETH/THB: API Error -1121: Invalid symbol.
2025-09-21 20:43:07 | ERROR    | src.bot:_update_market_data:323 - Failed to update market data for ETH/THB: API Error -1121: Invalid symbol.
2025-09-21 20:43:07 | WARNING  | src.strategies.momentum_strategy:analyze:31 - No historical data for ETH/THB
2025-09-21 20:43:07 | ERROR    | src.bot:_update_performance_metrics:488 - Failed to update performance metrics: DatabaseManager.update_bot_status() takes from 3 to 4 positional arguments but 5 were given
2025-09-21 20:43:07 | ERROR    | src.exchanges.binance_th_exchange:_make_request:106 - API request failed: API Error -1121: Invalid symbol.
2025-09-21 20:43:07 | ERROR    | src.exchanges.binance_th_exchange:get_ticker:161 - Failed to get Binance TH ticker for BTC/THB: API Error -1121: Invalid symbol.
2025-09-21 20:43:07 | ERROR    | src.bot:_update_market_data:323 - Failed to update market data for BTC/THB: API Error -1121: Invalid symbol.
2025-09-21 20:43:07 | WARNING  | src.strategies.grid_strategy:analyze:29 - No historical data for BTC/THB
2025-09-21 20:43:07 | ERROR    | src.bot:_update_performance_metrics:488 - Failed to update performance metrics: DatabaseManager.update_bot_status() takes from 3 to 4 positional arguments but 5 were given
2025-09-21 20:43:15 | INFO     | src.database:update_bot_status:189 - Bot d670f5bd-d334-4228-bf10-930decd14a31 status updated to running
2025-09-21 20:43:15 | INFO     | src.database:insert_bot_metrics:228 - Bot metrics inserted for d670f5bd-d334-4228-bf10-930decd14a31
2025-09-21 20:43:17 | INFO     | src.database:update_bot_status:189 - Bot 4de519c6-7379-44d9-8df2-9f4c941d1d3b status updated to running
2025-09-21 20:43:17 | INFO     | src.database:insert_bot_metrics:228 - Bot metrics inserted for 4de519c6-7379-44d9-8df2-9f4c941d1d3b
2025-09-21 20:43:20 | INFO     | src.database:update_bot_status:189 - Bot 3bd54ecf-276a-4de4-bdc5-891fc5ba8ee0 status updated to running
2025-09-21 20:43:20 | INFO     | src.database:insert_bot_metrics:228 - Bot metrics inserted for 3bd54ecf-276a-4de4-bdc5-891fc5ba8ee0
2025-09-21 20:43:23 | INFO     | src.database:update_bot_status:189 - Bot 3050619d-c54b-49ba-a4f4-e328aba8a227 status updated to running
2025-09-21 20:43:23 | INFO     | src.database:insert_bot_metrics:228 - Bot metrics inserted for 3050619d-c54b-49ba-a4f4-e328aba8a227
2025-09-21 20:43:43 | INFO     | src.database:update_bot_status:189 - Bot 53834af7-09d6-4312-b695-b1858adc10f5 status updated to running
2025-09-21 20:43:43 | INFO     | src.database:insert_bot_metrics:228 - Bot metrics inserted for 53834af7-09d6-4312-b695-b1858adc10f5
2025-09-21 20:43:59 | ERROR    | src.bot:_update_market_data:323 - Failed to update market data for BTC/USDT: module 'pandas' has no attribute 'np'
2025-09-21 20:43:59 | WARNING  | src.strategies.grid_strategy:analyze:29 - No historical data for BTC/USDT
2025-09-21 20:43:59 | ERROR    | src.bot:_update_performance_metrics:488 - Failed to update performance metrics: DatabaseManager.update_bot_status() takes from 3 to 4 positional arguments but 5 were given
2025-09-21 20:43:59 | ERROR    | src.bot:_update_market_data:323 - Failed to update market data for ETH/USDT: module 'pandas' has no attribute 'np'
2025-09-21 20:43:59 | WARNING  | src.strategies.grid_strategy:analyze:29 - No historical data for ETH/USDT
2025-09-21 20:43:59 | ERROR    | src.bot:_update_performance_metrics:488 - Failed to update performance metrics: DatabaseManager.update_bot_status() takes from 3 to 4 positional arguments but 5 were given
2025-09-21 20:44:06 | ERROR    | src.bot:_update_market_data:323 - Failed to update market data for ADA/USDT: module 'pandas' has no attribute 'np'
2025-09-21 20:44:06 | WARNING  | src.strategies.momentum_strategy:analyze:31 - No historical data for ADA/USDT
2025-09-21 20:44:06 | ERROR    | src.bot:_update_performance_metrics:488 - Failed to update performance metrics: DatabaseManager.update_bot_status() takes from 3 to 4 positional arguments but 5 were given
2025-09-21 20:44:08 | ERROR    | src.exchanges.binance_th_exchange:_make_request:106 - API request failed: API Error -1121: Invalid symbol.
2025-09-21 20:44:08 | ERROR    | src.exchanges.binance_th_exchange:get_ticker:161 - Failed to get Binance TH ticker for BTC/THB: API Error -1121: Invalid symbol.
2025-09-21 20:44:08 | ERROR    | src.bot:_update_market_data:323 - Failed to update market data for BTC/THB: API Error -1121: Invalid symbol.
2025-09-21 20:44:08 | WARNING  | src.strategies.grid_strategy:analyze:29 - No historical data for BTC/THB
2025-09-21 20:44:08 | ERROR    | src.bot:_update_performance_metrics:488 - Failed to update performance metrics: DatabaseManager.update_bot_status() takes from 3 to 4 positional arguments but 5 were given
2025-09-21 20:44:08 | ERROR    | src.exchanges.binance_th_exchange:_make_request:106 - API request failed: API Error -1121: Invalid symbol.
2025-09-21 20:44:08 | ERROR    | src.exchanges.binance_th_exchange:get_ticker:161 - Failed to get Binance TH ticker for ETH/THB: API Error -1121: Invalid symbol.
2025-09-21 20:44:08 | ERROR    | src.bot:_update_market_data:323 - Failed to update market data for ETH/THB: API Error -1121: Invalid symbol.
2025-09-21 20:44:08 | WARNING  | src.strategies.momentum_strategy:analyze:31 - No historical data for ETH/THB
2025-09-21 20:44:08 | ERROR    | src.bot:_update_performance_metrics:488 - Failed to update performance metrics: DatabaseManager.update_bot_status() takes from 3 to 4 positional arguments but 5 were given
2025-09-21 20:44:16 | INFO     | src.database:update_bot_status:189 - Bot d670f5bd-d334-4228-bf10-930decd14a31 status updated to running
2025-09-21 20:44:17 | INFO     | src.database:insert_bot_metrics:228 - Bot metrics inserted for d670f5bd-d334-4228-bf10-930decd14a31
2025-09-21 20:44:19 | INFO     | src.database:update_bot_status:189 - Bot 4de519c6-7379-44d9-8df2-9f4c941d1d3b status updated to running
2025-09-21 20:44:19 | INFO     | src.database:insert_bot_metrics:228 - Bot metrics inserted for 4de519c6-7379-44d9-8df2-9f4c941d1d3b
2025-09-21 20:44:21 | INFO     | src.database:update_bot_status:189 - Bot 3bd54ecf-276a-4de4-bdc5-891fc5ba8ee0 status updated to running
2025-09-21 20:44:21 | INFO     | src.database:insert_bot_metrics:228 - Bot metrics inserted for 3bd54ecf-276a-4de4-bdc5-891fc5ba8ee0
2025-09-21 20:44:24 | INFO     | src.bot:_execute_signal:346 - Executing sell signal for ADA/USDT at $0.8868
2025-09-21 20:44:25 | ERROR    | src.exchanges.binance_exchange:get_balance:69 - Failed to get Binance balance: binance {"code":-2014,"msg":"API-key format invalid."}
2025-09-21 20:44:25 | ERROR    | src.exchanges.binance_exchange:place_order:119 - Failed to place Binance order: binance {"code":-2014,"msg":"API-key format invalid."}
2025-09-21 20:44:25 | ERROR    | src.bot:_execute_signal:397 - Failed to execute signal for ADA/USDT: binance {"code":-2014,"msg":"API-key format invalid."}
2025-09-21 20:44:26 | INFO     | src.database:update_bot_status:189 - Bot 3050619d-c54b-49ba-a4f4-e328aba8a227 status updated to running
2025-09-21 20:44:26 | INFO     | src.database:insert_bot_metrics:228 - Bot metrics inserted for 3050619d-c54b-49ba-a4f4-e328aba8a227
2025-09-21 20:44:44 | INFO     | src.database:update_bot_status:189 - Bot 53834af7-09d6-4312-b695-b1858adc10f5 status updated to running
2025-09-21 20:44:44 | INFO     | src.database:insert_bot_metrics:228 - Bot metrics inserted for 53834af7-09d6-4312-b695-b1858adc10f5
2025-09-21 20:45:00 | ERROR    | src.bot:_update_market_data:323 - Failed to update market data for BTC/USDT: module 'pandas' has no attribute 'np'
2025-09-21 20:45:00 | WARNING  | src.strategies.grid_strategy:analyze:29 - No historical data for BTC/USDT
2025-09-21 20:45:00 | ERROR    | src.bot:_update_performance_metrics:488 - Failed to update performance metrics: DatabaseManager.update_bot_status() takes from 3 to 4 positional arguments but 5 were given
2025-09-21 20:45:01 | ERROR    | src.bot:_update_market_data:323 - Failed to update market data for ETH/USDT: module 'pandas' has no attribute 'np'
2025-09-21 20:45:01 | WARNING  | src.strategies.grid_strategy:analyze:29 - No historical data for ETH/USDT
2025-09-21 20:45:01 | ERROR    | src.bot:_update_performance_metrics:488 - Failed to update performance metrics: DatabaseManager.update_bot_status() takes from 3 to 4 positional arguments but 5 were given
2025-09-21 20:45:07 | ERROR    | src.bot:_update_market_data:323 - Failed to update market data for ADA/USDT: module 'pandas' has no attribute 'np'
2025-09-21 20:45:07 | WARNING  | src.strategies.momentum_strategy:analyze:31 - No historical data for ADA/USDT
2025-09-21 20:45:07 | ERROR    | src.bot:_update_performance_metrics:488 - Failed to update performance metrics: DatabaseManager.update_bot_status() takes from 3 to 4 positional arguments but 5 were given
2025-09-21 20:45:10 | ERROR    | src.exchanges.binance_th_exchange:_make_request:106 - API request failed: API Error -1121: Invalid symbol.
2025-09-21 20:45:10 | ERROR    | src.exchanges.binance_th_exchange:get_ticker:161 - Failed to get Binance TH ticker for ETH/THB: API Error -1121: Invalid symbol.
2025-09-21 20:45:10 | ERROR    | src.bot:_update_market_data:323 - Failed to update market data for ETH/THB: API Error -1121: Invalid symbol.
2025-09-21 20:45:10 | WARNING  | src.strategies.momentum_strategy:analyze:31 - No historical data for ETH/THB
2025-09-21 20:45:10 | ERROR    | src.bot:_update_performance_metrics:488 - Failed to update performance metrics: DatabaseManager.update_bot_status() takes from 3 to 4 positional arguments but 5 were given
2025-09-21 20:45:10 | ERROR    | src.exchanges.binance_th_exchange:_make_request:106 - API request failed: API Error -1121: Invalid symbol.
2025-09-21 20:45:10 | ERROR    | src.exchanges.binance_th_exchange:get_ticker:161 - Failed to get Binance TH ticker for BTC/THB: API Error -1121: Invalid symbol.
2025-09-21 20:45:10 | ERROR    | src.bot:_update_market_data:323 - Failed to update market data for BTC/THB: API Error -1121: Invalid symbol.
2025-09-21 20:45:10 | WARNING  | src.strategies.grid_strategy:analyze:29 - No historical data for BTC/THB
2025-09-21 20:45:10 | ERROR    | src.bot:_update_performance_metrics:488 - Failed to update performance metrics: DatabaseManager.update_bot_status() takes from 3 to 4 positional arguments but 5 were given
2025-09-21 20:45:18 | INFO     | src.database:update_bot_status:189 - Bot d670f5bd-d334-4228-bf10-930decd14a31 status updated to running
2025-09-21 20:45:18 | INFO     | src.database:insert_bot_metrics:228 - Bot metrics inserted for d670f5bd-d334-4228-bf10-930decd14a31
2025-09-21 20:45:21 | INFO     | src.database:update_bot_status:189 - Bot 4de519c6-7379-44d9-8df2-9f4c941d1d3b status updated to running
2025-09-21 20:45:21 | INFO     | src.database:insert_bot_metrics:228 - Bot metrics inserted for 4de519c6-7379-44d9-8df2-9f4c941d1d3b
2025-09-21 20:45:22 | INFO     | src.database:update_bot_status:189 - Bot 3bd54ecf-276a-4de4-bdc5-891fc5ba8ee0 status updated to running
2025-09-21 20:45:22 | INFO     | src.database:insert_bot_metrics:228 - Bot metrics inserted for 3bd54ecf-276a-4de4-bdc5-891fc5ba8ee0
2025-09-21 20:45:27 | INFO     | src.bot:_execute_signal:346 - Executing sell signal for ADA/USDT at $0.8868
2025-09-21 20:45:27 | ERROR    | src.exchanges.binance_exchange:get_balance:69 - Failed to get Binance balance: binance {"code":-2014,"msg":"API-key format invalid."}
2025-09-21 20:45:28 | ERROR    | src.exchanges.binance_exchange:place_order:119 - Failed to place Binance order: binance {"code":-2014,"msg":"API-key format invalid."}
2025-09-21 20:45:28 | ERROR    | src.bot:_execute_signal:397 - Failed to execute signal for ADA/USDT: binance {"code":-2014,"msg":"API-key format invalid."}
2025-09-21 20:45:28 | INFO     | src.database:update_bot_status:189 - Bot 3050619d-c54b-49ba-a4f4-e328aba8a227 status updated to running
2025-09-21 20:45:28 | INFO     | src.database:insert_bot_metrics:228 - Bot metrics inserted for 3050619d-c54b-49ba-a4f4-e328aba8a227
2025-09-21 20:45:45 | INFO     | src.database:update_bot_status:189 - Bot 53834af7-09d6-4312-b695-b1858adc10f5 status updated to running
2025-09-21 20:45:46 | INFO     | src.database:insert_bot_metrics:228 - Bot metrics inserted for 53834af7-09d6-4312-b695-b1858adc10f5
2025-09-21 20:46:02 | ERROR    | src.bot:_update_market_data:323 - Failed to update market data for BTC/USDT: module 'pandas' has no attribute 'np'
2025-09-21 20:46:02 | WARNING  | src.strategies.grid_strategy:analyze:29 - No historical data for BTC/USDT
2025-09-21 20:46:02 | ERROR    | src.bot:_update_performance_metrics:488 - Failed to update performance metrics: DatabaseManager.update_bot_status() takes from 3 to 4 positional arguments but 5 were given
2025-09-21 20:46:02 | ERROR    | src.bot:_update_market_data:323 - Failed to update market data for ETH/USDT: module 'pandas' has no attribute 'np'
2025-09-21 20:46:02 | WARNING  | src.strategies.grid_strategy:analyze:29 - No historical data for ETH/USDT
2025-09-21 20:46:02 | ERROR    | src.bot:_update_performance_metrics:488 - Failed to update performance metrics: DatabaseManager.update_bot_status() takes from 3 to 4 positional arguments but 5 were given
2025-09-21 20:46:08 | ERROR    | src.bot:_update_market_data:323 - Failed to update market data for ADA/USDT: module 'pandas' has no attribute 'np'
2025-09-21 20:46:08 | WARNING  | src.strategies.momentum_strategy:analyze:31 - No historical data for ADA/USDT
2025-09-21 20:46:08 | ERROR    | src.bot:_update_performance_metrics:488 - Failed to update performance metrics: DatabaseManager.update_bot_status() takes from 3 to 4 positional arguments but 5 were given
2025-09-21 20:46:11 | ERROR    | src.exchanges.binance_th_exchange:_make_request:106 - API request failed: API Error -1121: Invalid symbol.
2025-09-21 20:46:11 | ERROR    | src.exchanges.binance_th_exchange:get_ticker:161 - Failed to get Binance TH ticker for ETH/THB: API Error -1121: Invalid symbol.
2025-09-21 20:46:11 | ERROR    | src.bot:_update_market_data:323 - Failed to update market data for ETH/THB: API Error -1121: Invalid symbol.
2025-09-21 20:46:11 | WARNING  | src.strategies.momentum_strategy:analyze:31 - No historical data for ETH/THB
2025-09-21 20:46:11 | ERROR    | src.bot:_update_performance_metrics:488 - Failed to update performance metrics: DatabaseManager.update_bot_status() takes from 3 to 4 positional arguments but 5 were given
2025-09-21 20:46:11 | ERROR    | src.exchanges.binance_th_exchange:_make_request:106 - API request failed: API Error -1121: Invalid symbol.
2025-09-21 20:46:11 | ERROR    | src.exchanges.binance_th_exchange:get_ticker:161 - Failed to get Binance TH ticker for BTC/THB: API Error -1121: Invalid symbol.
2025-09-21 20:46:11 | ERROR    | src.bot:_update_market_data:323 - Failed to update market data for BTC/THB: API Error -1121: Invalid symbol.
2025-09-21 20:46:11 | WARNING  | src.strategies.grid_strategy:analyze:29 - No historical data for BTC/THB
2025-09-21 20:46:11 | ERROR    | src.bot:_update_performance_metrics:488 - Failed to update performance metrics: DatabaseManager.update_bot_status() takes from 3 to 4 positional arguments but 5 were given
2025-09-21 20:46:20 | INFO     | src.database:update_bot_status:189 - Bot d670f5bd-d334-4228-bf10-930decd14a31 status updated to running
2025-09-21 20:46:20 | INFO     | src.database:insert_bot_metrics:228 - Bot metrics inserted for d670f5bd-d334-4228-bf10-930decd14a31
2025-09-21 20:46:22 | INFO     | src.database:update_bot_status:189 - Bot 4de519c6-7379-44d9-8df2-9f4c941d1d3b status updated to running
2025-09-21 20:46:22 | INFO     | src.database:insert_bot_metrics:228 - Bot metrics inserted for 4de519c6-7379-44d9-8df2-9f4c941d1d3b
2025-09-21 20:46:24 | INFO     | src.database:update_bot_status:189 - Bot 3bd54ecf-276a-4de4-bdc5-891fc5ba8ee0 status updated to running
2025-09-21 20:46:24 | INFO     | src.database:insert_bot_metrics:228 - Bot metrics inserted for 3bd54ecf-276a-4de4-bdc5-891fc5ba8ee0
2025-09-21 20:46:29 | INFO     | src.bot:_execute_signal:346 - Executing sell signal for ADA/USDT at $0.8868
2025-09-21 20:46:30 | ERROR    | src.exchanges.binance_exchange:get_balance:69 - Failed to get Binance balance: binance {"code":-2014,"msg":"API-key format invalid."}
2025-09-21 20:46:31 | ERROR    | src.exchanges.binance_exchange:place_order:119 - Failed to place Binance order: binance {"code":-2014,"msg":"API-key format invalid."}
2025-09-21 20:46:31 | ERROR    | src.bot:_execute_signal:397 - Failed to execute signal for ADA/USDT: binance {"code":-2014,"msg":"API-key format invalid."}
2025-09-21 20:46:31 | INFO     | src.database:update_bot_status:189 - Bot 3050619d-c54b-49ba-a4f4-e328aba8a227 status updated to running
2025-09-21 20:46:31 | INFO     | src.database:insert_bot_metrics:228 - Bot metrics inserted for 3050619d-c54b-49ba-a4f4-e328aba8a227
2025-09-21 20:46:47 | INFO     | src.database:update_bot_status:189 - Bot 53834af7-09d6-4312-b695-b1858adc10f5 status updated to running
2025-09-21 20:46:47 | INFO     | src.database:insert_bot_metrics:228 - Bot metrics inserted for 53834af7-09d6-4312-b695-b1858adc10f5
2025-09-21 20:47:03 | ERROR    | src.bot:_update_market_data:323 - Failed to update market data for BTC/USDT: module 'pandas' has no attribute 'np'
2025-09-21 20:47:03 | WARNING  | src.strategies.grid_strategy:analyze:29 - No historical data for BTC/USDT
2025-09-21 20:47:03 | ERROR    | src.bot:_update_performance_metrics:488 - Failed to update performance metrics: DatabaseManager.update_bot_status() takes from 3 to 4 positional arguments but 5 were given
2025-09-21 20:47:03 | ERROR    | src.bot:_update_market_data:323 - Failed to update market data for ETH/USDT: module 'pandas' has no attribute 'np'
2025-09-21 20:47:03 | WARNING  | src.strategies.grid_strategy:analyze:29 - No historical data for ETH/USDT
2025-09-21 20:47:03 | ERROR    | src.bot:_update_performance_metrics:488 - Failed to update performance metrics: DatabaseManager.update_bot_status() takes from 3 to 4 positional arguments but 5 were given
2025-09-21 20:47:09 | ERROR    | src.bot:_update_market_data:323 - Failed to update market data for ADA/USDT: module 'pandas' has no attribute 'np'
2025-09-21 20:47:09 | WARNING  | src.strategies.momentum_strategy:analyze:31 - No historical data for ADA/USDT
2025-09-21 20:47:09 | ERROR    | src.bot:_update_performance_metrics:488 - Failed to update performance metrics: DatabaseManager.update_bot_status() takes from 3 to 4 positional arguments but 5 were given
2025-09-21 20:47:13 | ERROR    | src.exchanges.binance_th_exchange:_make_request:106 - API request failed: API Error -1121: Invalid symbol.
2025-09-21 20:47:13 | ERROR    | src.exchanges.binance_th_exchange:get_ticker:161 - Failed to get Binance TH ticker for BTC/THB: API Error -1121: Invalid symbol.
2025-09-21 20:47:13 | ERROR    | src.bot:_update_market_data:323 - Failed to update market data for BTC/THB: API Error -1121: Invalid symbol.
2025-09-21 20:47:13 | WARNING  | src.strategies.grid_strategy:analyze:29 - No historical data for BTC/THB
2025-09-21 20:47:13 | ERROR    | src.bot:_update_performance_metrics:488 - Failed to update performance metrics: DatabaseManager.update_bot_status() takes from 3 to 4 positional arguments but 5 were given
2025-09-21 20:47:13 | ERROR    | src.exchanges.binance_th_exchange:_make_request:106 - API request failed: API Error -1121: Invalid symbol.
2025-09-21 20:47:13 | ERROR    | src.exchanges.binance_th_exchange:get_ticker:161 - Failed to get Binance TH ticker for ETH/THB: API Error -1121: Invalid symbol.
2025-09-21 20:47:13 | ERROR    | src.bot:_update_market_data:323 - Failed to update market data for ETH/THB: API Error -1121: Invalid symbol.
2025-09-21 20:47:13 | WARNING  | src.strategies.momentum_strategy:analyze:31 - No historical data for ETH/THB
2025-09-21 20:47:13 | ERROR    | src.bot:_update_performance_metrics:488 - Failed to update performance metrics: DatabaseManager.update_bot_status() takes from 3 to 4 positional arguments but 5 were given
2025-09-21 20:47:21 | INFO     | src.database:update_bot_status:189 - Bot d670f5bd-d334-4228-bf10-930decd14a31 status updated to running
2025-09-21 20:47:21 | INFO     | src.database:insert_bot_metrics:228 - Bot metrics inserted for d670f5bd-d334-4228-bf10-930decd14a31
2025-09-21 20:47:24 | INFO     | src.database:update_bot_status:189 - Bot 4de519c6-7379-44d9-8df2-9f4c941d1d3b status updated to running
2025-09-21 20:47:24 | INFO     | src.database:insert_bot_metrics:228 - Bot metrics inserted for 4de519c6-7379-44d9-8df2-9f4c941d1d3b
2025-09-21 20:47:25 | INFO     | src.database:update_bot_status:189 - Bot 3bd54ecf-276a-4de4-bdc5-891fc5ba8ee0 status updated to running
2025-09-21 20:47:25 | INFO     | src.database:insert_bot_metrics:228 - Bot metrics inserted for 3bd54ecf-276a-4de4-bdc5-891fc5ba8ee0
2025-09-21 20:47:32 | INFO     | src.bot:_execute_signal:346 - Executing sell signal for ADA/USDT at $0.8868
2025-09-21 20:47:32 | ERROR    | src.exchanges.binance_exchange:get_balance:69 - Failed to get Binance balance: binance {"code":-2014,"msg":"API-key format invalid."}
2025-09-21 20:47:33 | ERROR    | src.exchanges.binance_exchange:place_order:119 - Failed to place Binance order: binance {"code":-2014,"msg":"API-key format invalid."}
2025-09-21 20:47:33 | ERROR    | src.bot:_execute_signal:397 - Failed to execute signal for ADA/USDT: binance {"code":-2014,"msg":"API-key format invalid."}
2025-09-21 20:47:33 | INFO     | src.database:update_bot_status:189 - Bot 3050619d-c54b-49ba-a4f4-e328aba8a227 status updated to running
2025-09-21 20:47:33 | INFO     | src.database:insert_bot_metrics:228 - Bot metrics inserted for 3050619d-c54b-49ba-a4f4-e328aba8a227
2025-09-21 20:47:48 | INFO     | src.database:update_bot_status:189 - Bot 53834af7-09d6-4312-b695-b1858adc10f5 status updated to running
2025-09-21 20:47:48 | INFO     | src.database:insert_bot_metrics:228 - Bot metrics inserted for 53834af7-09d6-4312-b695-b1858adc10f5
2025-09-21 20:48:04 | ERROR    | src.bot:_update_market_data:323 - Failed to update market data for ETH/USDT: module 'pandas' has no attribute 'np'
2025-09-21 20:48:04 | WARNING  | src.strategies.grid_strategy:analyze:29 - No historical data for ETH/USDT
2025-09-21 20:48:04 | ERROR    | src.bot:_update_performance_metrics:488 - Failed to update performance metrics: DatabaseManager.update_bot_status() takes from 3 to 4 positional arguments but 5 were given
2025-09-21 20:48:04 | ERROR    | src.bot:_update_market_data:323 - Failed to update market data for BTC/USDT: module 'pandas' has no attribute 'np'
2025-09-21 20:48:04 | WARNING  | src.strategies.grid_strategy:analyze:29 - No historical data for BTC/USDT
2025-09-21 20:48:04 | ERROR    | src.bot:_update_performance_metrics:488 - Failed to update performance metrics: DatabaseManager.update_bot_status() takes from 3 to 4 positional arguments but 5 were given
2025-09-21 20:48:10 | ERROR    | src.bot:_update_market_data:323 - Failed to update market data for ADA/USDT: module 'pandas' has no attribute 'np'
2025-09-21 20:48:10 | WARNING  | src.strategies.momentum_strategy:analyze:31 - No historical data for ADA/USDT
2025-09-21 20:48:10 | ERROR    | src.bot:_update_performance_metrics:488 - Failed to update performance metrics: DatabaseManager.update_bot_status() takes from 3 to 4 positional arguments but 5 were given
2025-09-21 20:48:14 | ERROR    | src.exchanges.binance_th_exchange:_make_request:106 - API request failed: API Error -1121: Invalid symbol.
2025-09-21 20:48:14 | ERROR    | src.exchanges.binance_th_exchange:get_ticker:161 - Failed to get Binance TH ticker for BTC/THB: API Error -1121: Invalid symbol.
2025-09-21 20:48:14 | ERROR    | src.bot:_update_market_data:323 - Failed to update market data for BTC/THB: API Error -1121: Invalid symbol.
2025-09-21 20:48:14 | WARNING  | src.strategies.grid_strategy:analyze:29 - No historical data for BTC/THB
2025-09-21 20:48:14 | ERROR    | src.bot:_update_performance_metrics:488 - Failed to update performance metrics: DatabaseManager.update_bot_status() takes from 3 to 4 positional arguments but 5 were given
2025-09-21 20:48:14 | ERROR    | src.exchanges.binance_th_exchange:_make_request:106 - API request failed: API Error -1121: Invalid symbol.
2025-09-21 20:48:14 | ERROR    | src.exchanges.binance_th_exchange:get_ticker:161 - Failed to get Binance TH ticker for ETH/THB: API Error -1121: Invalid symbol.
2025-09-21 20:48:14 | ERROR    | src.bot:_update_market_data:323 - Failed to update market data for ETH/THB: API Error -1121: Invalid symbol.
2025-09-21 20:48:14 | WARNING  | src.strategies.momentum_strategy:analyze:31 - No historical data for ETH/THB
2025-09-21 20:48:14 | ERROR    | src.bot:_update_performance_metrics:488 - Failed to update performance metrics: DatabaseManager.update_bot_status() takes from 3 to 4 positional arguments but 5 were given
2025-09-21 20:48:22 | INFO     | src.database:update_bot_status:189 - Bot d670f5bd-d334-4228-bf10-930decd14a31 status updated to running
2025-09-21 20:48:22 | INFO     | src.database:insert_bot_metrics:228 - Bot metrics inserted for d670f5bd-d334-4228-bf10-930decd14a31
2025-09-21 20:48:26 | INFO     | src.database:update_bot_status:189 - Bot 4de519c6-7379-44d9-8df2-9f4c941d1d3b status updated to running
2025-09-21 20:48:26 | INFO     | src.database:insert_bot_metrics:228 - Bot metrics inserted for 4de519c6-7379-44d9-8df2-9f4c941d1d3b
2025-09-21 20:48:27 | INFO     | src.database:update_bot_status:189 - Bot 3bd54ecf-276a-4de4-bdc5-891fc5ba8ee0 status updated to running
2025-09-21 20:48:27 | INFO     | src.database:insert_bot_metrics:228 - Bot metrics inserted for 3bd54ecf-276a-4de4-bdc5-891fc5ba8ee0
2025-09-21 20:48:34 | INFO     | src.bot:_execute_signal:346 - Executing sell signal for ADA/USDT at $0.8868
2025-09-21 20:48:35 | ERROR    | src.exchanges.binance_exchange:get_balance:69 - Failed to get Binance balance: binance {"code":-2014,"msg":"API-key format invalid."}
2025-09-21 20:48:35 | ERROR    | src.exchanges.binance_exchange:place_order:119 - Failed to place Binance order: binance {"code":-2014,"msg":"API-key format invalid."}
2025-09-21 20:48:35 | ERROR    | src.bot:_execute_signal:397 - Failed to execute signal for ADA/USDT: binance {"code":-2014,"msg":"API-key format invalid."}
2025-09-21 20:48:36 | INFO     | src.database:update_bot_status:189 - Bot 3050619d-c54b-49ba-a4f4-e328aba8a227 status updated to running
2025-09-21 20:48:36 | INFO     | src.database:insert_bot_metrics:228 - Bot metrics inserted for 3050619d-c54b-49ba-a4f4-e328aba8a227
2025-09-21 20:48:50 | INFO     | src.database:update_bot_status:189 - Bot 53834af7-09d6-4312-b695-b1858adc10f5 status updated to running
2025-09-21 20:48:50 | INFO     | src.database:insert_bot_metrics:228 - Bot metrics inserted for 53834af7-09d6-4312-b695-b1858adc10f5
2025-09-21 20:49:06 | ERROR    | src.bot:_update_market_data:323 - Failed to update market data for BTC/USDT: module 'pandas' has no attribute 'np'
2025-09-21 20:49:06 | WARNING  | src.strategies.grid_strategy:analyze:29 - No historical data for BTC/USDT
2025-09-21 20:49:06 | ERROR    | src.bot:_update_performance_metrics:488 - Failed to update performance metrics: DatabaseManager.update_bot_status() takes from 3 to 4 positional arguments but 5 were given
2025-09-21 20:49:06 | ERROR    | src.bot:_update_market_data:323 - Failed to update market data for ETH/USDT: module 'pandas' has no attribute 'np'
2025-09-21 20:49:06 | WARNING  | src.strategies.grid_strategy:analyze:29 - No historical data for ETH/USDT
2025-09-21 20:49:06 | ERROR    | src.bot:_update_performance_metrics:488 - Failed to update performance metrics: DatabaseManager.update_bot_status() takes from 3 to 4 positional arguments but 5 were given
2025-09-21 20:49:12 | ERROR    | src.bot:_update_market_data:323 - Failed to update market data for ADA/USDT: module 'pandas' has no attribute 'np'
2025-09-21 20:49:12 | WARNING  | src.strategies.momentum_strategy:analyze:31 - No historical data for ADA/USDT
2025-09-21 20:49:12 | ERROR    | src.bot:_update_performance_metrics:488 - Failed to update performance metrics: DatabaseManager.update_bot_status() takes from 3 to 4 positional arguments but 5 were given
2025-09-21 20:49:15 | ERROR    | src.exchanges.binance_th_exchange:_make_request:106 - API request failed: API Error -1121: Invalid symbol.
2025-09-21 20:49:15 | ERROR    | src.exchanges.binance_th_exchange:get_ticker:161 - Failed to get Binance TH ticker for BTC/THB: API Error -1121: Invalid symbol.
2025-09-21 20:49:15 | ERROR    | src.bot:_update_market_data:323 - Failed to update market data for BTC/THB: API Error -1121: Invalid symbol.
2025-09-21 20:49:15 | WARNING  | src.strategies.grid_strategy:analyze:29 - No historical data for BTC/THB
2025-09-21 20:49:15 | ERROR    | src.bot:_update_performance_metrics:488 - Failed to update performance metrics: DatabaseManager.update_bot_status() takes from 3 to 4 positional arguments but 5 were given
2025-09-21 20:49:16 | ERROR    | src.exchanges.binance_th_exchange:_make_request:106 - API request failed: API Error -1121: Invalid symbol.
2025-09-21 20:49:16 | ERROR    | src.exchanges.binance_th_exchange:get_ticker:161 - Failed to get Binance TH ticker for ETH/THB: API Error -1121: Invalid symbol.
2025-09-21 20:49:16 | ERROR    | src.bot:_update_market_data:323 - Failed to update market data for ETH/THB: API Error -1121: Invalid symbol.
2025-09-21 20:49:16 | WARNING  | src.strategies.momentum_strategy:analyze:31 - No historical data for ETH/THB
2025-09-21 20:49:16 | ERROR    | src.bot:_update_performance_metrics:488 - Failed to update performance metrics: DatabaseManager.update_bot_status() takes from 3 to 4 positional arguments but 5 were given
2025-09-21 20:49:24 | INFO     | src.database:update_bot_status:189 - Bot d670f5bd-d334-4228-bf10-930decd14a31 status updated to running
2025-09-21 20:49:24 | INFO     | src.database:insert_bot_metrics:228 - Bot metrics inserted for d670f5bd-d334-4228-bf10-930decd14a31
2025-09-21 20:49:27 | INFO     | src.database:update_bot_status:189 - Bot 4de519c6-7379-44d9-8df2-9f4c941d1d3b status updated to running
2025-09-21 20:49:27 | INFO     | src.database:insert_bot_metrics:228 - Bot metrics inserted for 4de519c6-7379-44d9-8df2-9f4c941d1d3b
2025-09-21 20:49:29 | INFO     | src.database:update_bot_status:189 - Bot 3bd54ecf-276a-4de4-bdc5-891fc5ba8ee0 status updated to running
2025-09-21 20:49:29 | INFO     | src.database:insert_bot_metrics:228 - Bot metrics inserted for 3bd54ecf-276a-4de4-bdc5-891fc5ba8ee0
2025-09-21 20:49:37 | INFO     | src.database:update_bot_status:189 - Bot 3050619d-c54b-49ba-a4f4-e328aba8a227 status updated to running
2025-09-21 20:49:37 | INFO     | src.database:insert_bot_metrics:228 - Bot metrics inserted for 3050619d-c54b-49ba-a4f4-e328aba8a227
2025-09-21 20:49:51 | INFO     | src.database:update_bot_status:189 - Bot 53834af7-09d6-4312-b695-b1858adc10f5 status updated to running
2025-09-21 20:49:51 | INFO     | src.database:insert_bot_metrics:228 - Bot metrics inserted for 53834af7-09d6-4312-b695-b1858adc10f5
2025-09-21 20:50:07 | ERROR    | src.bot:_update_market_data:323 - Failed to update market data for BTC/USDT: module 'pandas' has no attribute 'np'
2025-09-21 20:50:07 | WARNING  | src.strategies.grid_strategy:analyze:29 - No historical data for BTC/USDT
2025-09-21 20:50:07 | ERROR    | src.bot:_update_performance_metrics:488 - Failed to update performance metrics: DatabaseManager.update_bot_status() takes from 3 to 4 positional arguments but 5 were given
2025-09-21 20:50:07 | ERROR    | src.bot:_update_market_data:323 - Failed to update market data for ETH/USDT: module 'pandas' has no attribute 'np'
2025-09-21 20:50:07 | WARNING  | src.strategies.grid_strategy:analyze:29 - No historical data for ETH/USDT
2025-09-21 20:50:07 | ERROR    | src.bot:_update_performance_metrics:488 - Failed to update performance metrics: DatabaseManager.update_bot_status() takes from 3 to 4 positional arguments but 5 were given
2025-09-21 20:50:13 | ERROR    | src.bot:_update_market_data:323 - Failed to update market data for ADA/USDT: module 'pandas' has no attribute 'np'
2025-09-21 20:50:13 | WARNING  | src.strategies.momentum_strategy:analyze:31 - No historical data for ADA/USDT
2025-09-21 20:50:13 | ERROR    | src.bot:_update_performance_metrics:488 - Failed to update performance metrics: DatabaseManager.update_bot_status() takes from 3 to 4 positional arguments but 5 were given
2025-09-21 20:50:17 | ERROR    | src.exchanges.binance_th_exchange:_make_request:106 - API request failed: API Error -1121: Invalid symbol.
2025-09-21 20:50:17 | ERROR    | src.exchanges.binance_th_exchange:get_ticker:161 - Failed to get Binance TH ticker for ETH/THB: API Error -1121: Invalid symbol.
2025-09-21 20:50:17 | ERROR    | src.bot:_update_market_data:323 - Failed to update market data for ETH/THB: API Error -1121: Invalid symbol.
2025-09-21 20:50:17 | WARNING  | src.strategies.momentum_strategy:analyze:31 - No historical data for ETH/THB
2025-09-21 20:50:17 | ERROR    | src.bot:_update_performance_metrics:488 - Failed to update performance metrics: DatabaseManager.update_bot_status() takes from 3 to 4 positional arguments but 5 were given
2025-09-21 20:50:17 | ERROR    | src.exchanges.binance_th_exchange:_make_request:106 - API request failed: API Error -1121: Invalid symbol.
2025-09-21 20:50:17 | ERROR    | src.exchanges.binance_th_exchange:get_ticker:161 - Failed to get Binance TH ticker for BTC/THB: API Error -1121: Invalid symbol.
2025-09-21 20:50:17 | ERROR    | src.bot:_update_market_data:323 - Failed to update market data for BTC/THB: API Error -1121: Invalid symbol.
2025-09-21 20:50:17 | WARNING  | src.strategies.grid_strategy:analyze:29 - No historical data for BTC/THB
2025-09-21 20:50:17 | ERROR    | src.bot:_update_performance_metrics:488 - Failed to update performance metrics: DatabaseManager.update_bot_status() takes from 3 to 4 positional arguments but 5 were given
2025-09-21 20:50:26 | INFO     | src.database:update_bot_status:189 - Bot d670f5bd-d334-4228-bf10-930decd14a31 status updated to running
2025-09-21 20:50:26 | INFO     | src.database:insert_bot_metrics:228 - Bot metrics inserted for d670f5bd-d334-4228-bf10-930decd14a31
2025-09-21 20:50:29 | INFO     | src.database:update_bot_status:189 - Bot 4de519c6-7379-44d9-8df2-9f4c941d1d3b status updated to running
2025-09-21 20:50:29 | INFO     | src.database:insert_bot_metrics:228 - Bot metrics inserted for 4de519c6-7379-44d9-8df2-9f4c941d1d3b
2025-09-21 20:50:30 | INFO     | src.database:update_bot_status:189 - Bot 3bd54ecf-276a-4de4-bdc5-891fc5ba8ee0 status updated to running
2025-09-21 20:50:30 | INFO     | src.database:insert_bot_metrics:228 - Bot metrics inserted for 3bd54ecf-276a-4de4-bdc5-891fc5ba8ee0
2025-09-21 20:50:39 | INFO     | src.database:update_bot_status:189 - Bot 3050619d-c54b-49ba-a4f4-e328aba8a227 status updated to running
2025-09-21 20:50:39 | INFO     | src.database:insert_bot_metrics:228 - Bot metrics inserted for 3050619d-c54b-49ba-a4f4-e328aba8a227
2025-09-21 20:50:53 | INFO     | src.database:update_bot_status:189 - Bot 53834af7-09d6-4312-b695-b1858adc10f5 status updated to running
2025-09-21 20:50:53 | INFO     | src.database:insert_bot_metrics:228 - Bot metrics inserted for 53834af7-09d6-4312-b695-b1858adc10f5
2025-09-21 20:51:09 | ERROR    | src.bot:_update_market_data:323 - Failed to update market data for BTC/USDT: module 'pandas' has no attribute 'np'
2025-09-21 20:51:09 | WARNING  | src.strategies.grid_strategy:analyze:29 - No historical data for BTC/USDT
2025-09-21 20:51:09 | ERROR    | src.bot:_update_performance_metrics:488 - Failed to update performance metrics: DatabaseManager.update_bot_status() takes from 3 to 4 positional arguments but 5 were given
2025-09-21 20:51:09 | ERROR    | src.bot:_update_market_data:323 - Failed to update market data for ETH/USDT: module 'pandas' has no attribute 'np'
2025-09-21 20:51:09 | WARNING  | src.strategies.grid_strategy:analyze:29 - No historical data for ETH/USDT
2025-09-21 20:51:09 | ERROR    | src.bot:_update_performance_metrics:488 - Failed to update performance metrics: DatabaseManager.update_bot_status() takes from 3 to 4 positional arguments but 5 were given
2025-09-21 20:51:15 | ERROR    | src.bot:_update_market_data:323 - Failed to update market data for ADA/USDT: module 'pandas' has no attribute 'np'
2025-09-21 20:51:15 | WARNING  | src.strategies.momentum_strategy:analyze:31 - No historical data for ADA/USDT
2025-09-21 20:51:15 | ERROR    | src.bot:_update_performance_metrics:488 - Failed to update performance metrics: DatabaseManager.update_bot_status() takes from 3 to 4 positional arguments but 5 were given
2025-09-21 20:51:18 | ERROR    | src.exchanges.binance_th_exchange:_make_request:106 - API request failed: API Error -1121: Invalid symbol.
2025-09-21 20:51:18 | ERROR    | src.exchanges.binance_th_exchange:get_ticker:161 - Failed to get Binance TH ticker for ETH/THB: API Error -1121: Invalid symbol.
2025-09-21 20:51:18 | ERROR    | src.bot:_update_market_data:323 - Failed to update market data for ETH/THB: API Error -1121: Invalid symbol.
2025-09-21 20:51:18 | WARNING  | src.strategies.momentum_strategy:analyze:31 - No historical data for ETH/THB
2025-09-21 20:51:18 | ERROR    | src.bot:_update_performance_metrics:488 - Failed to update performance metrics: DatabaseManager.update_bot_status() takes from 3 to 4 positional arguments but 5 were given
2025-09-21 20:51:18 | ERROR    | src.exchanges.binance_th_exchange:_make_request:106 - API request failed: API Error -1121: Invalid symbol.
2025-09-21 20:51:18 | ERROR    | src.exchanges.binance_th_exchange:get_ticker:161 - Failed to get Binance TH ticker for BTC/THB: API Error -1121: Invalid symbol.
2025-09-21 20:51:18 | ERROR    | src.bot:_update_market_data:323 - Failed to update market data for BTC/THB: API Error -1121: Invalid symbol.
2025-09-21 20:51:18 | WARNING  | src.strategies.grid_strategy:analyze:29 - No historical data for BTC/THB
2025-09-21 20:51:18 | ERROR    | src.bot:_update_performance_metrics:488 - Failed to update performance metrics: DatabaseManager.update_bot_status() takes from 3 to 4 positional arguments but 5 were given
2025-09-21 20:51:28 | INFO     | src.database:update_bot_status:189 - Bot d670f5bd-d334-4228-bf10-930decd14a31 status updated to running
2025-09-21 20:51:28 | INFO     | src.database:insert_bot_metrics:228 - Bot metrics inserted for d670f5bd-d334-4228-bf10-930decd14a31
2025-09-21 20:51:30 | INFO     | src.database:update_bot_status:189 - Bot 4de519c6-7379-44d9-8df2-9f4c941d1d3b status updated to running
2025-09-21 20:51:31 | INFO     | src.database:insert_bot_metrics:228 - Bot metrics inserted for 4de519c6-7379-44d9-8df2-9f4c941d1d3b
2025-09-21 20:51:32 | INFO     | src.database:update_bot_status:189 - Bot 3bd54ecf-276a-4de4-bdc5-891fc5ba8ee0 status updated to running
2025-09-21 20:51:32 | INFO     | src.database:insert_bot_metrics:228 - Bot metrics inserted for 3bd54ecf-276a-4de4-bdc5-891fc5ba8ee0
2025-09-21 20:51:41 | INFO     | src.database:update_bot_status:189 - Bot 3050619d-c54b-49ba-a4f4-e328aba8a227 status updated to running
2025-09-21 20:51:41 | INFO     | src.database:insert_bot_metrics:228 - Bot metrics inserted for 3050619d-c54b-49ba-a4f4-e328aba8a227
2025-09-21 20:51:55 | INFO     | src.database:update_bot_status:189 - Bot 53834af7-09d6-4312-b695-b1858adc10f5 status updated to running
2025-09-21 20:51:55 | INFO     | src.database:insert_bot_metrics:228 - Bot metrics inserted for 53834af7-09d6-4312-b695-b1858adc10f5
2025-09-21 20:52:10 | ERROR    | src.bot:_update_market_data:323 - Failed to update market data for BTC/USDT: module 'pandas' has no attribute 'np'
2025-09-21 20:52:10 | WARNING  | src.strategies.grid_strategy:analyze:29 - No historical data for BTC/USDT
2025-09-21 20:52:10 | ERROR    | src.bot:_update_performance_metrics:488 - Failed to update performance metrics: DatabaseManager.update_bot_status() takes from 3 to 4 positional arguments but 5 were given
2025-09-21 20:52:10 | ERROR    | src.bot:_update_market_data:323 - Failed to update market data for ETH/USDT: module 'pandas' has no attribute 'np'
2025-09-21 20:52:10 | WARNING  | src.strategies.grid_strategy:analyze:29 - No historical data for ETH/USDT
2025-09-21 20:52:10 | ERROR    | src.bot:_update_performance_metrics:488 - Failed to update performance metrics: DatabaseManager.update_bot_status() takes from 3 to 4 positional arguments but 5 were given
2025-09-21 20:52:16 | ERROR    | src.bot:_update_market_data:323 - Failed to update market data for ADA/USDT: module 'pandas' has no attribute 'np'
2025-09-21 20:52:16 | WARNING  | src.strategies.momentum_strategy:analyze:31 - No historical data for ADA/USDT
2025-09-21 20:52:16 | ERROR    | src.bot:_update_performance_metrics:488 - Failed to update performance metrics: DatabaseManager.update_bot_status() takes from 3 to 4 positional arguments but 5 were given
2025-09-21 20:52:19 | ERROR    | src.exchanges.binance_th_exchange:_make_request:106 - API request failed: API Error -1121: Invalid symbol.
2025-09-21 20:52:19 | ERROR    | src.exchanges.binance_th_exchange:get_ticker:161 - Failed to get Binance TH ticker for ETH/THB: API Error -1121: Invalid symbol.
2025-09-21 20:52:19 | ERROR    | src.bot:_update_market_data:323 - Failed to update market data for ETH/THB: API Error -1121: Invalid symbol.
2025-09-21 20:52:19 | WARNING  | src.strategies.momentum_strategy:analyze:31 - No historical data for ETH/THB
2025-09-21 20:52:19 | ERROR    | src.bot:_update_performance_metrics:488 - Failed to update performance metrics: DatabaseManager.update_bot_status() takes from 3 to 4 positional arguments but 5 were given
2025-09-21 20:52:19 | ERROR    | src.exchanges.binance_th_exchange:_make_request:106 - API request failed: API Error -1121: Invalid symbol.
2025-09-21 20:52:19 | ERROR    | src.exchanges.binance_th_exchange:get_ticker:161 - Failed to get Binance TH ticker for BTC/THB: API Error -1121: Invalid symbol.
2025-09-21 20:52:19 | ERROR    | src.bot:_update_market_data:323 - Failed to update market data for BTC/THB: API Error -1121: Invalid symbol.
2025-09-21 20:52:19 | WARNING  | src.strategies.grid_strategy:analyze:29 - No historical data for BTC/THB
2025-09-21 20:52:19 | ERROR    | src.bot:_update_performance_metrics:488 - Failed to update performance metrics: DatabaseManager.update_bot_status() takes from 3 to 4 positional arguments but 5 were given
2025-09-21 20:52:29 | INFO     | src.database:update_bot_status:189 - Bot d670f5bd-d334-4228-bf10-930decd14a31 status updated to running
2025-09-21 20:52:29 | INFO     | src.database:insert_bot_metrics:228 - Bot metrics inserted for d670f5bd-d334-4228-bf10-930decd14a31
2025-09-21 20:52:32 | INFO     | src.database:update_bot_status:189 - Bot 4de519c6-7379-44d9-8df2-9f4c941d1d3b status updated to running
2025-09-21 20:52:32 | INFO     | src.database:insert_bot_metrics:228 - Bot metrics inserted for 4de519c6-7379-44d9-8df2-9f4c941d1d3b
2025-09-21 20:52:33 | INFO     | src.database:update_bot_status:189 - Bot 3bd54ecf-276a-4de4-bdc5-891fc5ba8ee0 status updated to running
2025-09-21 20:52:33 | INFO     | src.database:insert_bot_metrics:228 - Bot metrics inserted for 3bd54ecf-276a-4de4-bdc5-891fc5ba8ee0
2025-09-21 20:52:42 | INFO     | src.database:update_bot_status:189 - Bot 3050619d-c54b-49ba-a4f4-e328aba8a227 status updated to running
2025-09-21 20:52:42 | INFO     | src.database:insert_bot_metrics:228 - Bot metrics inserted for 3050619d-c54b-49ba-a4f4-e328aba8a227
2025-09-21 20:52:56 | INFO     | src.database:update_bot_status:189 - Bot 53834af7-09d6-4312-b695-b1858adc10f5 status updated to running
2025-09-21 20:52:56 | INFO     | src.database:insert_bot_metrics:228 - Bot metrics inserted for 53834af7-09d6-4312-b695-b1858adc10f5
2025-09-21 20:53:12 | ERROR    | src.bot:_update_market_data:323 - Failed to update market data for ETH/USDT: module 'pandas' has no attribute 'np'
2025-09-21 20:53:12 | WARNING  | src.strategies.grid_strategy:analyze:29 - No historical data for ETH/USDT
2025-09-21 20:53:12 | ERROR    | src.bot:_update_performance_metrics:488 - Failed to update performance metrics: DatabaseManager.update_bot_status() takes from 3 to 4 positional arguments but 5 were given
2025-09-21 20:53:12 | ERROR    | src.bot:_update_market_data:323 - Failed to update market data for BTC/USDT: module 'pandas' has no attribute 'np'
2025-09-21 20:53:12 | WARNING  | src.strategies.grid_strategy:analyze:29 - No historical data for BTC/USDT
2025-09-21 20:53:12 | ERROR    | src.bot:_update_performance_metrics:488 - Failed to update performance metrics: DatabaseManager.update_bot_status() takes from 3 to 4 positional arguments but 5 were given
2025-09-21 20:53:17 | ERROR    | src.bot:_update_market_data:323 - Failed to update market data for ADA/USDT: module 'pandas' has no attribute 'np'
2025-09-21 20:53:17 | WARNING  | src.strategies.momentum_strategy:analyze:31 - No historical data for ADA/USDT
2025-09-21 20:53:17 | ERROR    | src.bot:_update_performance_metrics:488 - Failed to update performance metrics: DatabaseManager.update_bot_status() takes from 3 to 4 positional arguments but 5 were given
2025-09-21 20:53:21 | ERROR    | src.exchanges.binance_th_exchange:_make_request:106 - API request failed: API Error -1121: Invalid symbol.
2025-09-21 20:53:21 | ERROR    | src.exchanges.binance_th_exchange:get_ticker:161 - Failed to get Binance TH ticker for BTC/THB: API Error -1121: Invalid symbol.
2025-09-21 20:53:21 | ERROR    | src.bot:_update_market_data:323 - Failed to update market data for BTC/THB: API Error -1121: Invalid symbol.
2025-09-21 20:53:21 | WARNING  | src.strategies.grid_strategy:analyze:29 - No historical data for BTC/THB
2025-09-21 20:53:21 | ERROR    | src.bot:_update_performance_metrics:488 - Failed to update performance metrics: DatabaseManager.update_bot_status() takes from 3 to 4 positional arguments but 5 were given
2025-09-21 20:53:21 | ERROR    | src.exchanges.binance_th_exchange:_make_request:106 - API request failed: API Error -1121: Invalid symbol.
2025-09-21 20:53:21 | ERROR    | src.exchanges.binance_th_exchange:get_ticker:161 - Failed to get Binance TH ticker for ETH/THB: API Error -1121: Invalid symbol.
2025-09-21 20:53:21 | ERROR    | src.bot:_update_market_data:323 - Failed to update market data for ETH/THB: API Error -1121: Invalid symbol.
2025-09-21 20:53:21 | WARNING  | src.strategies.momentum_strategy:analyze:31 - No historical data for ETH/THB
2025-09-21 20:53:21 | ERROR    | src.bot:_update_performance_metrics:488 - Failed to update performance metrics: DatabaseManager.update_bot_status() takes from 3 to 4 positional arguments but 5 were given
2025-09-21 20:53:30 | INFO     | src.database:update_bot_status:189 - Bot d670f5bd-d334-4228-bf10-930decd14a31 status updated to running
2025-09-21 20:53:30 | INFO     | src.database:insert_bot_metrics:228 - Bot metrics inserted for d670f5bd-d334-4228-bf10-930decd14a31
2025-09-21 20:53:34 | INFO     | src.database:update_bot_status:189 - Bot 4de519c6-7379-44d9-8df2-9f4c941d1d3b status updated to running
2025-09-21 20:53:34 | INFO     | src.database:insert_bot_metrics:228 - Bot metrics inserted for 4de519c6-7379-44d9-8df2-9f4c941d1d3b
2025-09-21 20:53:35 | INFO     | src.database:update_bot_status:189 - Bot 3bd54ecf-276a-4de4-bdc5-891fc5ba8ee0 status updated to running
2025-09-21 20:53:35 | INFO     | src.database:insert_bot_metrics:228 - Bot metrics inserted for 3bd54ecf-276a-4de4-bdc5-891fc5ba8ee0
2025-09-21 20:53:44 | INFO     | src.database:update_bot_status:189 - Bot 3050619d-c54b-49ba-a4f4-e328aba8a227 status updated to running
2025-09-21 20:53:44 | INFO     | src.database:insert_bot_metrics:228 - Bot metrics inserted for 3050619d-c54b-49ba-a4f4-e328aba8a227
2025-09-21 20:53:58 | INFO     | src.database:update_bot_status:189 - Bot 53834af7-09d6-4312-b695-b1858adc10f5 status updated to running
2025-09-21 20:53:58 | INFO     | src.database:insert_bot_metrics:228 - Bot metrics inserted for 53834af7-09d6-4312-b695-b1858adc10f5
2025-09-21 20:54:13 | ERROR    | src.bot:_update_market_data:323 - Failed to update market data for ETH/USDT: module 'pandas' has no attribute 'np'
2025-09-21 20:54:13 | WARNING  | src.strategies.grid_strategy:analyze:29 - No historical data for ETH/USDT
2025-09-21 20:54:13 | ERROR    | src.bot:_update_performance_metrics:488 - Failed to update performance metrics: DatabaseManager.update_bot_status() takes from 3 to 4 positional arguments but 5 were given
2025-09-21 20:54:14 | ERROR    | src.bot:_update_market_data:323 - Failed to update market data for BTC/USDT: module 'pandas' has no attribute 'np'
2025-09-21 20:54:14 | WARNING  | src.strategies.grid_strategy:analyze:29 - No historical data for BTC/USDT
2025-09-21 20:54:14 | ERROR    | src.bot:_update_performance_metrics:488 - Failed to update performance metrics: DatabaseManager.update_bot_status() takes from 3 to 4 positional arguments but 5 were given
2025-09-21 20:54:19 | ERROR    | src.bot:_update_market_data:323 - Failed to update market data for ADA/USDT: module 'pandas' has no attribute 'np'
2025-09-21 20:54:19 | WARNING  | src.strategies.momentum_strategy:analyze:31 - No historical data for ADA/USDT
2025-09-21 20:54:19 | ERROR    | src.bot:_update_performance_metrics:488 - Failed to update performance metrics: DatabaseManager.update_bot_status() takes from 3 to 4 positional arguments but 5 were given
2025-09-21 20:54:22 | ERROR    | src.exchanges.binance_th_exchange:_make_request:106 - API request failed: API Error -1121: Invalid symbol.
2025-09-21 20:54:22 | ERROR    | src.exchanges.binance_th_exchange:get_ticker:161 - Failed to get Binance TH ticker for BTC/THB: API Error -1121: Invalid symbol.
2025-09-21 20:54:22 | ERROR    | src.bot:_update_market_data:323 - Failed to update market data for BTC/THB: API Error -1121: Invalid symbol.
2025-09-21 20:54:22 | WARNING  | src.strategies.grid_strategy:analyze:29 - No historical data for BTC/THB
2025-09-21 20:54:22 | ERROR    | src.bot:_update_performance_metrics:488 - Failed to update performance metrics: DatabaseManager.update_bot_status() takes from 3 to 4 positional arguments but 5 were given
2025-09-21 20:54:22 | ERROR    | src.exchanges.binance_th_exchange:_make_request:106 - API request failed: API Error -1121: Invalid symbol.
2025-09-21 20:54:22 | ERROR    | src.exchanges.binance_th_exchange:get_ticker:161 - Failed to get Binance TH ticker for ETH/THB: API Error -1121: Invalid symbol.
2025-09-21 20:54:22 | ERROR    | src.bot:_update_market_data:323 - Failed to update market data for ETH/THB: API Error -1121: Invalid symbol.
2025-09-21 20:54:22 | WARNING  | src.strategies.momentum_strategy:analyze:31 - No historical data for ETH/THB
2025-09-21 20:54:22 | ERROR    | src.bot:_update_performance_metrics:488 - Failed to update performance metrics: DatabaseManager.update_bot_status() takes from 3 to 4 positional arguments but 5 were given
2025-09-21 20:54:32 | INFO     | src.database:update_bot_status:189 - Bot d670f5bd-d334-4228-bf10-930decd14a31 status updated to running
2025-09-21 20:54:32 | INFO     | src.database:insert_bot_metrics:228 - Bot metrics inserted for d670f5bd-d334-4228-bf10-930decd14a31
2025-09-21 20:54:35 | INFO     | src.database:update_bot_status:189 - Bot 4de519c6-7379-44d9-8df2-9f4c941d1d3b status updated to running
2025-09-21 20:54:35 | INFO     | src.database:insert_bot_metrics:228 - Bot metrics inserted for 4de519c6-7379-44d9-8df2-9f4c941d1d3b
2025-09-21 20:54:37 | INFO     | src.database:update_bot_status:189 - Bot 3bd54ecf-276a-4de4-bdc5-891fc5ba8ee0 status updated to running
2025-09-21 20:54:38 | INFO     | src.database:insert_bot_metrics:228 - Bot metrics inserted for 3bd54ecf-276a-4de4-bdc5-891fc5ba8ee0
2025-09-21 20:54:46 | INFO     | src.database:update_bot_status:189 - Bot 3050619d-c54b-49ba-a4f4-e328aba8a227 status updated to running
2025-09-21 20:54:46 | INFO     | src.database:insert_bot_metrics:228 - Bot metrics inserted for 3050619d-c54b-49ba-a4f4-e328aba8a227
2025-09-21 20:55:00 | INFO     | src.database:update_bot_status:189 - Bot 53834af7-09d6-4312-b695-b1858adc10f5 status updated to running
2025-09-21 20:55:00 | INFO     | src.database:insert_bot_metrics:228 - Bot metrics inserted for 53834af7-09d6-4312-b695-b1858adc10f5
2025-09-21 20:55:15 | ERROR    | src.bot:_update_market_data:323 - Failed to update market data for ETH/USDT: module 'pandas' has no attribute 'np'
2025-09-21 20:55:15 | WARNING  | src.strategies.grid_strategy:analyze:29 - No historical data for ETH/USDT
2025-09-21 20:55:15 | ERROR    | src.bot:_update_performance_metrics:488 - Failed to update performance metrics: DatabaseManager.update_bot_status() takes from 3 to 4 positional arguments but 5 were given
2025-09-21 20:55:16 | ERROR    | src.bot:_update_market_data:323 - Failed to update market data for BTC/USDT: module 'pandas' has no attribute 'np'
2025-09-21 20:55:16 | WARNING  | src.strategies.grid_strategy:analyze:29 - No historical data for BTC/USDT
2025-09-21 20:55:16 | ERROR    | src.bot:_update_performance_metrics:488 - Failed to update performance metrics: DatabaseManager.update_bot_status() takes from 3 to 4 positional arguments but 5 were given
2025-09-21 20:55:20 | ERROR    | src.bot:_update_market_data:323 - Failed to update market data for ADA/USDT: module 'pandas' has no attribute 'np'
2025-09-21 20:55:20 | WARNING  | src.strategies.momentum_strategy:analyze:31 - No historical data for ADA/USDT
2025-09-21 20:55:20 | ERROR    | src.bot:_update_performance_metrics:488 - Failed to update performance metrics: DatabaseManager.update_bot_status() takes from 3 to 4 positional arguments but 5 were given
2025-09-21 20:55:23 | ERROR    | src.exchanges.binance_th_exchange:_make_request:106 - API request failed: API Error -1121: Invalid symbol.
2025-09-21 20:55:23 | ERROR    | src.exchanges.binance_th_exchange:get_ticker:161 - Failed to get Binance TH ticker for BTC/THB: API Error -1121: Invalid symbol.
2025-09-21 20:55:23 | ERROR    | src.bot:_update_market_data:323 - Failed to update market data for BTC/THB: API Error -1121: Invalid symbol.
2025-09-21 20:55:23 | WARNING  | src.strategies.grid_strategy:analyze:29 - No historical data for BTC/THB
2025-09-21 20:55:23 | ERROR    | src.bot:_update_performance_metrics:488 - Failed to update performance metrics: DatabaseManager.update_bot_status() takes from 3 to 4 positional arguments but 5 were given
2025-09-21 20:55:24 | ERROR    | src.exchanges.binance_th_exchange:_make_request:106 - API request failed: API Error -1121: Invalid symbol.
2025-09-21 20:55:24 | ERROR    | src.exchanges.binance_th_exchange:get_ticker:161 - Failed to get Binance TH ticker for ETH/THB: API Error -1121: Invalid symbol.
2025-09-21 20:55:24 | ERROR    | src.bot:_update_market_data:323 - Failed to update market data for ETH/THB: API Error -1121: Invalid symbol.
2025-09-21 20:55:24 | WARNING  | src.strategies.momentum_strategy:analyze:31 - No historical data for ETH/THB
2025-09-21 20:55:24 | ERROR    | src.bot:_update_performance_metrics:488 - Failed to update performance metrics: DatabaseManager.update_bot_status() takes from 3 to 4 positional arguments but 5 were given
2025-09-21 20:55:34 | INFO     | src.database:update_bot_status:189 - Bot d670f5bd-d334-4228-bf10-930decd14a31 status updated to running
2025-09-21 20:55:34 | INFO     | src.database:insert_bot_metrics:228 - Bot metrics inserted for d670f5bd-d334-4228-bf10-930decd14a31
2025-09-21 20:55:37 | INFO     | src.database:update_bot_status:189 - Bot 4de519c6-7379-44d9-8df2-9f4c941d1d3b status updated to running
2025-09-21 20:55:37 | INFO     | src.database:insert_bot_metrics:228 - Bot metrics inserted for 4de519c6-7379-44d9-8df2-9f4c941d1d3b
2025-09-21 20:55:39 | INFO     | src.database:update_bot_status:189 - Bot 3bd54ecf-276a-4de4-bdc5-891fc5ba8ee0 status updated to running
2025-09-21 20:55:39 | INFO     | src.database:insert_bot_metrics:228 - Bot metrics inserted for 3bd54ecf-276a-4de4-bdc5-891fc5ba8ee0
2025-09-21 20:55:48 | INFO     | src.database:update_bot_status:189 - Bot 3050619d-c54b-49ba-a4f4-e328aba8a227 status updated to running
2025-09-21 20:55:48 | INFO     | src.database:insert_bot_metrics:228 - Bot metrics inserted for 3050619d-c54b-49ba-a4f4-e328aba8a227
2025-09-21 20:56:01 | INFO     | src.database:update_bot_status:189 - Bot 53834af7-09d6-4312-b695-b1858adc10f5 status updated to running
2025-09-21 20:56:02 | INFO     | src.database:insert_bot_metrics:228 - Bot metrics inserted for 53834af7-09d6-4312-b695-b1858adc10f5
2025-09-21 20:56:16 | ERROR    | src.bot:_update_market_data:323 - Failed to update market data for ETH/USDT: module 'pandas' has no attribute 'np'
2025-09-21 20:56:16 | WARNING  | src.strategies.grid_strategy:analyze:29 - No historical data for ETH/USDT
2025-09-21 20:56:16 | ERROR    | src.bot:_update_performance_metrics:488 - Failed to update performance metrics: DatabaseManager.update_bot_status() takes from 3 to 4 positional arguments but 5 were given
2025-09-21 20:56:17 | ERROR    | src.bot:_update_market_data:323 - Failed to update market data for BTC/USDT: module 'pandas' has no attribute 'np'
2025-09-21 20:56:17 | WARNING  | src.strategies.grid_strategy:analyze:29 - No historical data for BTC/USDT
2025-09-21 20:56:17 | ERROR    | src.bot:_update_performance_metrics:488 - Failed to update performance metrics: DatabaseManager.update_bot_status() takes from 3 to 4 positional arguments but 5 were given
2025-09-21 20:56:22 | ERROR    | src.bot:_update_market_data:323 - Failed to update market data for ADA/USDT: module 'pandas' has no attribute 'np'
2025-09-21 20:56:22 | WARNING  | src.strategies.momentum_strategy:analyze:31 - No historical data for ADA/USDT
2025-09-21 20:56:22 | ERROR    | src.bot:_update_performance_metrics:488 - Failed to update performance metrics: DatabaseManager.update_bot_status() takes from 3 to 4 positional arguments but 5 were given
2025-09-21 20:56:25 | ERROR    | src.exchanges.binance_th_exchange:_make_request:106 - API request failed: API Error -1121: Invalid symbol.
2025-09-21 20:56:25 | ERROR    | src.exchanges.binance_th_exchange:get_ticker:161 - Failed to get Binance TH ticker for ETH/THB: API Error -1121: Invalid symbol.
2025-09-21 20:56:25 | ERROR    | src.bot:_update_market_data:323 - Failed to update market data for ETH/THB: API Error -1121: Invalid symbol.
2025-09-21 20:56:25 | WARNING  | src.strategies.momentum_strategy:analyze:31 - No historical data for ETH/THB
2025-09-21 20:56:25 | ERROR    | src.bot:_update_performance_metrics:488 - Failed to update performance metrics: DatabaseManager.update_bot_status() takes from 3 to 4 positional arguments but 5 were given
2025-09-21 20:56:25 | ERROR    | src.exchanges.binance_th_exchange:_make_request:106 - API request failed: API Error -1121: Invalid symbol.
2025-09-21 20:56:25 | ERROR    | src.exchanges.binance_th_exchange:get_ticker:161 - Failed to get Binance TH ticker for BTC/THB: API Error -1121: Invalid symbol.
2025-09-21 20:56:25 | ERROR    | src.bot:_update_market_data:323 - Failed to update market data for BTC/THB: API Error -1121: Invalid symbol.
2025-09-21 20:56:25 | WARNING  | src.strategies.grid_strategy:analyze:29 - No historical data for BTC/THB
2025-09-21 20:56:25 | ERROR    | src.bot:_update_performance_metrics:488 - Failed to update performance metrics: DatabaseManager.update_bot_status() takes from 3 to 4 positional arguments but 5 were given
2025-09-21 20:56:35 | INFO     | src.database:update_bot_status:189 - Bot d670f5bd-d334-4228-bf10-930decd14a31 status updated to running
2025-09-21 20:56:35 | INFO     | src.database:insert_bot_metrics:228 - Bot metrics inserted for d670f5bd-d334-4228-bf10-930decd14a31
2025-09-21 20:56:39 | INFO     | src.database:update_bot_status:189 - Bot 4de519c6-7379-44d9-8df2-9f4c941d1d3b status updated to running
2025-09-21 20:56:39 | INFO     | src.database:insert_bot_metrics:228 - Bot metrics inserted for 4de519c6-7379-44d9-8df2-9f4c941d1d3b
2025-09-21 20:56:40 | INFO     | src.database:update_bot_status:189 - Bot 3bd54ecf-276a-4de4-bdc5-891fc5ba8ee0 status updated to running
2025-09-21 20:56:40 | INFO     | src.database:insert_bot_metrics:228 - Bot metrics inserted for 3bd54ecf-276a-4de4-bdc5-891fc5ba8ee0
2025-09-21 20:56:50 | INFO     | src.database:update_bot_status:189 - Bot 3050619d-c54b-49ba-a4f4-e328aba8a227 status updated to running
2025-09-21 20:56:50 | INFO     | src.database:insert_bot_metrics:228 - Bot metrics inserted for 3050619d-c54b-49ba-a4f4-e328aba8a227
2025-09-21 20:57:03 | INFO     | src.database:update_bot_status:189 - Bot 53834af7-09d6-4312-b695-b1858adc10f5 status updated to running
2025-09-21 20:57:03 | INFO     | src.database:insert_bot_metrics:228 - Bot metrics inserted for 53834af7-09d6-4312-b695-b1858adc10f5
2025-09-21 20:57:17 | ERROR    | src.bot:_update_market_data:323 - Failed to update market data for ETH/USDT: module 'pandas' has no attribute 'np'
2025-09-21 20:57:17 | WARNING  | src.strategies.grid_strategy:analyze:29 - No historical data for ETH/USDT
2025-09-21 20:57:17 | ERROR    | src.bot:_update_performance_metrics:488 - Failed to update performance metrics: DatabaseManager.update_bot_status() takes from 3 to 4 positional arguments but 5 were given
2025-09-21 20:57:18 | ERROR    | src.bot:_update_market_data:323 - Failed to update market data for BTC/USDT: module 'pandas' has no attribute 'np'
2025-09-21 20:57:18 | WARNING  | src.strategies.grid_strategy:analyze:29 - No historical data for BTC/USDT
2025-09-21 20:57:18 | ERROR    | src.bot:_update_performance_metrics:488 - Failed to update performance metrics: DatabaseManager.update_bot_status() takes from 3 to 4 positional arguments but 5 were given
2025-09-21 20:57:24 | ERROR    | src.bot:_update_market_data:323 - Failed to update market data for ADA/USDT: module 'pandas' has no attribute 'np'
2025-09-21 20:57:24 | WARNING  | src.strategies.momentum_strategy:analyze:31 - No historical data for ADA/USDT
2025-09-21 20:57:24 | ERROR    | src.bot:_update_performance_metrics:488 - Failed to update performance metrics: DatabaseManager.update_bot_status() takes from 3 to 4 positional arguments but 5 were given
2025-09-21 20:57:26 | ERROR    | src.exchanges.binance_th_exchange:_make_request:106 - API request failed: API Error -1121: Invalid symbol.
2025-09-21 20:57:26 | ERROR    | src.exchanges.binance_th_exchange:get_ticker:161 - Failed to get Binance TH ticker for ETH/THB: API Error -1121: Invalid symbol.
2025-09-21 20:57:26 | ERROR    | src.bot:_update_market_data:323 - Failed to update market data for ETH/THB: API Error -1121: Invalid symbol.
2025-09-21 20:57:26 | WARNING  | src.strategies.momentum_strategy:analyze:31 - No historical data for ETH/THB
2025-09-21 20:57:26 | ERROR    | src.bot:_update_performance_metrics:488 - Failed to update performance metrics: DatabaseManager.update_bot_status() takes from 3 to 4 positional arguments but 5 were given
2025-09-21 20:57:26 | ERROR    | src.exchanges.binance_th_exchange:_make_request:106 - API request failed: API Error -1121: Invalid symbol.
2025-09-21 20:57:26 | ERROR    | src.exchanges.binance_th_exchange:get_ticker:161 - Failed to get Binance TH ticker for BTC/THB: API Error -1121: Invalid symbol.
2025-09-21 20:57:26 | ERROR    | src.bot:_update_market_data:323 - Failed to update market data for BTC/THB: API Error -1121: Invalid symbol.
2025-09-21 20:57:26 | WARNING  | src.strategies.grid_strategy:analyze:29 - No historical data for BTC/THB
2025-09-21 20:57:26 | ERROR    | src.bot:_update_performance_metrics:488 - Failed to update performance metrics: DatabaseManager.update_bot_status() takes from 3 to 4 positional arguments but 5 were given
2025-09-21 20:57:37 | INFO     | src.database:update_bot_status:189 - Bot d670f5bd-d334-4228-bf10-930decd14a31 status updated to running
2025-09-21 20:57:37 | INFO     | src.database:insert_bot_metrics:228 - Bot metrics inserted for d670f5bd-d334-4228-bf10-930decd14a31
2025-09-21 20:57:40 | INFO     | src.database:update_bot_status:189 - Bot 4de519c6-7379-44d9-8df2-9f4c941d1d3b status updated to running
2025-09-21 20:57:40 | INFO     | src.database:insert_bot_metrics:228 - Bot metrics inserted for 4de519c6-7379-44d9-8df2-9f4c941d1d3b
2025-09-21 20:57:42 | INFO     | src.database:update_bot_status:189 - Bot 3bd54ecf-276a-4de4-bdc5-891fc5ba8ee0 status updated to running
2025-09-21 20:57:42 | INFO     | src.database:insert_bot_metrics:228 - Bot metrics inserted for 3bd54ecf-276a-4de4-bdc5-891fc5ba8ee0
2025-09-21 20:57:51 | INFO     | src.database:update_bot_status:189 - Bot 3050619d-c54b-49ba-a4f4-e328aba8a227 status updated to running
2025-09-21 20:57:51 | INFO     | src.database:insert_bot_metrics:228 - Bot metrics inserted for 3050619d-c54b-49ba-a4f4-e328aba8a227
2025-09-21 20:58:04 | INFO     | src.database:update_bot_status:189 - Bot 53834af7-09d6-4312-b695-b1858adc10f5 status updated to running
2025-09-21 20:58:04 | INFO     | src.database:insert_bot_metrics:228 - Bot metrics inserted for 53834af7-09d6-4312-b695-b1858adc10f5
2025-09-21 20:58:19 | ERROR    | src.bot:_update_market_data:323 - Failed to update market data for ETH/USDT: module 'pandas' has no attribute 'np'
2025-09-21 20:58:19 | WARNING  | src.strategies.grid_strategy:analyze:29 - No historical data for ETH/USDT
2025-09-21 20:58:19 | ERROR    | src.bot:_update_performance_metrics:488 - Failed to update performance metrics: DatabaseManager.update_bot_status() takes from 3 to 4 positional arguments but 5 were given
2025-09-21 20:58:20 | ERROR    | src.bot:_update_market_data:323 - Failed to update market data for BTC/USDT: module 'pandas' has no attribute 'np'
2025-09-21 20:58:20 | WARNING  | src.strategies.grid_strategy:analyze:29 - No historical data for BTC/USDT
2025-09-21 20:58:20 | ERROR    | src.bot:_update_performance_metrics:488 - Failed to update performance metrics: DatabaseManager.update_bot_status() takes from 3 to 4 positional arguments but 5 were given
2025-09-21 20:58:25 | ERROR    | src.bot:_update_market_data:323 - Failed to update market data for ADA/USDT: module 'pandas' has no attribute 'np'
2025-09-21 20:58:25 | WARNING  | src.strategies.momentum_strategy:analyze:31 - No historical data for ADA/USDT
2025-09-21 20:58:25 | ERROR    | src.bot:_update_performance_metrics:488 - Failed to update performance metrics: DatabaseManager.update_bot_status() takes from 3 to 4 positional arguments but 5 were given
2025-09-21 20:58:28 | ERROR    | src.exchanges.binance_th_exchange:_make_request:106 - API request failed: API Error -1121: Invalid symbol.
2025-09-21 20:58:28 | ERROR    | src.exchanges.binance_th_exchange:get_ticker:161 - Failed to get Binance TH ticker for BTC/THB: API Error -1121: Invalid symbol.
2025-09-21 20:58:28 | ERROR    | src.bot:_update_market_data:323 - Failed to update market data for BTC/THB: API Error -1121: Invalid symbol.
2025-09-21 20:58:28 | WARNING  | src.strategies.grid_strategy:analyze:29 - No historical data for BTC/THB
2025-09-21 20:58:28 | ERROR    | src.bot:_update_performance_metrics:488 - Failed to update performance metrics: DatabaseManager.update_bot_status() takes from 3 to 4 positional arguments but 5 were given
2025-09-21 20:58:28 | ERROR    | src.exchanges.binance_th_exchange:_make_request:106 - API request failed: API Error -1121: Invalid symbol.
2025-09-21 20:58:28 | ERROR    | src.exchanges.binance_th_exchange:get_ticker:161 - Failed to get Binance TH ticker for ETH/THB: API Error -1121: Invalid symbol.
2025-09-21 20:58:28 | ERROR    | src.bot:_update_market_data:323 - Failed to update market data for ETH/THB: API Error -1121: Invalid symbol.
2025-09-21 20:58:28 | WARNING  | src.strategies.momentum_strategy:analyze:31 - No historical data for ETH/THB
2025-09-21 20:58:28 | ERROR    | src.bot:_update_performance_metrics:488 - Failed to update performance metrics: DatabaseManager.update_bot_status() takes from 3 to 4 positional arguments but 5 were given
2025-09-21 20:58:39 | INFO     | src.database:update_bot_status:189 - Bot d670f5bd-d334-4228-bf10-930decd14a31 status updated to running
2025-09-21 20:58:39 | INFO     | src.database:insert_bot_metrics:228 - Bot metrics inserted for d670f5bd-d334-4228-bf10-930decd14a31
2025-09-21 20:58:42 | INFO     | src.database:update_bot_status:189 - Bot 4de519c6-7379-44d9-8df2-9f4c941d1d3b status updated to running
2025-09-21 20:58:42 | INFO     | src.database:insert_bot_metrics:228 - Bot metrics inserted for 4de519c6-7379-44d9-8df2-9f4c941d1d3b
2025-09-21 20:58:43 | INFO     | src.database:update_bot_status:189 - Bot 3bd54ecf-276a-4de4-bdc5-891fc5ba8ee0 status updated to running
2025-09-21 20:58:43 | INFO     | src.database:insert_bot_metrics:228 - Bot metrics inserted for 3bd54ecf-276a-4de4-bdc5-891fc5ba8ee0
2025-09-21 20:58:53 | INFO     | src.database:update_bot_status:189 - Bot 3050619d-c54b-49ba-a4f4-e328aba8a227 status updated to running
2025-09-21 20:58:53 | INFO     | src.database:insert_bot_metrics:228 - Bot metrics inserted for 3050619d-c54b-49ba-a4f4-e328aba8a227
2025-09-21 20:59:06 | INFO     | src.database:update_bot_status:189 - Bot 53834af7-09d6-4312-b695-b1858adc10f5 status updated to running
2025-09-21 20:59:06 | INFO     | src.database:insert_bot_metrics:228 - Bot metrics inserted for 53834af7-09d6-4312-b695-b1858adc10f5
2025-09-21 20:59:20 | ERROR    | src.bot:_update_market_data:323 - Failed to update market data for ETH/USDT: module 'pandas' has no attribute 'np'
2025-09-21 20:59:20 | WARNING  | src.strategies.grid_strategy:analyze:29 - No historical data for ETH/USDT
2025-09-21 20:59:20 | ERROR    | src.bot:_update_performance_metrics:488 - Failed to update performance metrics: DatabaseManager.update_bot_status() takes from 3 to 4 positional arguments but 5 were given
2025-09-21 20:59:21 | ERROR    | src.bot:_update_market_data:323 - Failed to update market data for BTC/USDT: module 'pandas' has no attribute 'np'
2025-09-21 20:59:21 | WARNING  | src.strategies.grid_strategy:analyze:29 - No historical data for BTC/USDT
2025-09-21 20:59:21 | ERROR    | src.bot:_update_performance_metrics:488 - Failed to update performance metrics: DatabaseManager.update_bot_status() takes from 3 to 4 positional arguments but 5 were given
2025-09-21 20:59:27 | ERROR    | src.bot:_update_market_data:323 - Failed to update market data for ADA/USDT: module 'pandas' has no attribute 'np'
2025-09-21 20:59:27 | WARNING  | src.strategies.momentum_strategy:analyze:31 - No historical data for ADA/USDT
2025-09-21 20:59:27 | ERROR    | src.bot:_update_performance_metrics:488 - Failed to update performance metrics: DatabaseManager.update_bot_status() takes from 3 to 4 positional arguments but 5 were given
2025-09-21 20:59:29 | ERROR    | src.exchanges.binance_th_exchange:_make_request:106 - API request failed: API Error -1121: Invalid symbol.
2025-09-21 20:59:29 | ERROR    | src.exchanges.binance_th_exchange:get_ticker:161 - Failed to get Binance TH ticker for ETH/THB: API Error -1121: Invalid symbol.
2025-09-21 20:59:29 | ERROR    | src.bot:_update_market_data:323 - Failed to update market data for ETH/THB: API Error -1121: Invalid symbol.
2025-09-21 20:59:29 | WARNING  | src.strategies.momentum_strategy:analyze:31 - No historical data for ETH/THB
2025-09-21 20:59:29 | ERROR    | src.bot:_update_performance_metrics:488 - Failed to update performance metrics: DatabaseManager.update_bot_status() takes from 3 to 4 positional arguments but 5 were given
2025-09-21 20:59:29 | ERROR    | src.exchanges.binance_th_exchange:_make_request:106 - API request failed: API Error -1121: Invalid symbol.
2025-09-21 20:59:29 | ERROR    | src.exchanges.binance_th_exchange:get_ticker:161 - Failed to get Binance TH ticker for BTC/THB: API Error -1121: Invalid symbol.
2025-09-21 20:59:29 | ERROR    | src.bot:_update_market_data:323 - Failed to update market data for BTC/THB: API Error -1121: Invalid symbol.
2025-09-21 20:59:29 | WARNING  | src.strategies.grid_strategy:analyze:29 - No historical data for BTC/THB
2025-09-21 20:59:29 | ERROR    | src.bot:_update_performance_metrics:488 - Failed to update performance metrics: DatabaseManager.update_bot_status() takes from 3 to 4 positional arguments but 5 were given
2025-09-21 20:59:41 | INFO     | src.database:update_bot_status:189 - Bot d670f5bd-d334-4228-bf10-930decd14a31 status updated to running
2025-09-21 20:59:41 | INFO     | src.database:insert_bot_metrics:228 - Bot metrics inserted for d670f5bd-d334-4228-bf10-930decd14a31
2025-09-21 20:59:43 | INFO     | src.database:update_bot_status:189 - Bot 4de519c6-7379-44d9-8df2-9f4c941d1d3b status updated to running
2025-09-21 20:59:43 | INFO     | src.database:insert_bot_metrics:228 - Bot metrics inserted for 4de519c6-7379-44d9-8df2-9f4c941d1d3b
2025-09-21 20:59:45 | INFO     | src.database:update_bot_status:189 - Bot 3bd54ecf-276a-4de4-bdc5-891fc5ba8ee0 status updated to running
2025-09-21 20:59:46 | INFO     | src.database:insert_bot_metrics:228 - Bot metrics inserted for 3bd54ecf-276a-4de4-bdc5-891fc5ba8ee0
2025-09-21 20:59:55 | INFO     | src.database:update_bot_status:189 - Bot 3050619d-c54b-49ba-a4f4-e328aba8a227 status updated to running
2025-09-21 20:59:55 | INFO     | src.database:insert_bot_metrics:228 - Bot metrics inserted for 3050619d-c54b-49ba-a4f4-e328aba8a227
2025-09-21 21:00:09 | INFO     | src.database:update_bot_status:189 - Bot 53834af7-09d6-4312-b695-b1858adc10f5 status updated to running
2025-09-21 21:00:09 | INFO     | src.database:insert_bot_metrics:228 - Bot metrics inserted for 53834af7-09d6-4312-b695-b1858adc10f5
2025-09-21 21:00:22 | ERROR    | src.bot:_update_market_data:323 - Failed to update market data for ETH/USDT: module 'pandas' has no attribute 'np'
2025-09-21 21:00:22 | WARNING  | src.strategies.grid_strategy:analyze:29 - No historical data for ETH/USDT
2025-09-21 21:00:22 | ERROR    | src.bot:_update_performance_metrics:488 - Failed to update performance metrics: DatabaseManager.update_bot_status() takes from 3 to 4 positional arguments but 5 were given
2025-09-21 21:00:22 | ERROR    | src.bot:_update_market_data:323 - Failed to update market data for BTC/USDT: module 'pandas' has no attribute 'np'
2025-09-21 21:00:22 | WARNING  | src.strategies.grid_strategy:analyze:29 - No historical data for BTC/USDT
2025-09-21 21:00:22 | ERROR    | src.bot:_update_performance_metrics:488 - Failed to update performance metrics: DatabaseManager.update_bot_status() takes from 3 to 4 positional arguments but 5 were given
2025-09-21 21:00:29 | ERROR    | src.bot:_update_market_data:323 - Failed to update market data for ADA/USDT: module 'pandas' has no attribute 'np'
2025-09-21 21:00:29 | WARNING  | src.strategies.momentum_strategy:analyze:31 - No historical data for ADA/USDT
2025-09-21 21:00:29 | ERROR    | src.bot:_update_performance_metrics:488 - Failed to update performance metrics: DatabaseManager.update_bot_status() takes from 3 to 4 positional arguments but 5 were given
2025-09-21 21:00:31 | ERROR    | src.exchanges.binance_th_exchange:_make_request:106 - API request failed: API Error -1121: Invalid symbol.
2025-09-21 21:00:31 | ERROR    | src.exchanges.binance_th_exchange:get_ticker:161 - Failed to get Binance TH ticker for ETH/THB: API Error -1121: Invalid symbol.
2025-09-21 21:00:31 | ERROR    | src.bot:_update_market_data:323 - Failed to update market data for ETH/THB: API Error -1121: Invalid symbol.
2025-09-21 21:00:31 | WARNING  | src.strategies.momentum_strategy:analyze:31 - No historical data for ETH/THB
2025-09-21 21:00:31 | ERROR    | src.bot:_update_performance_metrics:488 - Failed to update performance metrics: DatabaseManager.update_bot_status() takes from 3 to 4 positional arguments but 5 were given
2025-09-21 21:00:31 | ERROR    | src.exchanges.binance_th_exchange:_make_request:106 - API request failed: API Error -1121: Invalid symbol.
2025-09-21 21:00:31 | ERROR    | src.exchanges.binance_th_exchange:get_ticker:161 - Failed to get Binance TH ticker for BTC/THB: API Error -1121: Invalid symbol.
2025-09-21 21:00:31 | ERROR    | src.bot:_update_market_data:323 - Failed to update market data for BTC/THB: API Error -1121: Invalid symbol.
2025-09-21 21:00:31 | WARNING  | src.strategies.grid_strategy:analyze:29 - No historical data for BTC/THB
2025-09-21 21:00:31 | ERROR    | src.bot:_update_performance_metrics:488 - Failed to update performance metrics: DatabaseManager.update_bot_status() takes from 3 to 4 positional arguments but 5 were given
2025-09-21 21:00:42 | INFO     | src.database:update_bot_status:189 - Bot d670f5bd-d334-4228-bf10-930decd14a31 status updated to running
2025-09-21 21:00:42 | INFO     | src.database:insert_bot_metrics:228 - Bot metrics inserted for d670f5bd-d334-4228-bf10-930decd14a31
2025-09-21 21:00:45 | INFO     | src.database:update_bot_status:189 - Bot 4de519c6-7379-44d9-8df2-9f4c941d1d3b status updated to running
2025-09-21 21:00:45 | INFO     | src.database:insert_bot_metrics:228 - Bot metrics inserted for 4de519c6-7379-44d9-8df2-9f4c941d1d3b
2025-09-21 21:00:48 | INFO     | src.database:update_bot_status:189 - Bot 3bd54ecf-276a-4de4-bdc5-891fc5ba8ee0 status updated to running
2025-09-21 21:00:48 | INFO     | src.database:insert_bot_metrics:228 - Bot metrics inserted for 3bd54ecf-276a-4de4-bdc5-891fc5ba8ee0
2025-09-21 21:00:57 | INFO     | src.database:update_bot_status:189 - Bot 3050619d-c54b-49ba-a4f4-e328aba8a227 status updated to running
2025-09-21 21:00:57 | INFO     | src.database:insert_bot_metrics:228 - Bot metrics inserted for 3050619d-c54b-49ba-a4f4-e328aba8a227
2025-09-21 21:01:10 | INFO     | src.database:update_bot_status:189 - Bot 53834af7-09d6-4312-b695-b1858adc10f5 status updated to running
2025-09-21 21:01:11 | INFO     | src.database:insert_bot_metrics:228 - Bot metrics inserted for 53834af7-09d6-4312-b695-b1858adc10f5
2025-09-21 21:01:24 | ERROR    | src.bot:_update_market_data:323 - Failed to update market data for BTC/USDT: module 'pandas' has no attribute 'np'
2025-09-21 21:01:24 | WARNING  | src.strategies.grid_strategy:analyze:29 - No historical data for BTC/USDT
2025-09-21 21:01:24 | ERROR    | src.bot:_update_performance_metrics:488 - Failed to update performance metrics: DatabaseManager.update_bot_status() takes from 3 to 4 positional arguments but 5 were given
2025-09-21 21:01:24 | ERROR    | src.bot:_update_market_data:323 - Failed to update market data for ETH/USDT: module 'pandas' has no attribute 'np'
2025-09-21 21:01:24 | WARNING  | src.strategies.grid_strategy:analyze:29 - No historical data for ETH/USDT
2025-09-21 21:01:24 | ERROR    | src.bot:_update_performance_metrics:488 - Failed to update performance metrics: DatabaseManager.update_bot_status() takes from 3 to 4 positional arguments but 5 were given
2025-09-21 21:01:30 | ERROR    | src.bot:_update_market_data:323 - Failed to update market data for ADA/USDT: module 'pandas' has no attribute 'np'
2025-09-21 21:01:30 | WARNING  | src.strategies.momentum_strategy:analyze:31 - No historical data for ADA/USDT
2025-09-21 21:01:30 | ERROR    | src.bot:_update_performance_metrics:488 - Failed to update performance metrics: DatabaseManager.update_bot_status() takes from 3 to 4 positional arguments but 5 were given
2025-09-21 21:01:32 | ERROR    | src.exchanges.binance_th_exchange:_make_request:106 - API request failed: API Error -1121: Invalid symbol.
2025-09-21 21:01:32 | ERROR    | src.exchanges.binance_th_exchange:get_ticker:161 - Failed to get Binance TH ticker for ETH/THB: API Error -1121: Invalid symbol.
2025-09-21 21:01:32 | ERROR    | src.bot:_update_market_data:323 - Failed to update market data for ETH/THB: API Error -1121: Invalid symbol.
2025-09-21 21:01:32 | WARNING  | src.strategies.momentum_strategy:analyze:31 - No historical data for ETH/THB
2025-09-21 21:01:32 | ERROR    | src.bot:_update_performance_metrics:488 - Failed to update performance metrics: DatabaseManager.update_bot_status() takes from 3 to 4 positional arguments but 5 were given
2025-09-21 21:01:32 | ERROR    | src.exchanges.binance_th_exchange:_make_request:106 - API request failed: API Error -1121: Invalid symbol.
2025-09-21 21:01:32 | ERROR    | src.exchanges.binance_th_exchange:get_ticker:161 - Failed to get Binance TH ticker for BTC/THB: API Error -1121: Invalid symbol.
2025-09-21 21:01:32 | ERROR    | src.bot:_update_market_data:323 - Failed to update market data for BTC/THB: API Error -1121: Invalid symbol.
2025-09-21 21:01:32 | WARNING  | src.strategies.grid_strategy:analyze:29 - No historical data for BTC/THB
2025-09-21 21:01:32 | ERROR    | src.bot:_update_performance_metrics:488 - Failed to update performance metrics: DatabaseManager.update_bot_status() takes from 3 to 4 positional arguments but 5 were given
2025-09-21 21:01:43 | INFO     | src.database:update_bot_status:189 - Bot d670f5bd-d334-4228-bf10-930decd14a31 status updated to running
2025-09-21 21:01:44 | INFO     | src.database:insert_bot_metrics:228 - Bot metrics inserted for d670f5bd-d334-4228-bf10-930decd14a31
2025-09-21 21:01:46 | INFO     | src.database:update_bot_status:189 - Bot 4de519c6-7379-44d9-8df2-9f4c941d1d3b status updated to running
2025-09-21 21:01:46 | INFO     | src.database:insert_bot_metrics:228 - Bot metrics inserted for 4de519c6-7379-44d9-8df2-9f4c941d1d3b
2025-09-21 21:01:49 | INFO     | src.database:update_bot_status:189 - Bot 3bd54ecf-276a-4de4-bdc5-891fc5ba8ee0 status updated to running
2025-09-21 21:01:49 | INFO     | src.database:insert_bot_metrics:228 - Bot metrics inserted for 3bd54ecf-276a-4de4-bdc5-891fc5ba8ee0
2025-09-21 21:01:58 | INFO     | src.database:update_bot_status:189 - Bot 3050619d-c54b-49ba-a4f4-e328aba8a227 status updated to running
2025-09-21 21:01:58 | INFO     | src.database:insert_bot_metrics:228 - Bot metrics inserted for 3050619d-c54b-49ba-a4f4-e328aba8a227
2025-09-21 21:02:12 | INFO     | src.database:update_bot_status:189 - Bot 53834af7-09d6-4312-b695-b1858adc10f5 status updated to running
2025-09-21 21:02:12 | INFO     | src.database:insert_bot_metrics:228 - Bot metrics inserted for 53834af7-09d6-4312-b695-b1858adc10f5
2025-09-21 21:02:25 | ERROR    | src.bot:_update_market_data:323 - Failed to update market data for BTC/USDT: module 'pandas' has no attribute 'np'
2025-09-21 21:02:25 | WARNING  | src.strategies.grid_strategy:analyze:29 - No historical data for BTC/USDT
2025-09-21 21:02:25 | ERROR    | src.bot:_update_performance_metrics:488 - Failed to update performance metrics: DatabaseManager.update_bot_status() takes from 3 to 4 positional arguments but 5 were given
2025-09-21 21:02:25 | ERROR    | src.bot:_update_market_data:323 - Failed to update market data for ETH/USDT: module 'pandas' has no attribute 'np'
2025-09-21 21:02:25 | WARNING  | src.strategies.grid_strategy:analyze:29 - No historical data for ETH/USDT
2025-09-21 21:02:25 | ERROR    | src.bot:_update_performance_metrics:488 - Failed to update performance metrics: DatabaseManager.update_bot_status() takes from 3 to 4 positional arguments but 5 were given
2025-09-21 21:02:31 | ERROR    | src.bot:_update_market_data:323 - Failed to update market data for ADA/USDT: module 'pandas' has no attribute 'np'
2025-09-21 21:02:31 | WARNING  | src.strategies.momentum_strategy:analyze:31 - No historical data for ADA/USDT
2025-09-21 21:02:31 | ERROR    | src.bot:_update_performance_metrics:488 - Failed to update performance metrics: DatabaseManager.update_bot_status() takes from 3 to 4 positional arguments but 5 were given
2025-09-21 21:02:33 | ERROR    | src.exchanges.binance_th_exchange:_make_request:106 - API request failed: API Error -1121: Invalid symbol.
2025-09-21 21:02:33 | ERROR    | src.exchanges.binance_th_exchange:get_ticker:161 - Failed to get Binance TH ticker for ETH/THB: API Error -1121: Invalid symbol.
2025-09-21 21:02:33 | ERROR    | src.bot:_update_market_data:323 - Failed to update market data for ETH/THB: API Error -1121: Invalid symbol.
2025-09-21 21:02:33 | WARNING  | src.strategies.momentum_strategy:analyze:31 - No historical data for ETH/THB
2025-09-21 21:02:33 | ERROR    | src.bot:_update_performance_metrics:488 - Failed to update performance metrics: DatabaseManager.update_bot_status() takes from 3 to 4 positional arguments but 5 were given
2025-09-21 21:02:34 | ERROR    | src.exchanges.binance_th_exchange:_make_request:106 - API request failed: API Error -1121: Invalid symbol.
2025-09-21 21:02:34 | ERROR    | src.exchanges.binance_th_exchange:get_ticker:161 - Failed to get Binance TH ticker for BTC/THB: API Error -1121: Invalid symbol.
2025-09-21 21:02:34 | ERROR    | src.bot:_update_market_data:323 - Failed to update market data for BTC/THB: API Error -1121: Invalid symbol.
2025-09-21 21:02:34 | WARNING  | src.strategies.grid_strategy:analyze:29 - No historical data for BTC/THB
2025-09-21 21:02:34 | ERROR    | src.bot:_update_performance_metrics:488 - Failed to update performance metrics: DatabaseManager.update_bot_status() takes from 3 to 4 positional arguments but 5 were given
2025-09-21 21:02:45 | INFO     | src.database:update_bot_status:189 - Bot d670f5bd-d334-4228-bf10-930decd14a31 status updated to running
2025-09-21 21:02:45 | INFO     | src.database:insert_bot_metrics:228 - Bot metrics inserted for d670f5bd-d334-4228-bf10-930decd14a31
2025-09-21 21:02:48 | INFO     | src.database:update_bot_status:189 - Bot 4de519c6-7379-44d9-8df2-9f4c941d1d3b status updated to running
2025-09-21 21:02:48 | INFO     | src.database:insert_bot_metrics:228 - Bot metrics inserted for 4de519c6-7379-44d9-8df2-9f4c941d1d3b
2025-09-21 21:02:51 | INFO     | src.database:update_bot_status:189 - Bot 3bd54ecf-276a-4de4-bdc5-891fc5ba8ee0 status updated to running
2025-09-21 21:02:51 | INFO     | src.database:insert_bot_metrics:228 - Bot metrics inserted for 3bd54ecf-276a-4de4-bdc5-891fc5ba8ee0
2025-09-21 21:03:00 | INFO     | src.database:update_bot_status:189 - Bot 3050619d-c54b-49ba-a4f4-e328aba8a227 status updated to running
2025-09-21 21:03:00 | INFO     | src.database:insert_bot_metrics:228 - Bot metrics inserted for 3050619d-c54b-49ba-a4f4-e328aba8a227
2025-09-21 21:03:13 | INFO     | src.database:update_bot_status:189 - Bot 53834af7-09d6-4312-b695-b1858adc10f5 status updated to running
2025-09-21 21:03:14 | INFO     | src.database:insert_bot_metrics:228 - Bot metrics inserted for 53834af7-09d6-4312-b695-b1858adc10f5
2025-09-21 21:03:26 | ERROR    | src.bot:_update_market_data:323 - Failed to update market data for BTC/USDT: module 'pandas' has no attribute 'np'
2025-09-21 21:03:26 | WARNING  | src.strategies.grid_strategy:analyze:29 - No historical data for BTC/USDT
2025-09-21 21:03:26 | ERROR    | src.bot:_update_performance_metrics:488 - Failed to update performance metrics: DatabaseManager.update_bot_status() takes from 3 to 4 positional arguments but 5 were given
2025-09-21 21:03:27 | ERROR    | src.bot:_update_market_data:323 - Failed to update market data for ETH/USDT: module 'pandas' has no attribute 'np'
2025-09-21 21:03:27 | WARNING  | src.strategies.grid_strategy:analyze:29 - No historical data for ETH/USDT
2025-09-21 21:03:27 | ERROR    | src.bot:_update_performance_metrics:488 - Failed to update performance metrics: DatabaseManager.update_bot_status() takes from 3 to 4 positional arguments but 5 were given
2025-09-21 21:03:32 | ERROR    | src.bot:_update_market_data:323 - Failed to update market data for ADA/USDT: module 'pandas' has no attribute 'np'
2025-09-21 21:03:32 | WARNING  | src.strategies.momentum_strategy:analyze:31 - No historical data for ADA/USDT
2025-09-21 21:03:32 | ERROR    | src.bot:_update_performance_metrics:488 - Failed to update performance metrics: DatabaseManager.update_bot_status() takes from 3 to 4 positional arguments but 5 were given
2025-09-21 21:03:35 | ERROR    | src.exchanges.binance_th_exchange:_make_request:106 - API request failed: API Error -1121: Invalid symbol.
2025-09-21 21:03:35 | ERROR    | src.exchanges.binance_th_exchange:get_ticker:161 - Failed to get Binance TH ticker for ETH/THB: API Error -1121: Invalid symbol.
2025-09-21 21:03:35 | ERROR    | src.bot:_update_market_data:323 - Failed to update market data for ETH/THB: API Error -1121: Invalid symbol.
2025-09-21 21:03:35 | WARNING  | src.strategies.momentum_strategy:analyze:31 - No historical data for ETH/THB
2025-09-21 21:03:35 | ERROR    | src.bot:_update_performance_metrics:488 - Failed to update performance metrics: DatabaseManager.update_bot_status() takes from 3 to 4 positional arguments but 5 were given
2025-09-21 21:03:35 | ERROR    | src.exchanges.binance_th_exchange:_make_request:106 - API request failed: API Error -1121: Invalid symbol.
2025-09-21 21:03:35 | ERROR    | src.exchanges.binance_th_exchange:get_ticker:161 - Failed to get Binance TH ticker for BTC/THB: API Error -1121: Invalid symbol.
2025-09-21 21:03:35 | ERROR    | src.bot:_update_market_data:323 - Failed to update market data for BTC/THB: API Error -1121: Invalid symbol.
2025-09-21 21:03:35 | WARNING  | src.strategies.grid_strategy:analyze:29 - No historical data for BTC/THB
2025-09-21 21:03:35 | ERROR    | src.bot:_update_performance_metrics:488 - Failed to update performance metrics: DatabaseManager.update_bot_status() takes from 3 to 4 positional arguments but 5 were given
2025-09-21 21:03:46 | INFO     | src.database:update_bot_status:189 - Bot d670f5bd-d334-4228-bf10-930decd14a31 status updated to running
2025-09-21 21:03:47 | INFO     | src.database:insert_bot_metrics:228 - Bot metrics inserted for d670f5bd-d334-4228-bf10-930decd14a31
2025-09-21 21:03:49 | INFO     | src.database:update_bot_status:189 - Bot 4de519c6-7379-44d9-8df2-9f4c941d1d3b status updated to running
2025-09-21 21:03:49 | INFO     | src.database:insert_bot_metrics:228 - Bot metrics inserted for 4de519c6-7379-44d9-8df2-9f4c941d1d3b
2025-09-21 21:03:53 | INFO     | src.database:update_bot_status:189 - Bot 3bd54ecf-276a-4de4-bdc5-891fc5ba8ee0 status updated to running
2025-09-21 21:03:53 | INFO     | src.database:insert_bot_metrics:228 - Bot metrics inserted for 3bd54ecf-276a-4de4-bdc5-891fc5ba8ee0
2025-09-21 21:04:01 | INFO     | src.database:update_bot_status:189 - Bot 3050619d-c54b-49ba-a4f4-e328aba8a227 status updated to running
2025-09-21 21:04:01 | INFO     | src.database:insert_bot_metrics:228 - Bot metrics inserted for 3050619d-c54b-49ba-a4f4-e328aba8a227
2025-09-21 21:04:15 | INFO     | src.bot:_execute_signal:346 - Executing buy signal for ETH/USDT at $4476.7300
2025-09-21 21:04:16 | ERROR    | src.exchanges.binance_th_exchange:_make_request:106 - API request failed: API Error -1111: Parameter 'quantity' has too much precision.
2025-09-21 21:04:16 | ERROR    | src.exchanges.binance_th_exchange:place_order:211 - Failed to place order on Binance TH: API Error -1111: Parameter 'quantity' has too much precision.
2025-09-21 21:04:16 | ERROR    | src.bot:_execute_signal:397 - Failed to execute signal for ETH/USDT: API Error -1111: Parameter 'quantity' has too much precision.
2025-09-21 21:04:17 | INFO     | src.database:update_bot_status:189 - Bot 53834af7-09d6-4312-b695-b1858adc10f5 status updated to running
2025-09-21 21:04:17 | INFO     | src.database:insert_bot_metrics:228 - Bot metrics inserted for 53834af7-09d6-4312-b695-b1858adc10f5
2025-09-21 21:04:28 | ERROR    | src.bot:_update_market_data:323 - Failed to update market data for BTC/USDT: module 'pandas' has no attribute 'np'
2025-09-21 21:04:28 | WARNING  | src.strategies.grid_strategy:analyze:29 - No historical data for BTC/USDT
2025-09-21 21:04:28 | ERROR    | src.bot:_update_performance_metrics:488 - Failed to update performance metrics: DatabaseManager.update_bot_status() takes from 3 to 4 positional arguments but 5 were given
2025-09-21 21:04:28 | ERROR    | src.bot:_update_market_data:323 - Failed to update market data for ETH/USDT: module 'pandas' has no attribute 'np'
2025-09-21 21:04:28 | WARNING  | src.strategies.grid_strategy:analyze:29 - No historical data for ETH/USDT
2025-09-21 21:04:28 | ERROR    | src.bot:_update_performance_metrics:488 - Failed to update performance metrics: DatabaseManager.update_bot_status() takes from 3 to 4 positional arguments but 5 were given
2025-09-21 21:04:33 | ERROR    | src.bot:_update_market_data:323 - Failed to update market data for ADA/USDT: module 'pandas' has no attribute 'np'
2025-09-21 21:04:33 | WARNING  | src.strategies.momentum_strategy:analyze:31 - No historical data for ADA/USDT
2025-09-21 21:04:33 | ERROR    | src.bot:_update_performance_metrics:488 - Failed to update performance metrics: DatabaseManager.update_bot_status() takes from 3 to 4 positional arguments but 5 were given
2025-09-21 21:04:36 | ERROR    | src.exchanges.binance_th_exchange:_make_request:106 - API request failed: API Error -1121: Invalid symbol.
2025-09-21 21:04:36 | ERROR    | src.exchanges.binance_th_exchange:get_ticker:161 - Failed to get Binance TH ticker for BTC/THB: API Error -1121: Invalid symbol.
2025-09-21 21:04:36 | ERROR    | src.bot:_update_market_data:323 - Failed to update market data for BTC/THB: API Error -1121: Invalid symbol.
2025-09-21 21:04:36 | WARNING  | src.strategies.grid_strategy:analyze:29 - No historical data for BTC/THB
2025-09-21 21:04:36 | ERROR    | src.bot:_update_performance_metrics:488 - Failed to update performance metrics: DatabaseManager.update_bot_status() takes from 3 to 4 positional arguments but 5 were given
2025-09-21 21:04:37 | ERROR    | src.exchanges.binance_th_exchange:_make_request:106 - API request failed: API Error -1121: Invalid symbol.
2025-09-21 21:04:37 | ERROR    | src.exchanges.binance_th_exchange:get_ticker:161 - Failed to get Binance TH ticker for ETH/THB: API Error -1121: Invalid symbol.
2025-09-21 21:04:37 | ERROR    | src.bot:_update_market_data:323 - Failed to update market data for ETH/THB: API Error -1121: Invalid symbol.
2025-09-21 21:04:37 | WARNING  | src.strategies.momentum_strategy:analyze:31 - No historical data for ETH/THB
2025-09-21 21:04:37 | ERROR    | src.bot:_update_performance_metrics:488 - Failed to update performance metrics: DatabaseManager.update_bot_status() takes from 3 to 4 positional arguments but 5 were given
2025-09-21 21:04:48 | INFO     | src.database:update_bot_status:189 - Bot d670f5bd-d334-4228-bf10-930decd14a31 status updated to running
2025-09-21 21:04:48 | INFO     | src.database:insert_bot_metrics:228 - Bot metrics inserted for d670f5bd-d334-4228-bf10-930decd14a31
2025-09-21 21:04:50 | INFO     | src.database:update_bot_status:189 - Bot 4de519c6-7379-44d9-8df2-9f4c941d1d3b status updated to running
2025-09-21 21:04:51 | INFO     | src.database:insert_bot_metrics:228 - Bot metrics inserted for 4de519c6-7379-44d9-8df2-9f4c941d1d3b
2025-09-21 21:04:54 | INFO     | src.database:update_bot_status:189 - Bot 3bd54ecf-276a-4de4-bdc5-891fc5ba8ee0 status updated to running
2025-09-21 21:04:54 | INFO     | src.database:insert_bot_metrics:228 - Bot metrics inserted for 3bd54ecf-276a-4de4-bdc5-891fc5ba8ee0
2025-09-21 21:05:03 | INFO     | src.database:update_bot_status:189 - Bot 3050619d-c54b-49ba-a4f4-e328aba8a227 status updated to running
2025-09-21 21:05:03 | INFO     | src.database:insert_bot_metrics:228 - Bot metrics inserted for 3050619d-c54b-49ba-a4f4-e328aba8a227
2025-09-21 21:05:18 | INFO     | src.database:update_bot_status:189 - Bot 53834af7-09d6-4312-b695-b1858adc10f5 status updated to running
2025-09-21 21:05:18 | INFO     | src.database:insert_bot_metrics:228 - Bot metrics inserted for 53834af7-09d6-4312-b695-b1858adc10f5
2025-09-21 21:05:29 | ERROR    | src.bot:_update_market_data:323 - Failed to update market data for BTC/USDT: module 'pandas' has no attribute 'np'
2025-09-21 21:05:29 | WARNING  | src.strategies.grid_strategy:analyze:29 - No historical data for BTC/USDT
2025-09-21 21:05:29 | ERROR    | src.bot:_update_performance_metrics:488 - Failed to update performance metrics: DatabaseManager.update_bot_status() takes from 3 to 4 positional arguments but 5 were given
2025-09-21 21:05:29 | ERROR    | src.bot:_update_market_data:323 - Failed to update market data for ETH/USDT: module 'pandas' has no attribute 'np'
2025-09-21 21:05:29 | WARNING  | src.strategies.grid_strategy:analyze:29 - No historical data for ETH/USDT
2025-09-21 21:05:29 | ERROR    | src.bot:_update_performance_metrics:488 - Failed to update performance metrics: DatabaseManager.update_bot_status() takes from 3 to 4 positional arguments but 5 were given
2025-09-21 21:05:35 | ERROR    | src.bot:_update_market_data:323 - Failed to update market data for ADA/USDT: module 'pandas' has no attribute 'np'
2025-09-21 21:05:35 | WARNING  | src.strategies.momentum_strategy:analyze:31 - No historical data for ADA/USDT
2025-09-21 21:05:35 | ERROR    | src.bot:_update_performance_metrics:488 - Failed to update performance metrics: DatabaseManager.update_bot_status() takes from 3 to 4 positional arguments but 5 were given
2025-09-21 21:05:38 | ERROR    | src.exchanges.binance_th_exchange:_make_request:106 - API request failed: API Error -1121: Invalid symbol.
2025-09-21 21:05:38 | ERROR    | src.exchanges.binance_th_exchange:get_ticker:161 - Failed to get Binance TH ticker for BTC/THB: API Error -1121: Invalid symbol.
2025-09-21 21:05:38 | ERROR    | src.bot:_update_market_data:323 - Failed to update market data for BTC/THB: API Error -1121: Invalid symbol.
2025-09-21 21:05:38 | WARNING  | src.strategies.grid_strategy:analyze:29 - No historical data for BTC/THB
2025-09-21 21:05:38 | ERROR    | src.bot:_update_performance_metrics:488 - Failed to update performance metrics: DatabaseManager.update_bot_status() takes from 3 to 4 positional arguments but 5 were given
2025-09-21 21:05:39 | ERROR    | src.exchanges.binance_th_exchange:_make_request:106 - API request failed: API Error -1121: Invalid symbol.
2025-09-21 21:05:39 | ERROR    | src.exchanges.binance_th_exchange:get_ticker:161 - Failed to get Binance TH ticker for ETH/THB: API Error -1121: Invalid symbol.
2025-09-21 21:05:39 | ERROR    | src.bot:_update_market_data:323 - Failed to update market data for ETH/THB: API Error -1121: Invalid symbol.
2025-09-21 21:05:39 | WARNING  | src.strategies.momentum_strategy:analyze:31 - No historical data for ETH/THB
2025-09-21 21:05:39 | ERROR    | src.bot:_update_performance_metrics:488 - Failed to update performance metrics: DatabaseManager.update_bot_status() takes from 3 to 4 positional arguments but 5 were given
2025-09-21 21:05:50 | INFO     | src.database:update_bot_status:189 - Bot d670f5bd-d334-4228-bf10-930decd14a31 status updated to running
2025-09-21 21:05:50 | INFO     | src.database:insert_bot_metrics:228 - Bot metrics inserted for d670f5bd-d334-4228-bf10-930decd14a31
2025-09-21 21:05:52 | INFO     | src.database:update_bot_status:189 - Bot 4de519c6-7379-44d9-8df2-9f4c941d1d3b status updated to running
2025-09-21 21:05:52 | INFO     | src.database:insert_bot_metrics:228 - Bot metrics inserted for 4de519c6-7379-44d9-8df2-9f4c941d1d3b
2025-09-21 21:05:56 | INFO     | src.database:update_bot_status:189 - Bot 3bd54ecf-276a-4de4-bdc5-891fc5ba8ee0 status updated to running
2025-09-21 21:05:56 | INFO     | src.database:insert_bot_metrics:228 - Bot metrics inserted for 3bd54ecf-276a-4de4-bdc5-891fc5ba8ee0
2025-09-21 21:06:05 | INFO     | src.database:update_bot_status:189 - Bot 3050619d-c54b-49ba-a4f4-e328aba8a227 status updated to running
2025-09-21 21:06:05 | INFO     | src.database:insert_bot_metrics:228 - Bot metrics inserted for 3050619d-c54b-49ba-a4f4-e328aba8a227
2025-09-21 21:06:20 | INFO     | src.database:update_bot_status:189 - Bot 53834af7-09d6-4312-b695-b1858adc10f5 status updated to running
2025-09-21 21:06:20 | INFO     | src.database:insert_bot_metrics:228 - Bot metrics inserted for 53834af7-09d6-4312-b695-b1858adc10f5
2025-09-21 21:06:30 | ERROR    | src.bot:_update_market_data:323 - Failed to update market data for BTC/USDT: module 'pandas' has no attribute 'np'
2025-09-21 21:06:30 | WARNING  | src.strategies.grid_strategy:analyze:29 - No historical data for BTC/USDT
2025-09-21 21:06:30 | ERROR    | src.bot:_update_performance_metrics:488 - Failed to update performance metrics: DatabaseManager.update_bot_status() takes from 3 to 4 positional arguments but 5 were given
2025-09-21 21:06:31 | ERROR    | src.bot:_update_market_data:323 - Failed to update market data for ETH/USDT: module 'pandas' has no attribute 'np'
2025-09-21 21:06:31 | WARNING  | src.strategies.grid_strategy:analyze:29 - No historical data for ETH/USDT
2025-09-21 21:06:31 | ERROR    | src.bot:_update_performance_metrics:488 - Failed to update performance metrics: DatabaseManager.update_bot_status() takes from 3 to 4 positional arguments but 5 were given
2025-09-21 21:06:36 | ERROR    | src.bot:_update_market_data:323 - Failed to update market data for ADA/USDT: module 'pandas' has no attribute 'np'
2025-09-21 21:06:36 | WARNING  | src.strategies.momentum_strategy:analyze:31 - No historical data for ADA/USDT
2025-09-21 21:06:36 | ERROR    | src.bot:_update_performance_metrics:488 - Failed to update performance metrics: DatabaseManager.update_bot_status() takes from 3 to 4 positional arguments but 5 were given
2025-09-21 21:06:39 | ERROR    | src.exchanges.binance_th_exchange:_make_request:106 - API request failed: API Error -1121: Invalid symbol.
2025-09-21 21:06:39 | ERROR    | src.exchanges.binance_th_exchange:get_ticker:161 - Failed to get Binance TH ticker for BTC/THB: API Error -1121: Invalid symbol.
2025-09-21 21:06:39 | ERROR    | src.bot:_update_market_data:323 - Failed to update market data for BTC/THB: API Error -1121: Invalid symbol.
2025-09-21 21:06:39 | WARNING  | src.strategies.grid_strategy:analyze:29 - No historical data for BTC/THB
2025-09-21 21:06:39 | ERROR    | src.bot:_update_performance_metrics:488 - Failed to update performance metrics: DatabaseManager.update_bot_status() takes from 3 to 4 positional arguments but 5 were given
2025-09-21 21:06:40 | ERROR    | src.exchanges.binance_th_exchange:_make_request:106 - API request failed: API Error -1121: Invalid symbol.
2025-09-21 21:06:40 | ERROR    | src.exchanges.binance_th_exchange:get_ticker:161 - Failed to get Binance TH ticker for ETH/THB: API Error -1121: Invalid symbol.
2025-09-21 21:06:40 | ERROR    | src.bot:_update_market_data:323 - Failed to update market data for ETH/THB: API Error -1121: Invalid symbol.
2025-09-21 21:06:40 | WARNING  | src.strategies.momentum_strategy:analyze:31 - No historical data for ETH/THB
2025-09-21 21:06:40 | ERROR    | src.bot:_update_performance_metrics:488 - Failed to update performance metrics: DatabaseManager.update_bot_status() takes from 3 to 4 positional arguments but 5 were given
2025-09-21 21:06:51 | INFO     | src.database:update_bot_status:189 - Bot d670f5bd-d334-4228-bf10-930decd14a31 status updated to running
2025-09-21 21:06:52 | INFO     | src.database:insert_bot_metrics:228 - Bot metrics inserted for d670f5bd-d334-4228-bf10-930decd14a31
2025-09-21 21:06:53 | INFO     | src.database:update_bot_status:189 - Bot 4de519c6-7379-44d9-8df2-9f4c941d1d3b status updated to running
2025-09-21 21:06:53 | INFO     | src.database:insert_bot_metrics:228 - Bot metrics inserted for 4de519c6-7379-44d9-8df2-9f4c941d1d3b
2025-09-21 21:06:57 | INFO     | src.database:update_bot_status:189 - Bot 3bd54ecf-276a-4de4-bdc5-891fc5ba8ee0 status updated to running
2025-09-21 21:06:57 | INFO     | src.database:insert_bot_metrics:228 - Bot metrics inserted for 3bd54ecf-276a-4de4-bdc5-891fc5ba8ee0
2025-09-21 21:07:06 | INFO     | src.database:update_bot_status:189 - Bot 3050619d-c54b-49ba-a4f4-e328aba8a227 status updated to running
2025-09-21 21:07:06 | INFO     | src.database:insert_bot_metrics:228 - Bot metrics inserted for 3050619d-c54b-49ba-a4f4-e328aba8a227
2025-09-21 21:07:22 | INFO     | src.database:update_bot_status:189 - Bot 53834af7-09d6-4312-b695-b1858adc10f5 status updated to running
2025-09-21 21:07:22 | INFO     | src.database:insert_bot_metrics:228 - Bot metrics inserted for 53834af7-09d6-4312-b695-b1858adc10f5
2025-09-21 21:07:31 | ERROR    | src.bot:_update_market_data:323 - Failed to update market data for BTC/USDT: module 'pandas' has no attribute 'np'
2025-09-21 21:07:31 | WARNING  | src.strategies.grid_strategy:analyze:29 - No historical data for BTC/USDT
2025-09-21 21:07:31 | ERROR    | src.bot:_update_performance_metrics:488 - Failed to update performance metrics: DatabaseManager.update_bot_status() takes from 3 to 4 positional arguments but 5 were given
2025-09-21 21:07:32 | ERROR    | src.bot:_update_market_data:323 - Failed to update market data for ETH/USDT: module 'pandas' has no attribute 'np'
2025-09-21 21:07:32 | WARNING  | src.strategies.grid_strategy:analyze:29 - No historical data for ETH/USDT
2025-09-21 21:07:32 | ERROR    | src.bot:_update_performance_metrics:488 - Failed to update performance metrics: DatabaseManager.update_bot_status() takes from 3 to 4 positional arguments but 5 were given
2025-09-21 21:07:37 | ERROR    | src.bot:_update_market_data:323 - Failed to update market data for ADA/USDT: module 'pandas' has no attribute 'np'
2025-09-21 21:07:37 | WARNING  | src.strategies.momentum_strategy:analyze:31 - No historical data for ADA/USDT
2025-09-21 21:07:37 | ERROR    | src.bot:_update_performance_metrics:488 - Failed to update performance metrics: DatabaseManager.update_bot_status() takes from 3 to 4 positional arguments but 5 were given
2025-09-21 21:07:40 | ERROR    | src.exchanges.binance_th_exchange:_make_request:106 - API request failed: API Error -1121: Invalid symbol.
2025-09-21 21:07:40 | ERROR    | src.exchanges.binance_th_exchange:get_ticker:161 - Failed to get Binance TH ticker for BTC/THB: API Error -1121: Invalid symbol.
2025-09-21 21:07:40 | ERROR    | src.bot:_update_market_data:323 - Failed to update market data for BTC/THB: API Error -1121: Invalid symbol.
2025-09-21 21:07:40 | WARNING  | src.strategies.grid_strategy:analyze:29 - No historical data for BTC/THB
2025-09-21 21:07:40 | ERROR    | src.bot:_update_performance_metrics:488 - Failed to update performance metrics: DatabaseManager.update_bot_status() takes from 3 to 4 positional arguments but 5 were given
2025-09-21 21:07:41 | ERROR    | src.exchanges.binance_th_exchange:_make_request:106 - API request failed: API Error -1121: Invalid symbol.
2025-09-21 21:07:41 | ERROR    | src.exchanges.binance_th_exchange:get_ticker:161 - Failed to get Binance TH ticker for ETH/THB: API Error -1121: Invalid symbol.
2025-09-21 21:07:41 | ERROR    | src.bot:_update_market_data:323 - Failed to update market data for ETH/THB: API Error -1121: Invalid symbol.
2025-09-21 21:07:41 | WARNING  | src.strategies.momentum_strategy:analyze:31 - No historical data for ETH/THB
2025-09-21 21:07:41 | ERROR    | src.bot:_update_performance_metrics:488 - Failed to update performance metrics: DatabaseManager.update_bot_status() takes from 3 to 4 positional arguments but 5 were given
2025-09-21 21:07:53 | INFO     | src.database:update_bot_status:189 - Bot d670f5bd-d334-4228-bf10-930decd14a31 status updated to running
2025-09-21 21:07:53 | INFO     | src.database:insert_bot_metrics:228 - Bot metrics inserted for d670f5bd-d334-4228-bf10-930decd14a31
2025-09-21 21:07:55 | INFO     | src.database:update_bot_status:189 - Bot 4de519c6-7379-44d9-8df2-9f4c941d1d3b status updated to running
2025-09-21 21:07:55 | INFO     | src.database:insert_bot_metrics:228 - Bot metrics inserted for 4de519c6-7379-44d9-8df2-9f4c941d1d3b
2025-09-21 21:07:59 | INFO     | src.database:update_bot_status:189 - Bot 3bd54ecf-276a-4de4-bdc5-891fc5ba8ee0 status updated to running
2025-09-21 21:07:59 | INFO     | src.database:insert_bot_metrics:228 - Bot metrics inserted for 3bd54ecf-276a-4de4-bdc5-891fc5ba8ee0
2025-09-21 21:08:07 | INFO     | src.database:update_bot_status:189 - Bot 3050619d-c54b-49ba-a4f4-e328aba8a227 status updated to running
2025-09-21 21:08:07 | INFO     | src.database:insert_bot_metrics:228 - Bot metrics inserted for 3050619d-c54b-49ba-a4f4-e328aba8a227
2025-09-21 21:08:23 | INFO     | src.database:update_bot_status:189 - Bot 53834af7-09d6-4312-b695-b1858adc10f5 status updated to running
2025-09-21 21:08:23 | INFO     | src.database:insert_bot_metrics:228 - Bot metrics inserted for 53834af7-09d6-4312-b695-b1858adc10f5
2025-09-21 21:08:32 | ERROR    | src.bot:_update_market_data:323 - Failed to update market data for BTC/USDT: module 'pandas' has no attribute 'np'
2025-09-21 21:08:32 | WARNING  | src.strategies.grid_strategy:analyze:29 - No historical data for BTC/USDT
2025-09-21 21:08:32 | ERROR    | src.bot:_update_performance_metrics:488 - Failed to update performance metrics: DatabaseManager.update_bot_status() takes from 3 to 4 positional arguments but 5 were given
2025-09-21 21:08:33 | ERROR    | src.bot:_update_market_data:323 - Failed to update market data for ETH/USDT: module 'pandas' has no attribute 'np'
2025-09-21 21:08:33 | WARNING  | src.strategies.grid_strategy:analyze:29 - No historical data for ETH/USDT
2025-09-21 21:08:33 | ERROR    | src.bot:_update_performance_metrics:488 - Failed to update performance metrics: DatabaseManager.update_bot_status() takes from 3 to 4 positional arguments but 5 were given
2025-09-21 21:08:39 | ERROR    | src.bot:_update_market_data:323 - Failed to update market data for ADA/USDT: module 'pandas' has no attribute 'np'
2025-09-21 21:08:39 | WARNING  | src.strategies.momentum_strategy:analyze:31 - No historical data for ADA/USDT
2025-09-21 21:08:39 | ERROR    | src.bot:_update_performance_metrics:488 - Failed to update performance metrics: DatabaseManager.update_bot_status() takes from 3 to 4 positional arguments but 5 were given
2025-09-21 21:08:42 | ERROR    | src.exchanges.binance_th_exchange:_make_request:106 - API request failed: API Error -1121: Invalid symbol.
2025-09-21 21:08:42 | ERROR    | src.exchanges.binance_th_exchange:get_ticker:161 - Failed to get Binance TH ticker for BTC/THB: API Error -1121: Invalid symbol.
2025-09-21 21:08:42 | ERROR    | src.bot:_update_market_data:323 - Failed to update market data for BTC/THB: API Error -1121: Invalid symbol.
2025-09-21 21:08:42 | WARNING  | src.strategies.grid_strategy:analyze:29 - No historical data for BTC/THB
2025-09-21 21:08:42 | ERROR    | src.bot:_update_performance_metrics:488 - Failed to update performance metrics: DatabaseManager.update_bot_status() takes from 3 to 4 positional arguments but 5 were given
2025-09-21 21:08:42 | ERROR    | src.exchanges.binance_th_exchange:_make_request:106 - API request failed: API Error -1121: Invalid symbol.
2025-09-21 21:08:42 | ERROR    | src.exchanges.binance_th_exchange:get_ticker:161 - Failed to get Binance TH ticker for ETH/THB: API Error -1121: Invalid symbol.
2025-09-21 21:08:42 | ERROR    | src.bot:_update_market_data:323 - Failed to update market data for ETH/THB: API Error -1121: Invalid symbol.
2025-09-21 21:08:42 | WARNING  | src.strategies.momentum_strategy:analyze:31 - No historical data for ETH/THB
2025-09-21 21:08:42 | ERROR    | src.bot:_update_performance_metrics:488 - Failed to update performance metrics: DatabaseManager.update_bot_status() takes from 3 to 4 positional arguments but 5 were given
2025-09-21 21:08:54 | INFO     | src.database:update_bot_status:189 - Bot d670f5bd-d334-4228-bf10-930decd14a31 status updated to running
2025-09-21 21:08:54 | INFO     | src.database:insert_bot_metrics:228 - Bot metrics inserted for d670f5bd-d334-4228-bf10-930decd14a31
2025-09-21 21:08:57 | INFO     | src.database:update_bot_status:189 - Bot 4de519c6-7379-44d9-8df2-9f4c941d1d3b status updated to running
2025-09-21 21:08:57 | INFO     | src.database:insert_bot_metrics:228 - Bot metrics inserted for 4de519c6-7379-44d9-8df2-9f4c941d1d3b
2025-09-21 21:09:01 | INFO     | src.database:update_bot_status:189 - Bot 3bd54ecf-276a-4de4-bdc5-891fc5ba8ee0 status updated to running
2025-09-21 21:09:01 | INFO     | src.database:insert_bot_metrics:228 - Bot metrics inserted for 3bd54ecf-276a-4de4-bdc5-891fc5ba8ee0
2025-09-21 21:09:09 | INFO     | src.database:update_bot_status:189 - Bot 3050619d-c54b-49ba-a4f4-e328aba8a227 status updated to running
2025-09-21 21:09:09 | INFO     | src.database:insert_bot_metrics:228 - Bot metrics inserted for 3050619d-c54b-49ba-a4f4-e328aba8a227
2025-09-21 21:09:25 | INFO     | src.database:update_bot_status:189 - Bot 53834af7-09d6-4312-b695-b1858adc10f5 status updated to running
2025-09-21 21:09:25 | INFO     | src.database:insert_bot_metrics:228 - Bot metrics inserted for 53834af7-09d6-4312-b695-b1858adc10f5
2025-09-21 21:09:34 | ERROR    | src.bot:_update_market_data:323 - Failed to update market data for BTC/USDT: module 'pandas' has no attribute 'np'
2025-09-21 21:09:34 | WARNING  | src.strategies.grid_strategy:analyze:29 - No historical data for BTC/USDT
2025-09-21 21:09:34 | ERROR    | src.bot:_update_performance_metrics:488 - Failed to update performance metrics: DatabaseManager.update_bot_status() takes from 3 to 4 positional arguments but 5 were given
2025-09-21 21:09:35 | ERROR    | src.bot:_update_market_data:323 - Failed to update market data for ETH/USDT: module 'pandas' has no attribute 'np'
2025-09-21 21:09:35 | WARNING  | src.strategies.grid_strategy:analyze:29 - No historical data for ETH/USDT
2025-09-21 21:09:35 | ERROR    | src.bot:_update_performance_metrics:488 - Failed to update performance metrics: DatabaseManager.update_bot_status() takes from 3 to 4 positional arguments but 5 were given
2025-09-21 21:09:40 | ERROR    | src.bot:_update_market_data:323 - Failed to update market data for ADA/USDT: module 'pandas' has no attribute 'np'
2025-09-21 21:09:40 | WARNING  | src.strategies.momentum_strategy:analyze:31 - No historical data for ADA/USDT
2025-09-21 21:09:40 | ERROR    | src.bot:_update_performance_metrics:488 - Failed to update performance metrics: DatabaseManager.update_bot_status() takes from 3 to 4 positional arguments but 5 were given
2025-09-21 21:09:43 | ERROR    | src.exchanges.binance_th_exchange:_make_request:106 - API request failed: API Error -1121: Invalid symbol.
2025-09-21 21:09:43 | ERROR    | src.exchanges.binance_th_exchange:get_ticker:161 - Failed to get Binance TH ticker for BTC/THB: API Error -1121: Invalid symbol.
2025-09-21 21:09:43 | ERROR    | src.bot:_update_market_data:323 - Failed to update market data for BTC/THB: API Error -1121: Invalid symbol.
2025-09-21 21:09:43 | WARNING  | src.strategies.grid_strategy:analyze:29 - No historical data for BTC/THB
2025-09-21 21:09:43 | ERROR    | src.bot:_update_performance_metrics:488 - Failed to update performance metrics: DatabaseManager.update_bot_status() takes from 3 to 4 positional arguments but 5 were given
2025-09-21 21:09:44 | ERROR    | src.exchanges.binance_th_exchange:_make_request:106 - API request failed: API Error -1121: Invalid symbol.
2025-09-21 21:09:44 | ERROR    | src.exchanges.binance_th_exchange:get_ticker:161 - Failed to get Binance TH ticker for ETH/THB: API Error -1121: Invalid symbol.
2025-09-21 21:09:44 | ERROR    | src.bot:_update_market_data:323 - Failed to update market data for ETH/THB: API Error -1121: Invalid symbol.
2025-09-21 21:09:44 | WARNING  | src.strategies.momentum_strategy:analyze:31 - No historical data for ETH/THB
2025-09-21 21:09:44 | ERROR    | src.bot:_update_performance_metrics:488 - Failed to update performance metrics: DatabaseManager.update_bot_status() takes from 3 to 4 positional arguments but 5 were given
2025-09-21 21:09:56 | INFO     | src.database:update_bot_status:189 - Bot d670f5bd-d334-4228-bf10-930decd14a31 status updated to running
2025-09-21 21:09:57 | INFO     | src.database:insert_bot_metrics:228 - Bot metrics inserted for d670f5bd-d334-4228-bf10-930decd14a31
2025-09-21 21:09:58 | INFO     | src.database:update_bot_status:189 - Bot 4de519c6-7379-44d9-8df2-9f4c941d1d3b status updated to running
2025-09-21 21:09:58 | INFO     | src.database:insert_bot_metrics:228 - Bot metrics inserted for 4de519c6-7379-44d9-8df2-9f4c941d1d3b
2025-09-21 21:10:02 | INFO     | src.database:update_bot_status:189 - Bot 3bd54ecf-276a-4de4-bdc5-891fc5ba8ee0 status updated to running
2025-09-21 21:10:02 | INFO     | src.database:insert_bot_metrics:228 - Bot metrics inserted for 3bd54ecf-276a-4de4-bdc5-891fc5ba8ee0
2025-09-21 21:10:10 | INFO     | src.database:update_bot_status:189 - Bot 3050619d-c54b-49ba-a4f4-e328aba8a227 status updated to running
2025-09-21 21:10:10 | INFO     | src.database:insert_bot_metrics:228 - Bot metrics inserted for 3050619d-c54b-49ba-a4f4-e328aba8a227
2025-09-21 21:10:27 | INFO     | src.database:update_bot_status:189 - Bot 53834af7-09d6-4312-b695-b1858adc10f5 status updated to running
2025-09-21 21:10:27 | INFO     | src.database:insert_bot_metrics:228 - Bot metrics inserted for 53834af7-09d6-4312-b695-b1858adc10f5
2025-09-21 21:10:36 | ERROR    | src.bot:_update_market_data:323 - Failed to update market data for ETH/USDT: module 'pandas' has no attribute 'np'
2025-09-21 21:10:36 | WARNING  | src.strategies.grid_strategy:analyze:29 - No historical data for ETH/USDT
2025-09-21 21:10:36 | ERROR    | src.bot:_update_performance_metrics:488 - Failed to update performance metrics: DatabaseManager.update_bot_status() takes from 3 to 4 positional arguments but 5 were given
2025-09-21 21:10:36 | ERROR    | src.bot:_update_market_data:323 - Failed to update market data for BTC/USDT: module 'pandas' has no attribute 'np'
2025-09-21 21:10:36 | WARNING  | src.strategies.grid_strategy:analyze:29 - No historical data for BTC/USDT
2025-09-21 21:10:36 | ERROR    | src.bot:_update_performance_metrics:488 - Failed to update performance metrics: DatabaseManager.update_bot_status() takes from 3 to 4 positional arguments but 5 were given
2025-09-21 21:10:41 | ERROR    | src.bot:_update_market_data:323 - Failed to update market data for ADA/USDT: module 'pandas' has no attribute 'np'
2025-09-21 21:10:41 | WARNING  | src.strategies.momentum_strategy:analyze:31 - No historical data for ADA/USDT
2025-09-21 21:10:41 | ERROR    | src.bot:_update_performance_metrics:488 - Failed to update performance metrics: DatabaseManager.update_bot_status() takes from 3 to 4 positional arguments but 5 were given
2025-09-21 21:10:44 | ERROR    | src.exchanges.binance_th_exchange:_make_request:106 - API request failed: API Error -1121: Invalid symbol.
2025-09-21 21:10:44 | ERROR    | src.exchanges.binance_th_exchange:get_ticker:161 - Failed to get Binance TH ticker for BTC/THB: API Error -1121: Invalid symbol.
2025-09-21 21:10:44 | ERROR    | src.bot:_update_market_data:323 - Failed to update market data for BTC/THB: API Error -1121: Invalid symbol.
2025-09-21 21:10:44 | WARNING  | src.strategies.grid_strategy:analyze:29 - No historical data for BTC/THB
2025-09-21 21:10:44 | ERROR    | src.bot:_update_performance_metrics:488 - Failed to update performance metrics: DatabaseManager.update_bot_status() takes from 3 to 4 positional arguments but 5 were given
2025-09-21 21:10:46 | ERROR    | src.exchanges.binance_th_exchange:_make_request:106 - API request failed: API Error -1121: Invalid symbol.
2025-09-21 21:10:46 | ERROR    | src.exchanges.binance_th_exchange:get_ticker:161 - Failed to get Binance TH ticker for ETH/THB: API Error -1121: Invalid symbol.
2025-09-21 21:10:46 | ERROR    | src.bot:_update_market_data:323 - Failed to update market data for ETH/THB: API Error -1121: Invalid symbol.
2025-09-21 21:10:46 | WARNING  | src.strategies.momentum_strategy:analyze:31 - No historical data for ETH/THB
2025-09-21 21:10:46 | ERROR    | src.bot:_update_performance_metrics:488 - Failed to update performance metrics: DatabaseManager.update_bot_status() takes from 3 to 4 positional arguments but 5 were given
2025-09-21 21:10:58 | INFO     | src.database:update_bot_status:189 - Bot d670f5bd-d334-4228-bf10-930decd14a31 status updated to running
2025-09-21 21:10:58 | INFO     | src.database:insert_bot_metrics:228 - Bot metrics inserted for d670f5bd-d334-4228-bf10-930decd14a31
2025-09-21 21:11:00 | INFO     | src.database:update_bot_status:189 - Bot 4de519c6-7379-44d9-8df2-9f4c941d1d3b status updated to running
2025-09-21 21:11:00 | INFO     | src.database:insert_bot_metrics:228 - Bot metrics inserted for 4de519c6-7379-44d9-8df2-9f4c941d1d3b
2025-09-21 21:11:04 | INFO     | src.database:update_bot_status:189 - Bot 3bd54ecf-276a-4de4-bdc5-891fc5ba8ee0 status updated to running
2025-09-21 21:11:04 | INFO     | src.database:insert_bot_metrics:228 - Bot metrics inserted for 3bd54ecf-276a-4de4-bdc5-891fc5ba8ee0
2025-09-21 21:11:12 | INFO     | src.database:update_bot_status:189 - Bot 3050619d-c54b-49ba-a4f4-e328aba8a227 status updated to running
2025-09-21 21:11:12 | INFO     | src.database:insert_bot_metrics:228 - Bot metrics inserted for 3050619d-c54b-49ba-a4f4-e328aba8a227
2025-09-21 21:11:28 | INFO     | src.bot:_execute_signal:346 - Executing buy signal for ETH/USDT at $4476.0600
2025-09-21 21:11:29 | ERROR    | src.exchanges.binance_th_exchange:_make_request:106 - API request failed: API Error -1111: Parameter 'quantity' has too much precision.
2025-09-21 21:11:29 | ERROR    | src.exchanges.binance_th_exchange:place_order:211 - Failed to place order on Binance TH: API Error -1111: Parameter 'quantity' has too much precision.
2025-09-21 21:11:29 | ERROR    | src.bot:_execute_signal:397 - Failed to execute signal for ETH/USDT: API Error -1111: Parameter 'quantity' has too much precision.
2025-09-21 21:11:30 | INFO     | src.database:update_bot_status:189 - Bot 53834af7-09d6-4312-b695-b1858adc10f5 status updated to running
2025-09-21 21:11:30 | INFO     | src.database:insert_bot_metrics:228 - Bot metrics inserted for 53834af7-09d6-4312-b695-b1858adc10f5
2025-09-21 21:11:37 | ERROR    | src.bot:_update_market_data:323 - Failed to update market data for ETH/USDT: module 'pandas' has no attribute 'np'
2025-09-21 21:11:37 | WARNING  | src.strategies.grid_strategy:analyze:29 - No historical data for ETH/USDT
2025-09-21 21:11:37 | ERROR    | src.bot:_update_performance_metrics:488 - Failed to update performance metrics: DatabaseManager.update_bot_status() takes from 3 to 4 positional arguments but 5 were given
2025-09-21 21:11:37 | ERROR    | src.bot:_update_market_data:323 - Failed to update market data for BTC/USDT: module 'pandas' has no attribute 'np'
2025-09-21 21:11:37 | WARNING  | src.strategies.grid_strategy:analyze:29 - No historical data for BTC/USDT
2025-09-21 21:11:37 | ERROR    | src.bot:_update_performance_metrics:488 - Failed to update performance metrics: DatabaseManager.update_bot_status() takes from 3 to 4 positional arguments but 5 were given
2025-09-21 21:11:43 | ERROR    | src.bot:_update_market_data:323 - Failed to update market data for ADA/USDT: module 'pandas' has no attribute 'np'
2025-09-21 21:11:43 | WARNING  | src.strategies.momentum_strategy:analyze:31 - No historical data for ADA/USDT
2025-09-21 21:11:43 | ERROR    | src.bot:_update_performance_metrics:488 - Failed to update performance metrics: DatabaseManager.update_bot_status() takes from 3 to 4 positional arguments but 5 were given
2025-09-21 21:11:46 | ERROR    | src.exchanges.binance_th_exchange:_make_request:106 - API request failed: API Error -1121: Invalid symbol.
2025-09-21 21:11:46 | ERROR    | src.exchanges.binance_th_exchange:get_ticker:161 - Failed to get Binance TH ticker for BTC/THB: API Error -1121: Invalid symbol.
2025-09-21 21:11:46 | ERROR    | src.bot:_update_market_data:323 - Failed to update market data for BTC/THB: API Error -1121: Invalid symbol.
2025-09-21 21:11:46 | WARNING  | src.strategies.grid_strategy:analyze:29 - No historical data for BTC/THB
2025-09-21 21:11:46 | ERROR    | src.bot:_update_performance_metrics:488 - Failed to update performance metrics: DatabaseManager.update_bot_status() takes from 3 to 4 positional arguments but 5 were given
2025-09-21 21:11:47 | ERROR    | src.exchanges.binance_th_exchange:_make_request:106 - API request failed: API Error -1121: Invalid symbol.
2025-09-21 21:11:47 | ERROR    | src.exchanges.binance_th_exchange:get_ticker:161 - Failed to get Binance TH ticker for ETH/THB: API Error -1121: Invalid symbol.
2025-09-21 21:11:47 | ERROR    | src.bot:_update_market_data:323 - Failed to update market data for ETH/THB: API Error -1121: Invalid symbol.
2025-09-21 21:11:47 | WARNING  | src.strategies.momentum_strategy:analyze:31 - No historical data for ETH/THB
2025-09-21 21:11:47 | ERROR    | src.bot:_update_performance_metrics:488 - Failed to update performance metrics: DatabaseManager.update_bot_status() takes from 3 to 4 positional arguments but 5 were given
2025-09-21 21:12:01 | INFO     | src.database:update_bot_status:189 - Bot d670f5bd-d334-4228-bf10-930decd14a31 status updated to running
2025-09-21 21:12:01 | INFO     | src.database:insert_bot_metrics:228 - Bot metrics inserted for d670f5bd-d334-4228-bf10-930decd14a31
2025-09-21 21:12:01 | INFO     | src.database:update_bot_status:189 - Bot 4de519c6-7379-44d9-8df2-9f4c941d1d3b status updated to running
2025-09-21 21:12:01 | INFO     | src.database:insert_bot_metrics:228 - Bot metrics inserted for 4de519c6-7379-44d9-8df2-9f4c941d1d3b
2025-09-21 21:12:06 | INFO     | src.database:update_bot_status:189 - Bot 3bd54ecf-276a-4de4-bdc5-891fc5ba8ee0 status updated to running
2025-09-21 21:12:06 | INFO     | src.database:insert_bot_metrics:228 - Bot metrics inserted for 3bd54ecf-276a-4de4-bdc5-891fc5ba8ee0
2025-09-21 21:12:13 | INFO     | src.database:update_bot_status:189 - Bot 3050619d-c54b-49ba-a4f4-e328aba8a227 status updated to running
2025-09-21 21:12:13 | INFO     | src.database:insert_bot_metrics:228 - Bot metrics inserted for 3050619d-c54b-49ba-a4f4-e328aba8a227
2025-09-21 21:12:31 | INFO     | src.bot:_execute_signal:346 - Executing buy signal for ETH/USDT at $4478.2600
2025-09-21 21:12:32 | ERROR    | src.exchanges.binance_th_exchange:_make_request:106 - API request failed: API Error -1111: Parameter 'quantity' has too much precision.
2025-09-21 21:12:32 | ERROR    | src.exchanges.binance_th_exchange:place_order:211 - Failed to place order on Binance TH: API Error -1111: Parameter 'quantity' has too much precision.
2025-09-21 21:12:32 | ERROR    | src.bot:_execute_signal:397 - Failed to execute signal for ETH/USDT: API Error -1111: Parameter 'quantity' has too much precision.
2025-09-21 21:12:32 | INFO     | src.database:update_bot_status:189 - Bot 53834af7-09d6-4312-b695-b1858adc10f5 status updated to running
2025-09-21 21:12:32 | INFO     | src.database:insert_bot_metrics:228 - Bot metrics inserted for 53834af7-09d6-4312-b695-b1858adc10f5
2025-09-21 21:12:38 | ERROR    | src.bot:_update_market_data:323 - Failed to update market data for ETH/USDT: module 'pandas' has no attribute 'np'
2025-09-21 21:12:38 | WARNING  | src.strategies.grid_strategy:analyze:29 - No historical data for ETH/USDT
2025-09-21 21:12:38 | ERROR    | src.bot:_update_performance_metrics:488 - Failed to update performance metrics: DatabaseManager.update_bot_status() takes from 3 to 4 positional arguments but 5 were given
2025-09-21 21:12:38 | ERROR    | src.bot:_update_market_data:323 - Failed to update market data for BTC/USDT: module 'pandas' has no attribute 'np'
2025-09-21 21:12:38 | WARNING  | src.strategies.grid_strategy:analyze:29 - No historical data for BTC/USDT
2025-09-21 21:12:38 | ERROR    | src.bot:_update_performance_metrics:488 - Failed to update performance metrics: DatabaseManager.update_bot_status() takes from 3 to 4 positional arguments but 5 were given
2025-09-21 21:12:44 | ERROR    | src.bot:_update_market_data:323 - Failed to update market data for ADA/USDT: module 'pandas' has no attribute 'np'
2025-09-21 21:12:44 | WARNING  | src.strategies.momentum_strategy:analyze:31 - No historical data for ADA/USDT
2025-09-21 21:12:44 | ERROR    | src.bot:_update_performance_metrics:488 - Failed to update performance metrics: DatabaseManager.update_bot_status() takes from 3 to 4 positional arguments but 5 were given
2025-09-21 21:12:48 | ERROR    | src.exchanges.binance_th_exchange:_make_request:106 - API request failed: API Error -1121: Invalid symbol.
2025-09-21 21:12:48 | ERROR    | src.exchanges.binance_th_exchange:get_ticker:161 - Failed to get Binance TH ticker for ETH/THB: API Error -1121: Invalid symbol.
2025-09-21 21:12:48 | ERROR    | src.bot:_update_market_data:323 - Failed to update market data for ETH/THB: API Error -1121: Invalid symbol.
2025-09-21 21:12:48 | WARNING  | src.strategies.momentum_strategy:analyze:31 - No historical data for ETH/THB
2025-09-21 21:12:48 | ERROR    | src.bot:_update_performance_metrics:488 - Failed to update performance metrics: DatabaseManager.update_bot_status() takes from 3 to 4 positional arguments but 5 were given
2025-09-21 21:12:48 | ERROR    | src.exchanges.binance_th_exchange:_make_request:106 - API request failed: API Error -1121: Invalid symbol.
2025-09-21 21:12:48 | ERROR    | src.exchanges.binance_th_exchange:get_ticker:161 - Failed to get Binance TH ticker for BTC/THB: API Error -1121: Invalid symbol.
2025-09-21 21:12:48 | ERROR    | src.bot:_update_market_data:323 - Failed to update market data for BTC/THB: API Error -1121: Invalid symbol.
2025-09-21 21:12:48 | WARNING  | src.strategies.grid_strategy:analyze:29 - No historical data for BTC/THB
2025-09-21 21:12:48 | ERROR    | src.bot:_update_performance_metrics:488 - Failed to update performance metrics: DatabaseManager.update_bot_status() takes from 3 to 4 positional arguments but 5 were given
2025-09-21 21:13:02 | INFO     | src.database:update_bot_status:189 - Bot d670f5bd-d334-4228-bf10-930decd14a31 status updated to running
2025-09-21 21:13:02 | INFO     | src.database:insert_bot_metrics:228 - Bot metrics inserted for d670f5bd-d334-4228-bf10-930decd14a31
2025-09-21 21:13:03 | INFO     | src.database:update_bot_status:189 - Bot 4de519c6-7379-44d9-8df2-9f4c941d1d3b status updated to running
2025-09-21 21:13:03 | INFO     | src.database:insert_bot_metrics:228 - Bot metrics inserted for 4de519c6-7379-44d9-8df2-9f4c941d1d3b
2025-09-21 21:13:08 | INFO     | src.database:update_bot_status:189 - Bot 3bd54ecf-276a-4de4-bdc5-891fc5ba8ee0 status updated to running
2025-09-21 21:13:08 | INFO     | src.database:insert_bot_metrics:228 - Bot metrics inserted for 3bd54ecf-276a-4de4-bdc5-891fc5ba8ee0
2025-09-21 21:13:14 | INFO     | src.database:update_bot_status:189 - Bot 3050619d-c54b-49ba-a4f4-e328aba8a227 status updated to running
2025-09-21 21:13:15 | INFO     | src.database:insert_bot_metrics:228 - Bot metrics inserted for 3050619d-c54b-49ba-a4f4-e328aba8a227
2025-09-21 21:13:34 | INFO     | src.bot:_execute_signal:346 - Executing buy signal for ETH/USDT at $4478.2700
2025-09-21 21:13:35 | ERROR    | src.exchanges.binance_th_exchange:_make_request:106 - API request failed: API Error -1111: Parameter 'quantity' has too much precision.
2025-09-21 21:13:35 | ERROR    | src.exchanges.binance_th_exchange:place_order:211 - Failed to place order on Binance TH: API Error -1111: Parameter 'quantity' has too much precision.
2025-09-21 21:13:35 | ERROR    | src.bot:_execute_signal:397 - Failed to execute signal for ETH/USDT: API Error -1111: Parameter 'quantity' has too much precision.
2025-09-21 21:13:36 | INFO     | src.database:update_bot_status:189 - Bot 53834af7-09d6-4312-b695-b1858adc10f5 status updated to running
2025-09-21 21:13:36 | INFO     | src.database:insert_bot_metrics:228 - Bot metrics inserted for 53834af7-09d6-4312-b695-b1858adc10f5
2025-09-21 21:13:40 | ERROR    | src.bot:_update_market_data:323 - Failed to update market data for ETH/USDT: module 'pandas' has no attribute 'np'
2025-09-21 21:13:40 | WARNING  | src.strategies.grid_strategy:analyze:29 - No historical data for ETH/USDT
2025-09-21 21:13:40 | ERROR    | src.bot:_update_performance_metrics:488 - Failed to update performance metrics: DatabaseManager.update_bot_status() takes from 3 to 4 positional arguments but 5 were given
2025-09-21 21:13:40 | ERROR    | src.bot:_update_market_data:323 - Failed to update market data for BTC/USDT: module 'pandas' has no attribute 'np'
2025-09-21 21:13:40 | WARNING  | src.strategies.grid_strategy:analyze:29 - No historical data for BTC/USDT
2025-09-21 21:13:40 | ERROR    | src.bot:_update_performance_metrics:488 - Failed to update performance metrics: DatabaseManager.update_bot_status() takes from 3 to 4 positional arguments but 5 were given
2025-09-21 21:13:46 | ERROR    | src.bot:_update_market_data:323 - Failed to update market data for ADA/USDT: module 'pandas' has no attribute 'np'
2025-09-21 21:13:46 | WARNING  | src.strategies.momentum_strategy:analyze:31 - No historical data for ADA/USDT
2025-09-21 21:13:46 | ERROR    | src.bot:_update_performance_metrics:488 - Failed to update performance metrics: DatabaseManager.update_bot_status() takes from 3 to 4 positional arguments but 5 were given
2025-09-21 21:13:49 | ERROR    | src.exchanges.binance_th_exchange:_make_request:106 - API request failed: API Error -1121: Invalid symbol.
2025-09-21 21:13:49 | ERROR    | src.exchanges.binance_th_exchange:get_ticker:161 - Failed to get Binance TH ticker for ETH/THB: API Error -1121: Invalid symbol.
2025-09-21 21:13:49 | ERROR    | src.bot:_update_market_data:323 - Failed to update market data for ETH/THB: API Error -1121: Invalid symbol.
2025-09-21 21:13:49 | WARNING  | src.strategies.momentum_strategy:analyze:31 - No historical data for ETH/THB
2025-09-21 21:13:49 | ERROR    | src.bot:_update_performance_metrics:488 - Failed to update performance metrics: DatabaseManager.update_bot_status() takes from 3 to 4 positional arguments but 5 were given
2025-09-21 21:13:50 | ERROR    | src.exchanges.binance_th_exchange:_make_request:106 - API request failed: API Error -1121: Invalid symbol.
2025-09-21 21:13:50 | ERROR    | src.exchanges.binance_th_exchange:get_ticker:161 - Failed to get Binance TH ticker for BTC/THB: API Error -1121: Invalid symbol.
2025-09-21 21:13:50 | ERROR    | src.bot:_update_market_data:323 - Failed to update market data for BTC/THB: API Error -1121: Invalid symbol.
2025-09-21 21:13:50 | WARNING  | src.strategies.grid_strategy:analyze:29 - No historical data for BTC/THB
2025-09-21 21:13:50 | ERROR    | src.bot:_update_performance_metrics:488 - Failed to update performance metrics: DatabaseManager.update_bot_status() takes from 3 to 4 positional arguments but 5 were given
2025-09-21 21:14:03 | INFO     | src.database:update_bot_status:189 - Bot d670f5bd-d334-4228-bf10-930decd14a31 status updated to running
2025-09-21 21:14:03 | INFO     | src.database:insert_bot_metrics:228 - Bot metrics inserted for d670f5bd-d334-4228-bf10-930decd14a31
2025-09-21 21:14:04 | INFO     | src.database:update_bot_status:189 - Bot 4de519c6-7379-44d9-8df2-9f4c941d1d3b status updated to running
2025-09-21 21:14:04 | INFO     | src.database:insert_bot_metrics:228 - Bot metrics inserted for 4de519c6-7379-44d9-8df2-9f4c941d1d3b
2025-09-21 21:14:10 | INFO     | src.database:update_bot_status:189 - Bot 3bd54ecf-276a-4de4-bdc5-891fc5ba8ee0 status updated to running
2025-09-21 21:14:10 | INFO     | src.database:insert_bot_metrics:228 - Bot metrics inserted for 3bd54ecf-276a-4de4-bdc5-891fc5ba8ee0
2025-09-21 21:14:16 | INFO     | src.database:update_bot_status:189 - Bot 3050619d-c54b-49ba-a4f4-e328aba8a227 status updated to running
2025-09-21 21:14:16 | INFO     | src.database:insert_bot_metrics:228 - Bot metrics inserted for 3050619d-c54b-49ba-a4f4-e328aba8a227
2025-09-21 21:14:38 | INFO     | src.database:update_bot_status:189 - Bot 53834af7-09d6-4312-b695-b1858adc10f5 status updated to running
2025-09-21 21:14:38 | INFO     | src.database:insert_bot_metrics:228 - Bot metrics inserted for 53834af7-09d6-4312-b695-b1858adc10f5
2025-09-21 21:14:41 | ERROR    | src.bot:_update_market_data:323 - Failed to update market data for ETH/USDT: module 'pandas' has no attribute 'np'
2025-09-21 21:14:41 | WARNING  | src.strategies.grid_strategy:analyze:29 - No historical data for ETH/USDT
2025-09-21 21:14:41 | ERROR    | src.bot:_update_performance_metrics:488 - Failed to update performance metrics: DatabaseManager.update_bot_status() takes from 3 to 4 positional arguments but 5 were given
2025-09-21 21:14:42 | ERROR    | src.bot:_update_market_data:323 - Failed to update market data for BTC/USDT: module 'pandas' has no attribute 'np'
2025-09-21 21:14:42 | WARNING  | src.strategies.grid_strategy:analyze:29 - No historical data for BTC/USDT
2025-09-21 21:14:42 | ERROR    | src.bot:_update_performance_metrics:488 - Failed to update performance metrics: DatabaseManager.update_bot_status() takes from 3 to 4 positional arguments but 5 were given
2025-09-21 21:14:47 | ERROR    | src.bot:_update_market_data:323 - Failed to update market data for ADA/USDT: module 'pandas' has no attribute 'np'
2025-09-21 21:14:47 | WARNING  | src.strategies.momentum_strategy:analyze:31 - No historical data for ADA/USDT
2025-09-21 21:14:47 | ERROR    | src.bot:_update_performance_metrics:488 - Failed to update performance metrics: DatabaseManager.update_bot_status() takes from 3 to 4 positional arguments but 5 were given
2025-09-21 21:14:51 | ERROR    | src.exchanges.binance_th_exchange:_make_request:106 - API request failed: API Error -1121: Invalid symbol.
2025-09-21 21:14:51 | ERROR    | src.exchanges.binance_th_exchange:get_ticker:161 - Failed to get Binance TH ticker for ETH/THB: API Error -1121: Invalid symbol.
2025-09-21 21:14:51 | ERROR    | src.bot:_update_market_data:323 - Failed to update market data for ETH/THB: API Error -1121: Invalid symbol.
2025-09-21 21:14:51 | WARNING  | src.strategies.momentum_strategy:analyze:31 - No historical data for ETH/THB
2025-09-21 21:14:51 | ERROR    | src.bot:_update_performance_metrics:488 - Failed to update performance metrics: DatabaseManager.update_bot_status() takes from 3 to 4 positional arguments but 5 were given
2025-09-21 21:14:52 | ERROR    | src.exchanges.binance_th_exchange:_make_request:106 - API request failed: API Error -1121: Invalid symbol.
2025-09-21 21:14:52 | ERROR    | src.exchanges.binance_th_exchange:get_ticker:161 - Failed to get Binance TH ticker for BTC/THB: API Error -1121: Invalid symbol.
2025-09-21 21:14:52 | ERROR    | src.bot:_update_market_data:323 - Failed to update market data for BTC/THB: API Error -1121: Invalid symbol.
2025-09-21 21:14:52 | WARNING  | src.strategies.grid_strategy:analyze:29 - No historical data for BTC/THB
2025-09-21 21:14:52 | ERROR    | src.bot:_update_performance_metrics:488 - Failed to update performance metrics: DatabaseManager.update_bot_status() takes from 3 to 4 positional arguments but 5 were given
2025-09-21 21:15:05 | INFO     | src.database:update_bot_status:189 - Bot d670f5bd-d334-4228-bf10-930decd14a31 status updated to running
2025-09-21 21:15:05 | INFO     | src.database:insert_bot_metrics:228 - Bot metrics inserted for d670f5bd-d334-4228-bf10-930decd14a31
2025-09-21 21:15:05 | INFO     | src.database:update_bot_status:189 - Bot 4de519c6-7379-44d9-8df2-9f4c941d1d3b status updated to running
2025-09-21 21:15:06 | INFO     | src.database:insert_bot_metrics:228 - Bot metrics inserted for 4de519c6-7379-44d9-8df2-9f4c941d1d3b
2025-09-21 21:15:11 | INFO     | src.database:update_bot_status:189 - Bot 3bd54ecf-276a-4de4-bdc5-891fc5ba8ee0 status updated to running
2025-09-21 21:15:12 | INFO     | src.database:insert_bot_metrics:228 - Bot metrics inserted for 3bd54ecf-276a-4de4-bdc5-891fc5ba8ee0
2025-09-21 21:15:18 | INFO     | src.bot:_execute_signal:346 - Executing buy signal for ADA/USDT at $0.8880
2025-09-21 21:15:19 | ERROR    | src.exchanges.binance_exchange:get_balance:69 - Failed to get Binance balance: binance {"code":-2014,"msg":"API-key format invalid."}
2025-09-21 21:15:20 | ERROR    | src.exchanges.binance_exchange:place_order:119 - Failed to place Binance order: binance {"code":-2014,"msg":"API-key format invalid."}
2025-09-21 21:15:20 | ERROR    | src.bot:_execute_signal:397 - Failed to execute signal for ADA/USDT: binance {"code":-2014,"msg":"API-key format invalid."}
2025-09-21 21:15:20 | INFO     | src.database:update_bot_status:189 - Bot 3050619d-c54b-49ba-a4f4-e328aba8a227 status updated to running
2025-09-21 21:15:20 | INFO     | src.database:insert_bot_metrics:228 - Bot metrics inserted for 3050619d-c54b-49ba-a4f4-e328aba8a227
2025-09-21 21:15:40 | INFO     | src.bot:_execute_signal:346 - Executing buy signal for ETH/USDT at $4477.9400
2025-09-21 21:15:41 | ERROR    | src.exchanges.binance_th_exchange:_make_request:106 - API request failed: API Error -1111: Parameter 'quantity' has too much precision.
2025-09-21 21:15:41 | ERROR    | src.exchanges.binance_th_exchange:place_order:211 - Failed to place order on Binance TH: API Error -1111: Parameter 'quantity' has too much precision.
2025-09-21 21:15:41 | ERROR    | src.bot:_execute_signal:397 - Failed to execute signal for ETH/USDT: API Error -1111: Parameter 'quantity' has too much precision.
2025-09-21 21:15:41 | INFO     | src.database:update_bot_status:189 - Bot 53834af7-09d6-4312-b695-b1858adc10f5 status updated to running
2025-09-21 21:15:41 | INFO     | src.database:insert_bot_metrics:228 - Bot metrics inserted for 53834af7-09d6-4312-b695-b1858adc10f5
2025-09-21 21:15:42 | ERROR    | src.bot:_update_market_data:323 - Failed to update market data for ETH/USDT: module 'pandas' has no attribute 'np'
2025-09-21 21:15:42 | WARNING  | src.strategies.grid_strategy:analyze:29 - No historical data for ETH/USDT
2025-09-21 21:15:42 | ERROR    | src.bot:_update_performance_metrics:488 - Failed to update performance metrics: DatabaseManager.update_bot_status() takes from 3 to 4 positional arguments but 5 were given
2025-09-21 21:15:43 | ERROR    | src.bot:_update_market_data:323 - Failed to update market data for BTC/USDT: module 'pandas' has no attribute 'np'
2025-09-21 21:15:43 | WARNING  | src.strategies.grid_strategy:analyze:29 - No historical data for BTC/USDT
2025-09-21 21:15:43 | ERROR    | src.bot:_update_performance_metrics:488 - Failed to update performance metrics: DatabaseManager.update_bot_status() takes from 3 to 4 positional arguments but 5 were given
2025-09-21 21:15:48 | ERROR    | src.bot:_update_market_data:323 - Failed to update market data for ADA/USDT: module 'pandas' has no attribute 'np'
2025-09-21 21:15:48 | WARNING  | src.strategies.momentum_strategy:analyze:31 - No historical data for ADA/USDT
2025-09-21 21:15:48 | ERROR    | src.bot:_update_performance_metrics:488 - Failed to update performance metrics: DatabaseManager.update_bot_status() takes from 3 to 4 positional arguments but 5 were given
2025-09-21 21:15:52 | ERROR    | src.exchanges.binance_th_exchange:_make_request:106 - API request failed: API Error -1121: Invalid symbol.
2025-09-21 21:15:52 | ERROR    | src.exchanges.binance_th_exchange:get_ticker:161 - Failed to get Binance TH ticker for ETH/THB: API Error -1121: Invalid symbol.
2025-09-21 21:15:52 | ERROR    | src.bot:_update_market_data:323 - Failed to update market data for ETH/THB: API Error -1121: Invalid symbol.
2025-09-21 21:15:52 | WARNING  | src.strategies.momentum_strategy:analyze:31 - No historical data for ETH/THB
2025-09-21 21:15:52 | ERROR    | src.bot:_update_performance_metrics:488 - Failed to update performance metrics: DatabaseManager.update_bot_status() takes from 3 to 4 positional arguments but 5 were given
2025-09-21 21:15:53 | ERROR    | src.exchanges.binance_th_exchange:_make_request:106 - API request failed: API Error -1121: Invalid symbol.
2025-09-21 21:15:53 | ERROR    | src.exchanges.binance_th_exchange:get_ticker:161 - Failed to get Binance TH ticker for BTC/THB: API Error -1121: Invalid symbol.
2025-09-21 21:15:53 | ERROR    | src.bot:_update_market_data:323 - Failed to update market data for BTC/THB: API Error -1121: Invalid symbol.
2025-09-21 21:15:53 | WARNING  | src.strategies.grid_strategy:analyze:29 - No historical data for BTC/THB
2025-09-21 21:15:53 | ERROR    | src.bot:_update_performance_metrics:488 - Failed to update performance metrics: DatabaseManager.update_bot_status() takes from 3 to 4 positional arguments but 5 were given
2025-09-21 21:16:07 | INFO     | src.database:update_bot_status:189 - Bot 4de519c6-7379-44d9-8df2-9f4c941d1d3b status updated to running
2025-09-21 21:16:07 | INFO     | src.database:insert_bot_metrics:228 - Bot metrics inserted for 4de519c6-7379-44d9-8df2-9f4c941d1d3b
2025-09-21 21:16:07 | INFO     | src.database:update_bot_status:189 - Bot d670f5bd-d334-4228-bf10-930decd14a31 status updated to running
2025-09-21 21:16:08 | INFO     | src.database:insert_bot_metrics:228 - Bot metrics inserted for d670f5bd-d334-4228-bf10-930decd14a31
2025-09-21 21:16:13 | INFO     | src.database:update_bot_status:189 - Bot 3bd54ecf-276a-4de4-bdc5-891fc5ba8ee0 status updated to running
2025-09-21 21:16:13 | INFO     | src.database:insert_bot_metrics:228 - Bot metrics inserted for 3bd54ecf-276a-4de4-bdc5-891fc5ba8ee0
2025-09-21 21:16:22 | INFO     | src.bot:_execute_signal:346 - Executing buy signal for ADA/USDT at $0.8880
2025-09-21 21:16:22 | ERROR    | src.exchanges.binance_exchange:get_balance:69 - Failed to get Binance balance: binance {"code":-2014,"msg":"API-key format invalid."}
2025-09-21 21:16:23 | ERROR    | src.exchanges.binance_exchange:place_order:119 - Failed to place Binance order: binance {"code":-2014,"msg":"API-key format invalid."}
2025-09-21 21:16:23 | ERROR    | src.bot:_execute_signal:397 - Failed to execute signal for ADA/USDT: binance {"code":-2014,"msg":"API-key format invalid."}
2025-09-21 21:16:23 | INFO     | src.database:update_bot_status:189 - Bot 3050619d-c54b-49ba-a4f4-e328aba8a227 status updated to running
2025-09-21 21:16:23 | INFO     | src.database:insert_bot_metrics:228 - Bot metrics inserted for 3050619d-c54b-49ba-a4f4-e328aba8a227
2025-09-21 21:16:43 | INFO     | src.bot:_execute_signal:346 - Executing buy signal for ETH/USDT at $4477.5400
2025-09-21 21:16:44 | ERROR    | src.exchanges.binance_th_exchange:_make_request:106 - API request failed: API Error -1111: Parameter 'quantity' has too much precision.
2025-09-21 21:16:44 | ERROR    | src.exchanges.binance_th_exchange:place_order:211 - Failed to place order on Binance TH: API Error -1111: Parameter 'quantity' has too much precision.
2025-09-21 21:16:44 | ERROR    | src.bot:_execute_signal:397 - Failed to execute signal for ETH/USDT: API Error -1111: Parameter 'quantity' has too much precision.
2025-09-21 21:16:44 | INFO     | src.database:update_bot_status:189 - Bot 53834af7-09d6-4312-b695-b1858adc10f5 status updated to running
2025-09-21 21:16:44 | INFO     | src.database:insert_bot_metrics:228 - Bot metrics inserted for 53834af7-09d6-4312-b695-b1858adc10f5
2025-09-21 21:16:44 | ERROR    | src.bot:_update_market_data:323 - Failed to update market data for ETH/USDT: module 'pandas' has no attribute 'np'
2025-09-21 21:16:44 | WARNING  | src.strategies.grid_strategy:analyze:29 - No historical data for ETH/USDT
2025-09-21 21:16:44 | ERROR    | src.bot:_update_performance_metrics:488 - Failed to update performance metrics: DatabaseManager.update_bot_status() takes from 3 to 4 positional arguments but 5 were given
2025-09-21 21:16:44 | ERROR    | src.bot:_update_market_data:323 - Failed to update market data for BTC/USDT: module 'pandas' has no attribute 'np'
2025-09-21 21:16:44 | WARNING  | src.strategies.grid_strategy:analyze:29 - No historical data for BTC/USDT
2025-09-21 21:16:44 | ERROR    | src.bot:_update_performance_metrics:488 - Failed to update performance metrics: DatabaseManager.update_bot_status() takes from 3 to 4 positional arguments but 5 were given
2025-09-21 21:16:50 | ERROR    | src.bot:_update_market_data:323 - Failed to update market data for ADA/USDT: module 'pandas' has no attribute 'np'
2025-09-21 21:16:50 | WARNING  | src.strategies.momentum_strategy:analyze:31 - No historical data for ADA/USDT
2025-09-21 21:16:50 | ERROR    | src.bot:_update_performance_metrics:488 - Failed to update performance metrics: DatabaseManager.update_bot_status() takes from 3 to 4 positional arguments but 5 were given
2025-09-21 21:16:54 | ERROR    | src.exchanges.binance_th_exchange:_make_request:106 - API request failed: API Error -1121: Invalid symbol.
2025-09-21 21:16:54 | ERROR    | src.exchanges.binance_th_exchange:get_ticker:161 - Failed to get Binance TH ticker for ETH/THB: API Error -1121: Invalid symbol.
2025-09-21 21:16:54 | ERROR    | src.bot:_update_market_data:323 - Failed to update market data for ETH/THB: API Error -1121: Invalid symbol.
2025-09-21 21:16:54 | WARNING  | src.strategies.momentum_strategy:analyze:31 - No historical data for ETH/THB
2025-09-21 21:16:54 | ERROR    | src.bot:_update_performance_metrics:488 - Failed to update performance metrics: DatabaseManager.update_bot_status() takes from 3 to 4 positional arguments but 5 were given
2025-09-21 21:16:55 | ERROR    | src.exchanges.binance_th_exchange:_make_request:106 - API request failed: API Error -1121: Invalid symbol.
2025-09-21 21:16:55 | ERROR    | src.exchanges.binance_th_exchange:get_ticker:161 - Failed to get Binance TH ticker for BTC/THB: API Error -1121: Invalid symbol.
2025-09-21 21:16:55 | ERROR    | src.bot:_update_market_data:323 - Failed to update market data for BTC/THB: API Error -1121: Invalid symbol.
2025-09-21 21:16:55 | WARNING  | src.strategies.grid_strategy:analyze:29 - No historical data for BTC/THB
2025-09-21 21:16:55 | ERROR    | src.bot:_update_performance_metrics:488 - Failed to update performance metrics: DatabaseManager.update_bot_status() takes from 3 to 4 positional arguments but 5 were given
2025-09-21 21:17:08 | INFO     | src.database:update_bot_status:189 - Bot 4de519c6-7379-44d9-8df2-9f4c941d1d3b status updated to running
2025-09-21 21:17:09 | INFO     | src.database:insert_bot_metrics:228 - Bot metrics inserted for 4de519c6-7379-44d9-8df2-9f4c941d1d3b
2025-09-21 21:17:09 | INFO     | src.database:update_bot_status:189 - Bot d670f5bd-d334-4228-bf10-930decd14a31 status updated to running
2025-09-21 21:17:09 | INFO     | src.database:insert_bot_metrics:228 - Bot metrics inserted for d670f5bd-d334-4228-bf10-930decd14a31
2025-09-21 21:17:15 | INFO     | src.database:update_bot_status:189 - Bot 3bd54ecf-276a-4de4-bdc5-891fc5ba8ee0 status updated to running
2025-09-21 21:17:15 | INFO     | src.database:insert_bot_metrics:228 - Bot metrics inserted for 3bd54ecf-276a-4de4-bdc5-891fc5ba8ee0
2025-09-21 21:17:24 | INFO     | src.database:update_bot_status:189 - Bot 3050619d-c54b-49ba-a4f4-e328aba8a227 status updated to running
2025-09-21 21:17:24 | INFO     | src.database:insert_bot_metrics:228 - Bot metrics inserted for 3050619d-c54b-49ba-a4f4-e328aba8a227
2025-09-21 21:17:45 | INFO     | src.bot:_execute_signal:346 - Executing buy signal for ETH/USDT at $4478.6700
2025-09-21 21:17:46 | ERROR    | src.bot:_update_market_data:323 - Failed to update market data for ETH/USDT: module 'pandas' has no attribute 'np'
2025-09-21 21:17:46 | WARNING  | src.strategies.grid_strategy:analyze:29 - No historical data for ETH/USDT
2025-09-21 21:17:46 | ERROR    | src.bot:_update_performance_metrics:488 - Failed to update performance metrics: DatabaseManager.update_bot_status() takes from 3 to 4 positional arguments but 5 were given
2025-09-21 21:17:46 | ERROR    | src.bot:_update_market_data:323 - Failed to update market data for BTC/USDT: module 'pandas' has no attribute 'np'
2025-09-21 21:17:46 | WARNING  | src.strategies.grid_strategy:analyze:29 - No historical data for BTC/USDT
2025-09-21 21:17:46 | ERROR    | src.bot:_update_performance_metrics:488 - Failed to update performance metrics: DatabaseManager.update_bot_status() takes from 3 to 4 positional arguments but 5 were given
2025-09-21 21:17:46 | ERROR    | src.exchanges.binance_th_exchange:_make_request:106 - API request failed: API Error -1111: Parameter 'quantity' has too much precision.
2025-09-21 21:17:46 | ERROR    | src.exchanges.binance_th_exchange:place_order:211 - Failed to place order on Binance TH: API Error -1111: Parameter 'quantity' has too much precision.
2025-09-21 21:17:46 | ERROR    | src.bot:_execute_signal:397 - Failed to execute signal for ETH/USDT: API Error -1111: Parameter 'quantity' has too much precision.
2025-09-21 21:17:47 | INFO     | src.database:update_bot_status:189 - Bot 53834af7-09d6-4312-b695-b1858adc10f5 status updated to running
2025-09-21 21:17:47 | INFO     | src.database:insert_bot_metrics:228 - Bot metrics inserted for 53834af7-09d6-4312-b695-b1858adc10f5
2025-09-21 21:17:51 | ERROR    | src.bot:_update_market_data:323 - Failed to update market data for ADA/USDT: module 'pandas' has no attribute 'np'
2025-09-21 21:17:51 | WARNING  | src.strategies.momentum_strategy:analyze:31 - No historical data for ADA/USDT
2025-09-21 21:17:51 | ERROR    | src.bot:_update_performance_metrics:488 - Failed to update performance metrics: DatabaseManager.update_bot_status() takes from 3 to 4 positional arguments but 5 were given
2025-09-21 21:17:55 | ERROR    | src.exchanges.binance_th_exchange:_make_request:106 - API request failed: API Error -1121: Invalid symbol.
2025-09-21 21:17:55 | ERROR    | src.exchanges.binance_th_exchange:get_ticker:161 - Failed to get Binance TH ticker for ETH/THB: API Error -1121: Invalid symbol.
2025-09-21 21:17:55 | ERROR    | src.bot:_update_market_data:323 - Failed to update market data for ETH/THB: API Error -1121: Invalid symbol.
2025-09-21 21:17:55 | WARNING  | src.strategies.momentum_strategy:analyze:31 - No historical data for ETH/THB
2025-09-21 21:17:55 | ERROR    | src.bot:_update_performance_metrics:488 - Failed to update performance metrics: DatabaseManager.update_bot_status() takes from 3 to 4 positional arguments but 5 were given
2025-09-21 21:17:56 | ERROR    | src.exchanges.binance_th_exchange:_make_request:106 - API request failed: API Error -1121: Invalid symbol.
2025-09-21 21:17:56 | ERROR    | src.exchanges.binance_th_exchange:get_ticker:161 - Failed to get Binance TH ticker for BTC/THB: API Error -1121: Invalid symbol.
2025-09-21 21:17:56 | ERROR    | src.bot:_update_market_data:323 - Failed to update market data for BTC/THB: API Error -1121: Invalid symbol.
2025-09-21 21:17:56 | WARNING  | src.strategies.grid_strategy:analyze:29 - No historical data for BTC/THB
2025-09-21 21:17:56 | ERROR    | src.bot:_update_performance_metrics:488 - Failed to update performance metrics: DatabaseManager.update_bot_status() takes from 3 to 4 positional arguments but 5 were given
2025-09-21 21:18:10 | INFO     | src.database:update_bot_status:189 - Bot 4de519c6-7379-44d9-8df2-9f4c941d1d3b status updated to running
2025-09-21 21:18:10 | INFO     | src.database:insert_bot_metrics:228 - Bot metrics inserted for 4de519c6-7379-44d9-8df2-9f4c941d1d3b
2025-09-21 21:18:10 | INFO     | src.database:update_bot_status:189 - Bot d670f5bd-d334-4228-bf10-930decd14a31 status updated to running
2025-09-21 21:18:10 | INFO     | src.database:insert_bot_metrics:228 - Bot metrics inserted for d670f5bd-d334-4228-bf10-930decd14a31
2025-09-21 21:18:16 | INFO     | src.database:update_bot_status:189 - Bot 3bd54ecf-276a-4de4-bdc5-891fc5ba8ee0 status updated to running
2025-09-21 21:18:16 | INFO     | src.database:insert_bot_metrics:228 - Bot metrics inserted for 3bd54ecf-276a-4de4-bdc5-891fc5ba8ee0
2025-09-21 21:18:26 | INFO     | src.database:update_bot_status:189 - Bot 3050619d-c54b-49ba-a4f4-e328aba8a227 status updated to running
2025-09-21 21:18:26 | INFO     | src.database:insert_bot_metrics:228 - Bot metrics inserted for 3050619d-c54b-49ba-a4f4-e328aba8a227
2025-09-21 21:18:47 | ERROR    | src.bot:_update_market_data:323 - Failed to update market data for BTC/USDT: module 'pandas' has no attribute 'np'
2025-09-21 21:18:47 | WARNING  | src.strategies.grid_strategy:analyze:29 - No historical data for BTC/USDT
2025-09-21 21:18:47 | ERROR    | src.bot:_update_performance_metrics:488 - Failed to update performance metrics: DatabaseManager.update_bot_status() takes from 3 to 4 positional arguments but 5 were given
2025-09-21 21:18:48 | ERROR    | src.bot:_update_market_data:323 - Failed to update market data for ETH/USDT: module 'pandas' has no attribute 'np'
2025-09-21 21:18:48 | WARNING  | src.strategies.grid_strategy:analyze:29 - No historical data for ETH/USDT
2025-09-21 21:18:48 | ERROR    | src.bot:_update_performance_metrics:488 - Failed to update performance metrics: DatabaseManager.update_bot_status() takes from 3 to 4 positional arguments but 5 were given
2025-09-21 21:18:49 | INFO     | src.bot:_execute_signal:346 - Executing buy signal for ETH/USDT at $4477.8900
2025-09-21 21:18:50 | ERROR    | src.exchanges.binance_th_exchange:_make_request:106 - API request failed: API Error -1111: Parameter 'quantity' has too much precision.
2025-09-21 21:18:50 | ERROR    | src.exchanges.binance_th_exchange:place_order:211 - Failed to place order on Binance TH: API Error -1111: Parameter 'quantity' has too much precision.
2025-09-21 21:18:50 | ERROR    | src.bot:_execute_signal:397 - Failed to execute signal for ETH/USDT: API Error -1111: Parameter 'quantity' has too much precision.
2025-09-21 21:18:50 | INFO     | src.database:update_bot_status:189 - Bot 53834af7-09d6-4312-b695-b1858adc10f5 status updated to running
2025-09-21 21:18:50 | INFO     | src.database:insert_bot_metrics:228 - Bot metrics inserted for 53834af7-09d6-4312-b695-b1858adc10f5
2025-09-21 21:18:53 | ERROR    | src.bot:_update_market_data:323 - Failed to update market data for ADA/USDT: module 'pandas' has no attribute 'np'
2025-09-21 21:18:53 | WARNING  | src.strategies.momentum_strategy:analyze:31 - No historical data for ADA/USDT
2025-09-21 21:18:53 | ERROR    | src.bot:_update_performance_metrics:488 - Failed to update performance metrics: DatabaseManager.update_bot_status() takes from 3 to 4 positional arguments but 5 were given
2025-09-21 21:18:57 | ERROR    | src.exchanges.binance_th_exchange:_make_request:106 - API request failed: API Error -1121: Invalid symbol.
2025-09-21 21:18:57 | ERROR    | src.exchanges.binance_th_exchange:get_ticker:161 - Failed to get Binance TH ticker for ETH/THB: API Error -1121: Invalid symbol.
2025-09-21 21:18:57 | ERROR    | src.bot:_update_market_data:323 - Failed to update market data for ETH/THB: API Error -1121: Invalid symbol.
2025-09-21 21:18:57 | WARNING  | src.strategies.momentum_strategy:analyze:31 - No historical data for ETH/THB
2025-09-21 21:18:57 | ERROR    | src.bot:_update_performance_metrics:488 - Failed to update performance metrics: DatabaseManager.update_bot_status() takes from 3 to 4 positional arguments but 5 were given
2025-09-21 21:18:58 | ERROR    | src.exchanges.binance_th_exchange:_make_request:106 - API request failed: API Error -1121: Invalid symbol.
2025-09-21 21:18:58 | ERROR    | src.exchanges.binance_th_exchange:get_ticker:161 - Failed to get Binance TH ticker for BTC/THB: API Error -1121: Invalid symbol.
2025-09-21 21:18:58 | ERROR    | src.bot:_update_market_data:323 - Failed to update market data for BTC/THB: API Error -1121: Invalid symbol.
2025-09-21 21:18:58 | WARNING  | src.strategies.grid_strategy:analyze:29 - No historical data for BTC/THB
2025-09-21 21:18:58 | ERROR    | src.bot:_update_performance_metrics:488 - Failed to update performance metrics: DatabaseManager.update_bot_status() takes from 3 to 4 positional arguments but 5 were given
2025-09-21 21:19:12 | INFO     | src.database:update_bot_status:189 - Bot 4de519c6-7379-44d9-8df2-9f4c941d1d3b status updated to running
2025-09-21 21:19:12 | INFO     | src.database:insert_bot_metrics:228 - Bot metrics inserted for 4de519c6-7379-44d9-8df2-9f4c941d1d3b
2025-09-21 21:19:13 | INFO     | src.database:update_bot_status:189 - Bot d670f5bd-d334-4228-bf10-930decd14a31 status updated to running
2025-09-21 21:19:13 | INFO     | src.database:insert_bot_metrics:228 - Bot metrics inserted for d670f5bd-d334-4228-bf10-930decd14a31
2025-09-21 21:19:20 | INFO     | src.database:update_bot_status:189 - Bot 3bd54ecf-276a-4de4-bdc5-891fc5ba8ee0 status updated to running
2025-09-21 21:19:20 | INFO     | src.database:insert_bot_metrics:228 - Bot metrics inserted for 3bd54ecf-276a-4de4-bdc5-891fc5ba8ee0
2025-09-21 21:19:28 | INFO     | src.database:update_bot_status:189 - Bot 3050619d-c54b-49ba-a4f4-e328aba8a227 status updated to running
2025-09-21 21:19:28 | INFO     | src.database:insert_bot_metrics:228 - Bot metrics inserted for 3050619d-c54b-49ba-a4f4-e328aba8a227
2025-09-21 21:19:49 | ERROR    | src.bot:_update_market_data:323 - Failed to update market data for BTC/USDT: module 'pandas' has no attribute 'np'
2025-09-21 21:19:49 | WARNING  | src.strategies.grid_strategy:analyze:29 - No historical data for BTC/USDT
2025-09-21 21:19:49 | ERROR    | src.bot:_update_performance_metrics:488 - Failed to update performance metrics: DatabaseManager.update_bot_status() takes from 3 to 4 positional arguments but 5 were given
2025-09-21 21:19:49 | ERROR    | src.bot:_update_market_data:323 - Failed to update market data for ETH/USDT: module 'pandas' has no attribute 'np'
2025-09-21 21:19:49 | WARNING  | src.strategies.grid_strategy:analyze:29 - No historical data for ETH/USDT
2025-09-21 21:19:49 | ERROR    | src.bot:_update_performance_metrics:488 - Failed to update performance metrics: DatabaseManager.update_bot_status() takes from 3 to 4 positional arguments but 5 were given
2025-09-21 21:19:51 | INFO     | src.bot:_execute_signal:346 - Executing buy signal for ETH/USDT at $4477.9300
2025-09-21 21:19:53 | ERROR    | src.exchanges.binance_th_exchange:_make_request:106 - API request failed: API Error -1111: Parameter 'quantity' has too much precision.
2025-09-21 21:19:53 | ERROR    | src.exchanges.binance_th_exchange:place_order:211 - Failed to place order on Binance TH: API Error -1111: Parameter 'quantity' has too much precision.
2025-09-21 21:19:53 | ERROR    | src.bot:_execute_signal:397 - Failed to execute signal for ETH/USDT: API Error -1111: Parameter 'quantity' has too much precision.
2025-09-21 21:19:53 | INFO     | src.database:update_bot_status:189 - Bot 53834af7-09d6-4312-b695-b1858adc10f5 status updated to running
2025-09-21 21:19:53 | INFO     | src.database:insert_bot_metrics:228 - Bot metrics inserted for 53834af7-09d6-4312-b695-b1858adc10f5
2025-09-21 21:19:54 | ERROR    | src.bot:_update_market_data:323 - Failed to update market data for ADA/USDT: module 'pandas' has no attribute 'np'
2025-09-21 21:19:54 | WARNING  | src.strategies.momentum_strategy:analyze:31 - No historical data for ADA/USDT
2025-09-21 21:19:54 | ERROR    | src.bot:_update_performance_metrics:488 - Failed to update performance metrics: DatabaseManager.update_bot_status() takes from 3 to 4 positional arguments but 5 were given
2025-09-21 21:19:58 | ERROR    | src.exchanges.binance_th_exchange:_make_request:106 - API request failed: API Error -1121: Invalid symbol.
2025-09-21 21:19:58 | ERROR    | src.exchanges.binance_th_exchange:get_ticker:161 - Failed to get Binance TH ticker for ETH/THB: API Error -1121: Invalid symbol.
2025-09-21 21:19:58 | ERROR    | src.bot:_update_market_data:323 - Failed to update market data for ETH/THB: API Error -1121: Invalid symbol.
2025-09-21 21:19:58 | WARNING  | src.strategies.momentum_strategy:analyze:31 - No historical data for ETH/THB
2025-09-21 21:19:58 | ERROR    | src.bot:_update_performance_metrics:488 - Failed to update performance metrics: DatabaseManager.update_bot_status() takes from 3 to 4 positional arguments but 5 were given
2025-09-21 21:19:59 | ERROR    | src.exchanges.binance_th_exchange:_make_request:106 - API request failed: API Error -1121: Invalid symbol.
2025-09-21 21:19:59 | ERROR    | src.exchanges.binance_th_exchange:get_ticker:161 - Failed to get Binance TH ticker for BTC/THB: API Error -1121: Invalid symbol.
2025-09-21 21:19:59 | ERROR    | src.bot:_update_market_data:323 - Failed to update market data for BTC/THB: API Error -1121: Invalid symbol.
2025-09-21 21:19:59 | WARNING  | src.strategies.grid_strategy:analyze:29 - No historical data for BTC/THB
2025-09-21 21:19:59 | ERROR    | src.bot:_update_performance_metrics:488 - Failed to update performance metrics: DatabaseManager.update_bot_status() takes from 3 to 4 positional arguments but 5 were given
2025-09-21 21:20:14 | INFO     | src.database:update_bot_status:189 - Bot 4de519c6-7379-44d9-8df2-9f4c941d1d3b status updated to running
2025-09-21 21:20:14 | INFO     | src.database:insert_bot_metrics:228 - Bot metrics inserted for 4de519c6-7379-44d9-8df2-9f4c941d1d3b
2025-09-21 21:20:15 | INFO     | src.database:update_bot_status:189 - Bot d670f5bd-d334-4228-bf10-930decd14a31 status updated to running
2025-09-21 21:20:15 | INFO     | src.database:insert_bot_metrics:228 - Bot metrics inserted for d670f5bd-d334-4228-bf10-930decd14a31
2025-09-21 21:20:21 | INFO     | src.database:update_bot_status:189 - Bot 3bd54ecf-276a-4de4-bdc5-891fc5ba8ee0 status updated to running
2025-09-21 21:20:21 | INFO     | src.database:insert_bot_metrics:228 - Bot metrics inserted for 3bd54ecf-276a-4de4-bdc5-891fc5ba8ee0
2025-09-21 21:20:30 | INFO     | src.database:update_bot_status:189 - Bot 3050619d-c54b-49ba-a4f4-e328aba8a227 status updated to running
2025-09-21 21:20:30 | INFO     | src.database:insert_bot_metrics:228 - Bot metrics inserted for 3050619d-c54b-49ba-a4f4-e328aba8a227
2025-09-21 21:20:50 | ERROR    | src.bot:_update_market_data:323 - Failed to update market data for BTC/USDT: module 'pandas' has no attribute 'np'
2025-09-21 21:20:50 | WARNING  | src.strategies.grid_strategy:analyze:29 - No historical data for BTC/USDT
2025-09-21 21:20:50 | ERROR    | src.bot:_update_performance_metrics:488 - Failed to update performance metrics: DatabaseManager.update_bot_status() takes from 3 to 4 positional arguments but 5 were given
2025-09-21 21:20:51 | ERROR    | src.bot:_update_market_data:323 - Failed to update market data for ETH/USDT: module 'pandas' has no attribute 'np'
2025-09-21 21:20:51 | WARNING  | src.strategies.grid_strategy:analyze:29 - No historical data for ETH/USDT
2025-09-21 21:20:51 | ERROR    | src.bot:_update_performance_metrics:488 - Failed to update performance metrics: DatabaseManager.update_bot_status() takes from 3 to 4 positional arguments but 5 were given
2025-09-21 21:20:54 | INFO     | src.database:update_bot_status:189 - Bot 53834af7-09d6-4312-b695-b1858adc10f5 status updated to running
2025-09-21 21:20:54 | INFO     | src.database:insert_bot_metrics:228 - Bot metrics inserted for 53834af7-09d6-4312-b695-b1858adc10f5
2025-09-21 21:20:56 | ERROR    | src.bot:_update_market_data:323 - Failed to update market data for ADA/USDT: module 'pandas' has no attribute 'np'
2025-09-21 21:20:56 | WARNING  | src.strategies.momentum_strategy:analyze:31 - No historical data for ADA/USDT
2025-09-21 21:20:56 | ERROR    | src.bot:_update_performance_metrics:488 - Failed to update performance metrics: DatabaseManager.update_bot_status() takes from 3 to 4 positional arguments but 5 were given
2025-09-21 21:20:59 | ERROR    | src.exchanges.binance_th_exchange:_make_request:106 - API request failed: API Error -1121: Invalid symbol.
2025-09-21 21:20:59 | ERROR    | src.exchanges.binance_th_exchange:get_ticker:161 - Failed to get Binance TH ticker for ETH/THB: API Error -1121: Invalid symbol.
2025-09-21 21:20:59 | ERROR    | src.bot:_update_market_data:323 - Failed to update market data for ETH/THB: API Error -1121: Invalid symbol.
2025-09-21 21:20:59 | WARNING  | src.strategies.momentum_strategy:analyze:31 - No historical data for ETH/THB
2025-09-21 21:20:59 | ERROR    | src.bot:_update_performance_metrics:488 - Failed to update performance metrics: DatabaseManager.update_bot_status() takes from 3 to 4 positional arguments but 5 were given
2025-09-21 21:21:00 | ERROR    | src.exchanges.binance_th_exchange:_make_request:106 - API request failed: API Error -1121: Invalid symbol.
2025-09-21 21:21:00 | ERROR    | src.exchanges.binance_th_exchange:get_ticker:161 - Failed to get Binance TH ticker for BTC/THB: API Error -1121: Invalid symbol.
2025-09-21 21:21:00 | ERROR    | src.bot:_update_market_data:323 - Failed to update market data for BTC/THB: API Error -1121: Invalid symbol.
2025-09-21 21:21:00 | WARNING  | src.strategies.grid_strategy:analyze:29 - No historical data for BTC/THB
2025-09-21 21:21:00 | ERROR    | src.bot:_update_performance_metrics:488 - Failed to update performance metrics: DatabaseManager.update_bot_status() takes from 3 to 4 positional arguments but 5 were given
2025-09-21 21:21:15 | INFO     | src.database:update_bot_status:189 - Bot 4de519c6-7379-44d9-8df2-9f4c941d1d3b status updated to running
2025-09-21 21:21:15 | INFO     | src.database:insert_bot_metrics:228 - Bot metrics inserted for 4de519c6-7379-44d9-8df2-9f4c941d1d3b
2025-09-21 21:21:17 | INFO     | src.database:update_bot_status:189 - Bot d670f5bd-d334-4228-bf10-930decd14a31 status updated to running
2025-09-21 21:21:17 | INFO     | src.database:insert_bot_metrics:228 - Bot metrics inserted for d670f5bd-d334-4228-bf10-930decd14a31
2025-09-21 21:21:23 | INFO     | src.database:update_bot_status:189 - Bot 3bd54ecf-276a-4de4-bdc5-891fc5ba8ee0 status updated to running
2025-09-21 21:21:23 | INFO     | src.database:insert_bot_metrics:228 - Bot metrics inserted for 3bd54ecf-276a-4de4-bdc5-891fc5ba8ee0
2025-09-21 21:21:31 | INFO     | src.database:update_bot_status:189 - Bot 3050619d-c54b-49ba-a4f4-e328aba8a227 status updated to running
2025-09-21 21:21:31 | INFO     | src.database:insert_bot_metrics:228 - Bot metrics inserted for 3050619d-c54b-49ba-a4f4-e328aba8a227
2025-09-21 21:21:52 | ERROR    | src.bot:_update_market_data:323 - Failed to update market data for ETH/USDT: module 'pandas' has no attribute 'np'
2025-09-21 21:21:52 | WARNING  | src.strategies.grid_strategy:analyze:29 - No historical data for ETH/USDT
2025-09-21 21:21:52 | ERROR    | src.bot:_update_performance_metrics:488 - Failed to update performance metrics: DatabaseManager.update_bot_status() takes from 3 to 4 positional arguments but 5 were given
2025-09-21 21:21:52 | ERROR    | src.bot:_update_market_data:323 - Failed to update market data for BTC/USDT: module 'pandas' has no attribute 'np'
2025-09-21 21:21:52 | WARNING  | src.strategies.grid_strategy:analyze:29 - No historical data for BTC/USDT
2025-09-21 21:21:52 | ERROR    | src.bot:_update_performance_metrics:488 - Failed to update performance metrics: DatabaseManager.update_bot_status() takes from 3 to 4 positional arguments but 5 were given
2025-09-21 21:21:56 | INFO     | src.database:update_bot_status:189 - Bot 53834af7-09d6-4312-b695-b1858adc10f5 status updated to running
2025-09-21 21:21:56 | INFO     | src.database:insert_bot_metrics:228 - Bot metrics inserted for 53834af7-09d6-4312-b695-b1858adc10f5
2025-09-21 21:21:57 | ERROR    | src.bot:_update_market_data:323 - Failed to update market data for ADA/USDT: module 'pandas' has no attribute 'np'
2025-09-21 21:21:57 | WARNING  | src.strategies.momentum_strategy:analyze:31 - No historical data for ADA/USDT
2025-09-21 21:21:57 | ERROR    | src.bot:_update_performance_metrics:488 - Failed to update performance metrics: DatabaseManager.update_bot_status() takes from 3 to 4 positional arguments but 5 were given
2025-09-21 21:22:01 | ERROR    | src.exchanges.binance_th_exchange:_make_request:106 - API request failed: API Error -1121: Invalid symbol.
2025-09-21 21:22:01 | ERROR    | src.exchanges.binance_th_exchange:get_ticker:161 - Failed to get Binance TH ticker for ETH/THB: API Error -1121: Invalid symbol.
2025-09-21 21:22:01 | ERROR    | src.bot:_update_market_data:323 - Failed to update market data for ETH/THB: API Error -1121: Invalid symbol.
2025-09-21 21:22:01 | WARNING  | src.strategies.momentum_strategy:analyze:31 - No historical data for ETH/THB
2025-09-21 21:22:01 | ERROR    | src.bot:_update_performance_metrics:488 - Failed to update performance metrics: DatabaseManager.update_bot_status() takes from 3 to 4 positional arguments but 5 were given
2025-09-21 21:22:04 | ERROR    | src.exchanges.binance_th_exchange:_make_request:106 - API request failed: API Error -1121: Invalid symbol.
2025-09-21 21:22:04 | ERROR    | src.exchanges.binance_th_exchange:get_ticker:161 - Failed to get Binance TH ticker for BTC/THB: API Error -1121: Invalid symbol.
2025-09-21 21:22:04 | ERROR    | src.bot:_update_market_data:323 - Failed to update market data for BTC/THB: API Error -1121: Invalid symbol.
2025-09-21 21:22:04 | WARNING  | src.strategies.grid_strategy:analyze:29 - No historical data for BTC/THB
2025-09-21 21:22:04 | ERROR    | src.bot:_update_performance_metrics:488 - Failed to update performance metrics: DatabaseManager.update_bot_status() takes from 3 to 4 positional arguments but 5 were given
2025-09-21 21:22:17 | INFO     | src.database:update_bot_status:189 - Bot 4de519c6-7379-44d9-8df2-9f4c941d1d3b status updated to running
2025-09-21 21:22:17 | INFO     | src.database:insert_bot_metrics:228 - Bot metrics inserted for 4de519c6-7379-44d9-8df2-9f4c941d1d3b
2025-09-21 21:22:18 | INFO     | src.database:update_bot_status:189 - Bot d670f5bd-d334-4228-bf10-930decd14a31 status updated to running
2025-09-21 21:22:18 | INFO     | src.database:insert_bot_metrics:228 - Bot metrics inserted for d670f5bd-d334-4228-bf10-930decd14a31
2025-09-21 21:22:24 | INFO     | src.database:update_bot_status:189 - Bot 3bd54ecf-276a-4de4-bdc5-891fc5ba8ee0 status updated to running
2025-09-21 21:22:24 | INFO     | src.database:insert_bot_metrics:228 - Bot metrics inserted for 3bd54ecf-276a-4de4-bdc5-891fc5ba8ee0
2025-09-21 21:22:33 | INFO     | src.database:update_bot_status:189 - Bot 3050619d-c54b-49ba-a4f4-e328aba8a227 status updated to running
2025-09-21 21:22:33 | INFO     | src.database:insert_bot_metrics:228 - Bot metrics inserted for 3050619d-c54b-49ba-a4f4-e328aba8a227
2025-09-21 21:22:53 | ERROR    | src.bot:_update_market_data:323 - Failed to update market data for ETH/USDT: module 'pandas' has no attribute 'np'
2025-09-21 21:22:53 | WARNING  | src.strategies.grid_strategy:analyze:29 - No historical data for ETH/USDT
2025-09-21 21:22:53 | ERROR    | src.bot:_update_performance_metrics:488 - Failed to update performance metrics: DatabaseManager.update_bot_status() takes from 3 to 4 positional arguments but 5 were given
2025-09-21 21:22:54 | ERROR    | src.bot:_update_market_data:323 - Failed to update market data for BTC/USDT: module 'pandas' has no attribute 'np'
2025-09-21 21:22:54 | WARNING  | src.strategies.grid_strategy:analyze:29 - No historical data for BTC/USDT
2025-09-21 21:22:54 | ERROR    | src.bot:_update_performance_metrics:488 - Failed to update performance metrics: DatabaseManager.update_bot_status() takes from 3 to 4 positional arguments but 5 were given
2025-09-21 21:22:57 | INFO     | src.database:update_bot_status:189 - Bot 53834af7-09d6-4312-b695-b1858adc10f5 status updated to running
2025-09-21 21:22:58 | INFO     | src.database:insert_bot_metrics:228 - Bot metrics inserted for 53834af7-09d6-4312-b695-b1858adc10f5
2025-09-21 21:22:58 | ERROR    | src.bot:_update_market_data:323 - Failed to update market data for ADA/USDT: module 'pandas' has no attribute 'np'
2025-09-21 21:22:58 | WARNING  | src.strategies.momentum_strategy:analyze:31 - No historical data for ADA/USDT
2025-09-21 21:22:58 | ERROR    | src.bot:_update_performance_metrics:488 - Failed to update performance metrics: DatabaseManager.update_bot_status() takes from 3 to 4 positional arguments but 5 were given
2025-09-21 21:23:02 | ERROR    | src.exchanges.binance_th_exchange:_make_request:106 - API request failed: API Error -1121: Invalid symbol.
2025-09-21 21:23:02 | ERROR    | src.exchanges.binance_th_exchange:get_ticker:161 - Failed to get Binance TH ticker for ETH/THB: API Error -1121: Invalid symbol.
2025-09-21 21:23:02 | ERROR    | src.bot:_update_market_data:323 - Failed to update market data for ETH/THB: API Error -1121: Invalid symbol.
2025-09-21 21:23:02 | WARNING  | src.strategies.momentum_strategy:analyze:31 - No historical data for ETH/THB
2025-09-21 21:23:02 | ERROR    | src.bot:_update_performance_metrics:488 - Failed to update performance metrics: DatabaseManager.update_bot_status() takes from 3 to 4 positional arguments but 5 were given
2025-09-21 21:23:05 | ERROR    | src.exchanges.binance_th_exchange:_make_request:106 - API request failed: API Error -1121: Invalid symbol.
2025-09-21 21:23:05 | ERROR    | src.exchanges.binance_th_exchange:get_ticker:161 - Failed to get Binance TH ticker for BTC/THB: API Error -1121: Invalid symbol.
2025-09-21 21:23:05 | ERROR    | src.bot:_update_market_data:323 - Failed to update market data for BTC/THB: API Error -1121: Invalid symbol.
2025-09-21 21:23:05 | WARNING  | src.strategies.grid_strategy:analyze:29 - No historical data for BTC/THB
2025-09-21 21:23:05 | ERROR    | src.bot:_update_performance_metrics:488 - Failed to update performance metrics: DatabaseManager.update_bot_status() takes from 3 to 4 positional arguments but 5 were given
2025-09-21 21:23:19 | INFO     | src.database:update_bot_status:189 - Bot 4de519c6-7379-44d9-8df2-9f4c941d1d3b status updated to running
2025-09-21 21:23:19 | INFO     | src.database:insert_bot_metrics:228 - Bot metrics inserted for 4de519c6-7379-44d9-8df2-9f4c941d1d3b
2025-09-21 21:23:21 | INFO     | src.database:update_bot_status:189 - Bot d670f5bd-d334-4228-bf10-930decd14a31 status updated to running
2025-09-21 21:23:21 | INFO     | src.database:insert_bot_metrics:228 - Bot metrics inserted for d670f5bd-d334-4228-bf10-930decd14a31
2025-09-21 21:23:26 | INFO     | src.database:update_bot_status:189 - Bot 3bd54ecf-276a-4de4-bdc5-891fc5ba8ee0 status updated to running
2025-09-21 21:23:26 | INFO     | src.database:insert_bot_metrics:228 - Bot metrics inserted for 3bd54ecf-276a-4de4-bdc5-891fc5ba8ee0
2025-09-21 21:23:34 | INFO     | src.bot:_execute_signal:346 - Executing sell signal for ADA/USDT at $0.8878
2025-09-21 21:23:35 | ERROR    | src.exchanges.binance_exchange:get_balance:69 - Failed to get Binance balance: binance {"code":-2014,"msg":"API-key format invalid."}
2025-09-21 21:23:36 | ERROR    | src.exchanges.binance_exchange:place_order:119 - Failed to place Binance order: binance {"code":-2014,"msg":"API-key format invalid."}
2025-09-21 21:23:36 | ERROR    | src.bot:_execute_signal:397 - Failed to execute signal for ADA/USDT: binance {"code":-2014,"msg":"API-key format invalid."}
2025-09-21 21:23:36 | INFO     | src.database:update_bot_status:189 - Bot 3050619d-c54b-49ba-a4f4-e328aba8a227 status updated to running
2025-09-21 21:23:36 | INFO     | src.database:insert_bot_metrics:228 - Bot metrics inserted for 3050619d-c54b-49ba-a4f4-e328aba8a227
2025-09-21 21:23:54 | ERROR    | src.bot:_update_market_data:323 - Failed to update market data for ETH/USDT: module 'pandas' has no attribute 'np'
2025-09-21 21:23:54 | WARNING  | src.strategies.grid_strategy:analyze:29 - No historical data for ETH/USDT
2025-09-21 21:23:54 | ERROR    | src.bot:_update_performance_metrics:488 - Failed to update performance metrics: DatabaseManager.update_bot_status() takes from 3 to 4 positional arguments but 5 were given
2025-09-21 21:23:55 | ERROR    | src.bot:_update_market_data:323 - Failed to update market data for BTC/USDT: module 'pandas' has no attribute 'np'
2025-09-21 21:23:55 | WARNING  | src.strategies.grid_strategy:analyze:29 - No historical data for BTC/USDT
2025-09-21 21:23:55 | ERROR    | src.bot:_update_performance_metrics:488 - Failed to update performance metrics: DatabaseManager.update_bot_status() takes from 3 to 4 positional arguments but 5 were given
2025-09-21 21:23:59 | INFO     | src.database:update_bot_status:189 - Bot 53834af7-09d6-4312-b695-b1858adc10f5 status updated to running
2025-09-21 21:23:59 | INFO     | src.database:insert_bot_metrics:228 - Bot metrics inserted for 53834af7-09d6-4312-b695-b1858adc10f5
2025-09-21 21:24:00 | ERROR    | src.bot:_update_market_data:323 - Failed to update market data for ADA/USDT: module 'pandas' has no attribute 'np'
2025-09-21 21:24:00 | WARNING  | src.strategies.momentum_strategy:analyze:31 - No historical data for ADA/USDT
2025-09-21 21:24:00 | ERROR    | src.bot:_update_performance_metrics:488 - Failed to update performance metrics: DatabaseManager.update_bot_status() takes from 3 to 4 positional arguments but 5 were given
2025-09-21 21:24:03 | ERROR    | src.exchanges.binance_th_exchange:_make_request:106 - API request failed: API Error -1121: Invalid symbol.
2025-09-21 21:24:03 | ERROR    | src.exchanges.binance_th_exchange:get_ticker:161 - Failed to get Binance TH ticker for ETH/THB: API Error -1121: Invalid symbol.
2025-09-21 21:24:03 | ERROR    | src.bot:_update_market_data:323 - Failed to update market data for ETH/THB: API Error -1121: Invalid symbol.
2025-09-21 21:24:03 | WARNING  | src.strategies.momentum_strategy:analyze:31 - No historical data for ETH/THB
2025-09-21 21:24:03 | ERROR    | src.bot:_update_performance_metrics:488 - Failed to update performance metrics: DatabaseManager.update_bot_status() takes from 3 to 4 positional arguments but 5 were given
2025-09-21 21:24:06 | ERROR    | src.exchanges.binance_th_exchange:_make_request:106 - API request failed: API Error -1121: Invalid symbol.
2025-09-21 21:24:06 | ERROR    | src.exchanges.binance_th_exchange:get_ticker:161 - Failed to get Binance TH ticker for BTC/THB: API Error -1121: Invalid symbol.
2025-09-21 21:24:06 | ERROR    | src.bot:_update_market_data:323 - Failed to update market data for BTC/THB: API Error -1121: Invalid symbol.
2025-09-21 21:24:06 | WARNING  | src.strategies.grid_strategy:analyze:29 - No historical data for BTC/THB
2025-09-21 21:24:06 | ERROR    | src.bot:_update_performance_metrics:488 - Failed to update performance metrics: DatabaseManager.update_bot_status() takes from 3 to 4 positional arguments but 5 were given
2025-09-21 21:24:21 | INFO     | src.database:update_bot_status:189 - Bot 4de519c6-7379-44d9-8df2-9f4c941d1d3b status updated to running
2025-09-21 21:24:21 | INFO     | src.database:insert_bot_metrics:228 - Bot metrics inserted for 4de519c6-7379-44d9-8df2-9f4c941d1d3b
2025-09-21 21:24:23 | INFO     | src.database:update_bot_status:189 - Bot d670f5bd-d334-4228-bf10-930decd14a31 status updated to running
2025-09-21 21:24:23 | INFO     | src.database:insert_bot_metrics:228 - Bot metrics inserted for d670f5bd-d334-4228-bf10-930decd14a31
2025-09-21 21:24:28 | INFO     | src.database:update_bot_status:189 - Bot 3bd54ecf-276a-4de4-bdc5-891fc5ba8ee0 status updated to running
2025-09-21 21:24:28 | INFO     | src.database:insert_bot_metrics:228 - Bot metrics inserted for 3bd54ecf-276a-4de4-bdc5-891fc5ba8ee0
2025-09-21 21:24:37 | INFO     | src.bot:_execute_signal:346 - Executing sell signal for ADA/USDT at $0.8878
2025-09-21 21:24:38 | ERROR    | src.exchanges.binance_exchange:get_balance:69 - Failed to get Binance balance: binance {"code":-2014,"msg":"API-key format invalid."}
2025-09-21 21:24:38 | ERROR    | src.exchanges.binance_exchange:place_order:119 - Failed to place Binance order: binance {"code":-2014,"msg":"API-key format invalid."}
2025-09-21 21:24:38 | ERROR    | src.bot:_execute_signal:397 - Failed to execute signal for ADA/USDT: binance {"code":-2014,"msg":"API-key format invalid."}
2025-09-21 21:24:38 | INFO     | src.database:update_bot_status:189 - Bot 3050619d-c54b-49ba-a4f4-e328aba8a227 status updated to running
2025-09-21 21:24:38 | INFO     | src.database:insert_bot_metrics:228 - Bot metrics inserted for 3050619d-c54b-49ba-a4f4-e328aba8a227
2025-09-21 21:24:56 | ERROR    | src.bot:_update_market_data:323 - Failed to update market data for ETH/USDT: module 'pandas' has no attribute 'np'
2025-09-21 21:24:56 | WARNING  | src.strategies.grid_strategy:analyze:29 - No historical data for ETH/USDT
2025-09-21 21:24:56 | ERROR    | src.bot:_update_performance_metrics:488 - Failed to update performance metrics: DatabaseManager.update_bot_status() takes from 3 to 4 positional arguments but 5 were given
2025-09-21 21:24:56 | ERROR    | src.bot:_update_market_data:323 - Failed to update market data for BTC/USDT: module 'pandas' has no attribute 'np'
2025-09-21 21:24:56 | WARNING  | src.strategies.grid_strategy:analyze:29 - No historical data for BTC/USDT
2025-09-21 21:24:56 | ERROR    | src.bot:_update_performance_metrics:488 - Failed to update performance metrics: DatabaseManager.update_bot_status() takes from 3 to 4 positional arguments but 5 were given
2025-09-21 21:25:01 | ERROR    | src.bot:_update_market_data:323 - Failed to update market data for ADA/USDT: module 'pandas' has no attribute 'np'
2025-09-21 21:25:01 | WARNING  | src.strategies.momentum_strategy:analyze:31 - No historical data for ADA/USDT
2025-09-21 21:25:01 | ERROR    | src.bot:_update_performance_metrics:488 - Failed to update performance metrics: DatabaseManager.update_bot_status() takes from 3 to 4 positional arguments but 5 were given
2025-09-21 21:25:02 | INFO     | src.bot:_execute_signal:346 - Executing buy signal for ETH/USDT at $4478.2000
2025-09-21 21:25:03 | ERROR    | src.exchanges.binance_th_exchange:_make_request:106 - API request failed: API Error -1111: Parameter 'quantity' has too much precision.
2025-09-21 21:25:03 | ERROR    | src.exchanges.binance_th_exchange:place_order:211 - Failed to place order on Binance TH: API Error -1111: Parameter 'quantity' has too much precision.
2025-09-21 21:25:03 | ERROR    | src.bot:_execute_signal:397 - Failed to execute signal for ETH/USDT: API Error -1111: Parameter 'quantity' has too much precision.
2025-09-21 21:25:03 | INFO     | src.database:update_bot_status:189 - Bot 53834af7-09d6-4312-b695-b1858adc10f5 status updated to running
2025-09-21 21:25:04 | INFO     | src.database:insert_bot_metrics:228 - Bot metrics inserted for 53834af7-09d6-4312-b695-b1858adc10f5
2025-09-21 21:25:05 | ERROR    | src.exchanges.binance_th_exchange:_make_request:106 - API request failed: API Error -1121: Invalid symbol.
2025-09-21 21:25:05 | ERROR    | src.exchanges.binance_th_exchange:get_ticker:161 - Failed to get Binance TH ticker for ETH/THB: API Error -1121: Invalid symbol.
2025-09-21 21:25:05 | ERROR    | src.bot:_update_market_data:323 - Failed to update market data for ETH/THB: API Error -1121: Invalid symbol.
2025-09-21 21:25:05 | WARNING  | src.strategies.momentum_strategy:analyze:31 - No historical data for ETH/THB
2025-09-21 21:25:05 | ERROR    | src.bot:_update_performance_metrics:488 - Failed to update performance metrics: DatabaseManager.update_bot_status() takes from 3 to 4 positional arguments but 5 were given
2025-09-21 21:25:08 | ERROR    | src.exchanges.binance_th_exchange:_make_request:106 - API request failed: API Error -1121: Invalid symbol.
2025-09-21 21:25:08 | ERROR    | src.exchanges.binance_th_exchange:get_ticker:161 - Failed to get Binance TH ticker for BTC/THB: API Error -1121: Invalid symbol.
2025-09-21 21:25:08 | ERROR    | src.bot:_update_market_data:323 - Failed to update market data for BTC/THB: API Error -1121: Invalid symbol.
2025-09-21 21:25:08 | WARNING  | src.strategies.grid_strategy:analyze:29 - No historical data for BTC/THB
2025-09-21 21:25:08 | ERROR    | src.bot:_update_performance_metrics:488 - Failed to update performance metrics: DatabaseManager.update_bot_status() takes from 3 to 4 positional arguments but 5 were given
2025-09-21 21:25:22 | INFO     | src.database:update_bot_status:189 - Bot 4de519c6-7379-44d9-8df2-9f4c941d1d3b status updated to running
2025-09-21 21:25:22 | INFO     | src.database:insert_bot_metrics:228 - Bot metrics inserted for 4de519c6-7379-44d9-8df2-9f4c941d1d3b
2025-09-21 21:25:24 | INFO     | src.database:update_bot_status:189 - Bot d670f5bd-d334-4228-bf10-930decd14a31 status updated to running
2025-09-21 21:25:25 | INFO     | src.database:insert_bot_metrics:228 - Bot metrics inserted for d670f5bd-d334-4228-bf10-930decd14a31
2025-09-21 21:25:29 | INFO     | src.database:update_bot_status:189 - Bot 3bd54ecf-276a-4de4-bdc5-891fc5ba8ee0 status updated to running
2025-09-21 21:25:29 | INFO     | src.database:insert_bot_metrics:228 - Bot metrics inserted for 3bd54ecf-276a-4de4-bdc5-891fc5ba8ee0
2025-09-21 21:25:40 | INFO     | src.bot:_execute_signal:346 - Executing sell signal for ADA/USDT at $0.8871
2025-09-21 21:25:40 | ERROR    | src.exchanges.binance_exchange:get_balance:69 - Failed to get Binance balance: binance {"code":-2014,"msg":"API-key format invalid."}
2025-09-21 21:25:41 | ERROR    | src.exchanges.binance_exchange:place_order:119 - Failed to place Binance order: binance {"code":-2014,"msg":"API-key format invalid."}
2025-09-21 21:25:41 | ERROR    | src.bot:_execute_signal:397 - Failed to execute signal for ADA/USDT: binance {"code":-2014,"msg":"API-key format invalid."}
2025-09-21 21:25:41 | INFO     | src.database:update_bot_status:189 - Bot 3050619d-c54b-49ba-a4f4-e328aba8a227 status updated to running
2025-09-21 21:25:41 | INFO     | src.database:insert_bot_metrics:228 - Bot metrics inserted for 3050619d-c54b-49ba-a4f4-e328aba8a227
2025-09-21 21:25:57 | ERROR    | src.bot:_update_market_data:323 - Failed to update market data for ETH/USDT: module 'pandas' has no attribute 'np'
2025-09-21 21:25:57 | WARNING  | src.strategies.grid_strategy:analyze:29 - No historical data for ETH/USDT
2025-09-21 21:25:57 | ERROR    | src.bot:_update_performance_metrics:488 - Failed to update performance metrics: DatabaseManager.update_bot_status() takes from 3 to 4 positional arguments but 5 were given
2025-09-21 21:25:57 | ERROR    | src.bot:_update_market_data:323 - Failed to update market data for BTC/USDT: module 'pandas' has no attribute 'np'
2025-09-21 21:25:57 | WARNING  | src.strategies.grid_strategy:analyze:29 - No historical data for BTC/USDT
2025-09-21 21:25:57 | ERROR    | src.bot:_update_performance_metrics:488 - Failed to update performance metrics: DatabaseManager.update_bot_status() takes from 3 to 4 positional arguments but 5 were given
2025-09-21 21:26:03 | ERROR    | src.bot:_update_market_data:323 - Failed to update market data for ADA/USDT: module 'pandas' has no attribute 'np'
2025-09-21 21:26:03 | WARNING  | src.strategies.momentum_strategy:analyze:31 - No historical data for ADA/USDT
2025-09-21 21:26:03 | ERROR    | src.bot:_update_performance_metrics:488 - Failed to update performance metrics: DatabaseManager.update_bot_status() takes from 3 to 4 positional arguments but 5 were given
2025-09-21 21:26:06 | INFO     | src.database:update_bot_status:189 - Bot 53834af7-09d6-4312-b695-b1858adc10f5 status updated to running
2025-09-21 21:26:06 | INFO     | src.database:insert_bot_metrics:228 - Bot metrics inserted for 53834af7-09d6-4312-b695-b1858adc10f5
2025-09-21 21:26:06 | ERROR    | src.exchanges.binance_th_exchange:_make_request:106 - API request failed: API Error -1121: Invalid symbol.
2025-09-21 21:26:06 | ERROR    | src.exchanges.binance_th_exchange:get_ticker:161 - Failed to get Binance TH ticker for ETH/THB: API Error -1121: Invalid symbol.
2025-09-21 21:26:06 | ERROR    | src.bot:_update_market_data:323 - Failed to update market data for ETH/THB: API Error -1121: Invalid symbol.
2025-09-21 21:26:06 | WARNING  | src.strategies.momentum_strategy:analyze:31 - No historical data for ETH/THB
2025-09-21 21:26:06 | ERROR    | src.bot:_update_performance_metrics:488 - Failed to update performance metrics: DatabaseManager.update_bot_status() takes from 3 to 4 positional arguments but 5 were given
2025-09-21 21:26:10 | ERROR    | src.exchanges.binance_th_exchange:_make_request:106 - API request failed: API Error -1121: Invalid symbol.
2025-09-21 21:26:10 | ERROR    | src.exchanges.binance_th_exchange:get_ticker:161 - Failed to get Binance TH ticker for BTC/THB: API Error -1121: Invalid symbol.
2025-09-21 21:26:10 | ERROR    | src.bot:_update_market_data:323 - Failed to update market data for BTC/THB: API Error -1121: Invalid symbol.
2025-09-21 21:26:10 | WARNING  | src.strategies.grid_strategy:analyze:29 - No historical data for BTC/THB
2025-09-21 21:26:10 | ERROR    | src.bot:_update_performance_metrics:488 - Failed to update performance metrics: DatabaseManager.update_bot_status() takes from 3 to 4 positional arguments but 5 were given
2025-09-21 21:26:24 | INFO     | src.database:update_bot_status:189 - Bot 4de519c6-7379-44d9-8df2-9f4c941d1d3b status updated to running
2025-09-21 21:26:24 | INFO     | src.database:insert_bot_metrics:228 - Bot metrics inserted for 4de519c6-7379-44d9-8df2-9f4c941d1d3b
2025-09-21 21:26:26 | INFO     | src.database:update_bot_status:189 - Bot d670f5bd-d334-4228-bf10-930decd14a31 status updated to running
2025-09-21 21:26:26 | INFO     | src.database:insert_bot_metrics:228 - Bot metrics inserted for d670f5bd-d334-4228-bf10-930decd14a31
2025-09-21 21:26:30 | INFO     | src.database:update_bot_status:189 - Bot 3bd54ecf-276a-4de4-bdc5-891fc5ba8ee0 status updated to running
2025-09-21 21:26:30 | INFO     | src.database:insert_bot_metrics:228 - Bot metrics inserted for 3bd54ecf-276a-4de4-bdc5-891fc5ba8ee0
2025-09-21 21:26:43 | INFO     | src.database:update_bot_status:189 - Bot 3050619d-c54b-49ba-a4f4-e328aba8a227 status updated to running
2025-09-21 21:26:43 | INFO     | src.database:insert_bot_metrics:228 - Bot metrics inserted for 3050619d-c54b-49ba-a4f4-e328aba8a227
2025-09-21 21:26:59 | ERROR    | src.bot:_update_market_data:323 - Failed to update market data for BTC/USDT: module 'pandas' has no attribute 'np'
2025-09-21 21:26:59 | WARNING  | src.strategies.grid_strategy:analyze:29 - No historical data for BTC/USDT
2025-09-21 21:26:59 | ERROR    | src.bot:_update_performance_metrics:488 - Failed to update performance metrics: DatabaseManager.update_bot_status() takes from 3 to 4 positional arguments but 5 were given
2025-09-21 21:26:59 | ERROR    | src.bot:_update_market_data:323 - Failed to update market data for ETH/USDT: module 'pandas' has no attribute 'np'
2025-09-21 21:26:59 | WARNING  | src.strategies.grid_strategy:analyze:29 - No historical data for ETH/USDT
2025-09-21 21:26:59 | ERROR    | src.bot:_update_performance_metrics:488 - Failed to update performance metrics: DatabaseManager.update_bot_status() takes from 3 to 4 positional arguments but 5 were given
2025-09-21 21:27:04 | ERROR    | src.bot:_update_market_data:323 - Failed to update market data for ADA/USDT: module 'pandas' has no attribute 'np'
2025-09-21 21:27:04 | WARNING  | src.strategies.momentum_strategy:analyze:31 - No historical data for ADA/USDT
2025-09-21 21:27:04 | ERROR    | src.bot:_update_performance_metrics:488 - Failed to update performance metrics: DatabaseManager.update_bot_status() takes from 3 to 4 positional arguments but 5 were given
2025-09-21 21:27:07 | ERROR    | src.exchanges.binance_th_exchange:_make_request:106 - API request failed: API Error -1121: Invalid symbol.
2025-09-21 21:27:07 | ERROR    | src.exchanges.binance_th_exchange:get_ticker:161 - Failed to get Binance TH ticker for ETH/THB: API Error -1121: Invalid symbol.
2025-09-21 21:27:07 | ERROR    | src.bot:_update_market_data:323 - Failed to update market data for ETH/THB: API Error -1121: Invalid symbol.
2025-09-21 21:27:07 | WARNING  | src.strategies.momentum_strategy:analyze:31 - No historical data for ETH/THB
2025-09-21 21:27:07 | ERROR    | src.bot:_update_performance_metrics:488 - Failed to update performance metrics: DatabaseManager.update_bot_status() takes from 3 to 4 positional arguments but 5 were given
2025-09-21 21:27:07 | INFO     | src.database:update_bot_status:189 - Bot 53834af7-09d6-4312-b695-b1858adc10f5 status updated to running
2025-09-21 21:27:07 | INFO     | src.database:insert_bot_metrics:228 - Bot metrics inserted for 53834af7-09d6-4312-b695-b1858adc10f5
2025-09-21 21:27:11 | ERROR    | src.exchanges.binance_th_exchange:_make_request:106 - API request failed: API Error -1121: Invalid symbol.
2025-09-21 21:27:11 | ERROR    | src.exchanges.binance_th_exchange:get_ticker:161 - Failed to get Binance TH ticker for BTC/THB: API Error -1121: Invalid symbol.
2025-09-21 21:27:11 | ERROR    | src.bot:_update_market_data:323 - Failed to update market data for BTC/THB: API Error -1121: Invalid symbol.
2025-09-21 21:27:11 | WARNING  | src.strategies.grid_strategy:analyze:29 - No historical data for BTC/THB
2025-09-21 21:27:11 | ERROR    | src.bot:_update_performance_metrics:488 - Failed to update performance metrics: DatabaseManager.update_bot_status() takes from 3 to 4 positional arguments but 5 were given
2025-09-21 21:27:25 | INFO     | src.database:update_bot_status:189 - Bot 4de519c6-7379-44d9-8df2-9f4c941d1d3b status updated to running
2025-09-21 21:27:25 | INFO     | src.database:insert_bot_metrics:228 - Bot metrics inserted for 4de519c6-7379-44d9-8df2-9f4c941d1d3b
2025-09-21 21:27:27 | INFO     | src.database:update_bot_status:189 - Bot d670f5bd-d334-4228-bf10-930decd14a31 status updated to running
2025-09-21 21:27:27 | INFO     | src.database:insert_bot_metrics:228 - Bot metrics inserted for d670f5bd-d334-4228-bf10-930decd14a31
